{"type":"Topology","arcs":[[[172103,172404],[165,73],[92,-73],[-7,-46],[29,-5],[-16,-107],[-317,59],[16,83],[38,16]],[[169998,168906],[46,36],[53,-66],[123,-2],[14,-17],[-14,13],[-46,-36],[38,-16],[-299,-235],[14,-27],[256,203],[109,-12],[76,-97],[-117,-59],[-291,-231],[18,-20],[33,22],[-56,-41],[19,17],[-15,21],[-110,-100],[-119,143],[158,122],[-15,19],[-49,-29],[-59,70],[-216,-168],[38,-54],[-113,135],[524,409]],[[171271,168903],[140,219],[93,-127],[-19,-68],[-178,-159],[-66,83],[-14,-23],[20,-16],[-22,16],[46,75]],[[172229,171606],[-140,142],[136,-124],[73,-22],[188,5],[27,-108],[-17,-35],[-29,21],[-199,-1],[-39,122]],[[172712,171987],[63,-30],[35,-209],[-128,-67],[-145,-38],[-21,64],[-142,1],[-40,58],[102,88],[-34,38],[-109,-92],[-81,-2],[-27,-41],[26,40],[0,112],[40,19],[36,-4],[14,25],[155,66],[109,-35],[114,22],[33,-15]],[[172009,171983],[-68,5],[-84,144],[90,131],[280,-51],[67,-52],[-105,-125],[-17,12],[-24,-27],[18,-12],[-34,-42],[-123,17]],[[172333,172864],[77,80],[170,68],[82,100],[208,97],[26,54],[-35,127],[30,67],[98,11],[76,-19],[-25,48],[20,242],[-10,18],[-35,-7],[-5,141],[-61,-35],[-25,30],[4,102],[-32,32],[-47,3],[21,139],[-33,115],[-21,5],[-10,83],[18,-4],[-22,22],[21,8],[-60,13],[-60,75],[5,27],[-45,4],[-36,76],[-68,-18],[-106,253],[2,45],[99,132],[14,139],[-103,245],[98,-1],[102,69],[-17,79],[64,141],[-10,36],[48,75],[48,221],[40,13],[27,97],[-31,28],[-107,-62],[-37,-53],[-33,9],[23,58],[-72,163],[-100,7],[-18,40],[69,37],[24,49],[126,41],[66,61],[168,-10],[72,-32],[95,6],[37,43],[-3,56],[35,30],[-19,41],[-85,-40],[-54,46],[-63,11],[-47,76],[-104,79],[-43,-39],[-77,17],[-200,-67],[-14,128],[-99,-29],[-11,27],[36,22],[-7,20],[-34,20],[30,-25],[-8,-20],[-204,28],[-50,-50],[-53,43],[-13,112],[-68,83],[-67,-13],[-26,18],[-40,-46],[-74,44],[-100,-28],[-85,132],[-73,40],[-36,-7],[-17,41],[50,78],[11,114],[138,57],[-97,128],[19,27],[-5,144],[-28,54],[44,40],[-18,84],[33,77],[-15,132],[-78,35],[-68,-25],[-60,8],[-46,111],[-40,40],[-46,1],[108,136],[48,-9],[101,47],[16,85],[131,-18],[31,-59],[82,-40],[50,21]],[[171835,178515],[68,-21],[54,-81],[27,-184],[-38,-61],[9,-29],[-32,-29],[56,-164],[102,19],[68,-43],[48,31],[80,-64],[90,78],[118,-139],[37,-13],[172,94],[93,-4],[34,-32],[76,-15],[53,-50],[109,-2],[157,-110],[147,5],[15,-38],[55,-4],[27,-41],[57,-15],[0,-23],[-77,-31],[-59,-63],[59,-104],[11,-133],[37,12],[-65,-66],[13,46],[-48,-33],[-24,8],[-11,-46],[46,-32],[12,-50],[27,-3],[-85,-121],[102,-56],[26,-73],[54,-15],[74,8],[62,82],[92,-42],[52,5],[6,-117],[31,-56],[53,1],[54,-75],[181,-57],[-28,-80],[72,-85],[39,36],[61,-11],[13,29],[54,-49],[103,39],[160,-25],[122,98],[-3,237],[-128,33],[-62,-38],[-36,-60],[-26,6],[38,65],[-12,81],[-32,-13],[-5,-58],[-46,-44],[3,-40],[-22,30],[18,41],[-19,24],[71,82],[-16,44],[27,117],[45,-13],[28,31],[140,18],[-4,76],[-65,6],[-32,48],[-5,96],[25,23],[105,51],[31,39],[31,-11],[61,-144],[44,-19],[33,59],[36,-9],[84,34],[58,-31],[77,31],[75,-212],[-30,-9],[-5,-78],[-49,-99],[19,-12],[-34,-33],[23,-36],[-30,8],[-3,-40],[-32,-2],[-31,-74],[-38,16],[-57,-126],[219,-11],[118,119],[53,-22],[22,24],[50,-6],[52,-59],[27,17],[59,-23],[29,-50],[63,-40],[19,-85],[37,-42],[-3,-18],[-69,11],[3,-119],[72,1],[109,-93],[34,18],[-2,-46],[40,36],[124,-82],[-9,-71],[26,4],[37,-91],[41,-28],[-38,-106],[32,-13],[18,-47],[-19,-81],[124,-61],[4,-122],[47,-8],[-58,-71],[59,-133],[102,56],[75,-40],[34,-43],[12,-86],[64,-56],[117,-237],[116,-14],[35,-41],[41,-129],[110,-135],[0,-80],[-36,-78],[-38,-8],[-16,-36],[18,-44],[-117,-93],[-51,-77]],[[176772,174177],[-28,-35],[-81,-22],[-71,89],[-51,23],[-30,-16],[1,-48],[-44,-81],[47,-15],[-22,-83],[25,-203],[-49,-87],[-64,37],[-56,-19],[16,-64],[-33,-33],[53,-225],[49,-98],[-83,-46],[-146,-155],[-83,-15],[-118,-143],[1,-187],[69,-93],[8,-108],[-105,-176],[-22,-156],[-71,-97],[21,-37],[-7,-82],[-37,-60],[4,-71],[-25,-4],[31,-38],[-3,-62],[-59,-103],[-16,-109],[18,-26],[-32,-53],[-80,-26],[-12,-35],[43,-74],[129,-24],[118,32],[64,-32],[-12,-32],[43,-95],[-4,-44],[21,-1],[-29,-32],[64,-70],[-15,-40],[-71,-46],[-55,5],[-12,-76],[32,-74],[-117,-49],[-105,-87],[5,-95],[-40,-40],[29,-4],[-9,-73],[-76,-83],[46,-44],[81,41],[39,-225],[54,-10],[21,25],[31,-5],[99,-89],[-19,-46],[24,-204],[-22,-19],[13,-32],[-53,-62],[73,-54],[30,-171],[59,-57],[-7,-45],[-42,-39],[30,-67],[-20,-245],[7,-81],[63,-74],[-9,-56],[-74,-98],[7,-66],[-35,-84],[-92,-111],[-49,14],[-62,-58],[27,-15],[-1,-59],[45,-81],[51,-18],[58,21],[39,-75],[-56,-59],[2,-87],[-171,-47],[-16,-65],[-42,-30],[-68,-124],[-50,-10]],[[175701,167770],[-167,4],[-1,-21],[-36,-11],[-227,49],[-86,-128],[-129,11],[-41,45],[-51,5],[-37,-81],[-26,-9],[-139,34],[-82,-14],[-60,-65],[-43,-18],[-39,13],[-48,-39],[-120,-159],[-43,2],[-58,-50],[-106,15],[-71,-88],[-121,-27],[-60,-80],[-189,-146],[-57,-1],[-18,27],[35,50],[-35,63],[18,26],[-26,57],[-41,2],[-14,33],[-109,49],[-63,121],[-84,-76],[-25,-79],[-72,-7],[-90,-89],[-34,15],[-79,-15],[-57,41],[-161,-41],[-87,21],[-91,-47],[-28,-77],[-27,-17],[-115,-3],[-57,35],[-48,-1],[-47,-130],[-89,-22],[-29,-34],[-82,42],[-42,-12],[-18,-51],[-89,-11],[-67,42],[-57,-14],[-43,16],[-79,-36],[-49,67],[-47,6],[-134,-47],[-51,74],[-54,3],[12,-95],[-65,-62],[-90,-30],[36,-114],[-87,39],[-178,-90],[-102,2],[9,-50],[-29,-97],[-126,-87],[-28,8],[-48,83],[-22,137],[-48,74],[-146,-96],[-146,9],[-52,51],[-124,-21],[-186,-174],[-145,-45],[-74,66],[-53,1],[-107,52],[6,-88],[-58,-79],[11,-157],[-88,-3],[-32,-33],[-64,9],[-29,-61],[-26,6],[-40,-34],[-8,-37],[-173,29],[-68,-11],[-131,-46],[-50,-46],[-20,7],[34,103],[-111,45],[-47,-55],[-51,24],[-42,-136],[-75,-17],[-76,81],[-67,-60],[-53,-12],[-43,22],[-34,-42],[-56,108],[17,90],[-100,29],[-38,56],[7,86],[-33,34],[134,149],[-5,45],[-37,20],[2,21],[-86,-53],[-61,69]],[[167989,166616],[24,30],[-36,17],[87,-6],[59,87],[181,44],[39,-24],[26,30],[31,-51],[-22,63],[50,26],[37,-18],[45,28],[35,-47],[-41,-42],[135,-46],[113,91],[-24,35],[38,11],[55,82],[148,4],[67,56],[2,26],[29,-24],[128,92],[43,-32],[-43,30],[-47,-53],[140,-14],[131,41],[87,60],[14,-28],[43,37],[157,23],[98,72],[56,74],[-14,9],[40,20],[135,194],[28,-12],[-21,22],[33,14],[76,136],[34,-1],[103,98],[-23,-44],[27,28],[-1,-18],[47,-9],[153,179],[-7,-32],[16,16],[41,-23],[2,34],[-29,-11],[21,50],[33,3],[48,76],[64,-38],[10,30],[-32,53],[96,96],[23,127],[104,12],[111,117],[-52,-58],[43,-39],[43,63],[-25,-38],[40,21],[-6,18],[21,20],[-18,-20],[9,-11],[26,26],[8,-39],[24,16],[-14,25],[31,-18],[-7,34],[-75,59],[56,66],[69,-45],[-29,-35],[30,-22],[76,89],[-101,50],[55,65],[81,-54],[91,161],[-5,35],[91,69],[39,-32],[52,62],[26,98],[18,-12],[-22,-85],[25,-15],[98,171],[-26,17],[-18,-26],[-51,32],[121,152],[18,-26],[-26,-67],[20,-13],[27,40],[63,-11],[29,64],[-65,1],[-50,98],[32,49],[110,-72],[-8,-24],[31,-24],[9,18],[-17,20],[25,49],[-71,43],[9,36],[49,-16],[18,65],[-98,61],[30,66],[-31,38],[15,112],[102,120],[-28,24],[-16,-24],[-115,100],[153,241],[-95,-152],[118,-51],[32,98],[32,-108],[139,223],[63,62],[93,193],[-29,83],[31,-79],[49,104],[3,144],[-84,-48],[84,49],[-105,587],[187,-102],[71,-391],[119,17],[-46,308],[111,-53],[4,-61],[98,4],[44,-253],[114,-30],[5,16],[-54,24],[27,114],[57,14],[16,-51],[14,49],[-82,23],[-21,106],[67,-19],[52,17],[69,-37],[28,13],[7,42],[-42,0],[13,-25],[-207,66],[43,46],[138,-43],[3,68],[-23,8],[-5,45],[-22,-78],[-100,31],[-194,-52],[-168,76],[-28,189],[143,-38],[-9,-30],[158,-51],[25,68],[-131,47],[8,21],[128,1],[-9,74],[-315,2],[0,133],[38,-18],[7,-79],[87,0],[-1,32],[-38,17],[1,26],[21,-5],[-19,68],[151,74],[22,-130],[33,3],[1,-26],[-23,-1],[48,-31],[13,260],[74,-24],[-11,92],[-61,0],[-16,103],[-41,53],[-206,114],[-5,-23],[-37,-4],[-8,23],[44,16],[-10,42],[-64,42],[-29,-59],[16,48],[-45,-56],[17,111],[-33,-11],[-29,-118],[-23,-10],[30,160],[101,33],[35,71],[-26,-34],[-96,-38],[-5,85],[19,31],[-61,31],[-58,-27],[-23,17],[8,60],[184,64],[-63,137],[-93,57],[-48,91]],[[121062,157193],[-39,-41],[19,30],[-32,-6],[12,17],[-31,7],[23,-36],[-34,43],[-67,-35],[-20,-38],[-115,-43],[-21,-34],[18,-9],[-25,-8],[34,6],[-125,-90],[-121,32],[15,14],[-27,30],[-97,-28],[32,41],[-46,-25],[-9,-36],[3,36],[30,22],[-71,-8],[26,-25],[-56,11],[47,-41],[-47,40],[-69,-33],[8,-13],[-89,-18],[-27,28],[23,59],[92,37],[10,62],[-2,-47],[15,6],[22,117],[48,-14],[-6,-31],[45,18],[-26,-14],[23,-79],[-2,81],[36,-8],[-1,-42],[-28,0],[56,-2],[-26,2],[1,44],[85,-2],[0,-9],[15,-10],[5,15],[-17,-6],[-1,12],[-37,2],[-1,36],[38,1],[136,124],[118,-47],[110,14],[-41,-12],[12,-21],[22,22],[22,-65],[100,-17],[43,33],[85,-70],[-73,21]],[[124204,141590],[-182,-15],[-39,33],[3,33],[26,-1],[16,33],[-13,66],[96,-54],[29,18],[22,-29],[36,0],[18,-26],[-12,-58]],[[126186,144657],[-2,63],[-93,18],[83,1],[99,60],[-19,-4],[27,25],[-20,35],[36,6],[-14,27],[28,12],[-21,61],[33,-53],[45,-5],[-20,-34],[33,-24],[-46,-42],[40,-131],[-49,24],[-18,-55],[-40,-10],[-5,-78],[-26,10],[-11,63],[-40,31]],[[124219,145369],[-7,62],[-96,-47],[8,31],[54,13],[-39,23],[10,79],[52,-18],[8,-24],[35,25],[-26,37],[71,42],[189,-10],[6,-49],[-26,3],[-15,-50],[-50,35],[-2,-65],[-47,-31],[13,-27],[-101,-81],[-18,-46],[15,-12],[119,49],[5,-28],[58,24],[29,-39],[37,-8],[-79,-48],[-24,7],[-50,-50],[-45,-4],[-1,-26],[-65,-55],[-19,-77],[-53,42],[-61,-28],[-59,37],[6,63],[-32,7],[2,20],[36,68],[45,13],[-22,27],[30,19],[7,-26],[36,-4],[0,38],[64,37],[2,52]],[[114023,155356],[18,-9],[-18,-29],[22,5],[10,-26],[6,50],[13,-21],[9,15],[-33,37],[75,-27],[-11,-55],[18,-14],[65,61],[141,-37],[24,-24],[-26,-37],[100,-40],[-40,-65],[112,-5],[150,-54],[82,6],[3,78],[38,2],[50,72],[18,9],[63,-78],[27,0],[12,88],[52,3],[15,-149],[-42,-69],[-22,3],[193,-108],[-15,-56],[68,-22],[-8,-23],[22,27],[8,-76],[119,-51],[102,-22],[73,35],[44,-21],[31,34],[-1,-15],[52,-4],[128,25],[56,-24],[79,39],[24,-40],[61,23],[64,-12],[27,-35],[-14,-43],[68,-83],[190,37],[94,67],[52,0],[15,-24],[94,6],[5,-18],[1,61],[20,-26],[21,38],[35,-12],[-3,-43],[19,-6],[275,-12],[-6,-24],[70,2],[-9,-24],[34,-8],[251,16],[58,-80],[42,-3],[52,41],[-57,96],[-41,6],[-24,36],[-22,206],[529,444],[79,-92],[23,15],[-12,27],[67,72],[17,157],[69,35],[0,32],[65,39],[-20,29],[-38,5],[-4,35],[27,36],[50,11],[-5,62],[33,8],[93,-74],[30,9],[17,25],[-30,45],[30,17],[-50,43],[15,39],[158,31],[-41,11],[3,20],[-97,87],[-1,37],[42,2],[-24,36],[20,47],[98,-12],[6,72],[116,-97],[71,32],[29,48],[-15,20],[53,-16],[12,-32],[41,15],[-23,71],[-76,75],[9,38],[53,-51],[64,-13],[36,-62],[23,2],[27,53],[89,-56],[22,61],[38,-30],[29,62],[68,-22],[1,78],[41,-11],[31,28],[79,-126],[-25,-48],[21,-12],[-24,1],[-21,-61],[20,-4],[15,52],[140,6],[-27,64],[0,125],[119,91],[51,4],[6,-44],[48,7],[53,-55],[57,-2],[-12,-17],[37,22],[34,-27],[75,24],[-4,-33],[34,-18],[-34,13],[-10,-17],[25,-40],[-26,-19],[12,-19],[94,-26],[29,-34],[21,30],[-14,35],[49,27],[62,-55],[-2,-47],[74,0],[-73,-1],[59,-4],[-2,-39],[-57,0],[16,-38],[42,8],[24,33],[1,-25],[0,193],[71,1],[33,-25],[14,-68],[44,15],[9,-78],[44,-4],[31,37],[30,-36],[-59,-66],[12,-99],[60,-28],[37,93],[105,67],[-3,-36],[58,2],[-23,-50],[9,-23],[33,1],[-10,-60],[40,-58],[34,12],[24,-112],[24,-34],[28,8],[-6,-30],[36,-52],[62,-68],[74,33],[50,-24],[151,-511],[74,-79],[73,12],[25,-40],[31,32],[-33,-38],[114,-197],[75,-33],[49,-115],[-3,-130],[32,-45],[-17,-46],[33,51],[13,-36],[-24,-16],[23,-24],[-20,-17],[27,19],[34,-65],[-8,-57],[27,-50],[-34,-24],[26,-138],[20,-33],[33,-4],[-41,-88],[-50,4],[21,-14],[-105,-314],[-33,-186],[-1,-58],[24,-1],[-16,-5],[-3,-21],[17,-4],[-20,-3],[-15,14],[12,-127],[33,-80],[31,7],[0,87],[23,22],[37,-22],[9,-448],[-13,-23],[-58,0],[0,135],[-1,-43],[-55,-73],[-62,-15],[3,-24],[30,25],[-68,-111],[-18,-132],[-80,-78],[-12,-54],[-29,-8],[-48,-101],[-61,-204],[-33,-256],[-105,-27],[22,14],[-103,16],[-38,-19],[-140,80],[-99,-36],[-114,6],[-8,22],[90,-12],[56,42],[1,101],[-101,36],[-20,-24],[-19,17],[29,41],[-63,-23],[-22,29],[-44,-24],[-6,-32],[-94,8],[-1,-26],[-207,115],[33,-48],[-80,-46],[90,-5],[-2,-63],[-74,-18],[-16,-71],[87,-38],[1,-28],[41,0],[23,-99],[-51,-16],[39,-6],[106,-89],[10,-95],[43,-28],[3,-30],[-59,-36],[-24,-104],[-44,2],[-12,21],[-81,-51],[-154,18],[-115,-57],[-67,4],[-44,-22],[-16,18],[-117,11],[15,-31],[-33,-104],[45,-63],[-29,-159],[-82,-41],[-61,36],[21,13],[-12,24],[-28,-7],[-21,40],[-37,-2],[2,-22],[24,8],[57,-118],[-316,104],[-77,-7],[-40,37],[4,-21],[-18,2],[27,-7],[11,-33],[-102,-1],[-19,36],[-67,34],[-5,58],[-25,18],[17,5],[-52,100],[-203,35],[-89,-48],[-116,-26],[-21,-34],[-75,11],[-49,-24],[9,-31],[-22,0],[19,-28],[-12,-115],[-49,-163],[32,-5],[-19,-128],[1,-27],[21,0],[4,42],[-4,-69],[-42,1],[30,-5],[-5,-32],[19,20],[19,-50],[22,7],[29,-40],[-35,-46],[32,-59],[-8,-67],[33,-20],[-15,-161],[24,4],[-21,-41],[32,9],[-22,-20],[26,-108],[-23,-30],[12,2],[21,-5],[12,-27],[-12,25],[-15,3],[9,-33],[-9,-12],[33,-105],[-9,-29],[45,-95],[-20,-9],[32,4],[9,-18],[-25,12],[32,-58],[78,-36],[102,-2],[185,-125],[39,19],[77,-33],[56,34],[388,-163],[34,10],[29,-39],[37,-8],[14,23],[22,-32],[63,21],[-28,54],[89,32],[-1,-29],[31,-20],[85,45],[18,24],[-17,17],[-70,-24],[-27,46],[86,51],[115,47],[18,-50],[63,2],[5,43],[-3,-42],[44,13],[17,70],[773,240],[157,7],[181,-80],[140,-100],[-78,-106],[22,-17],[22,-15],[80,105],[217,-157],[-16,-78],[43,-31],[18,23],[77,-37],[-17,65],[32,0],[33,-75],[65,-4],[-62,-71],[80,-42],[92,-17],[1,20],[-66,1],[1,178],[160,-2],[1,-36],[47,-2],[-2,-83],[47,-1],[23,23],[-1,101],[58,11],[-2,-96],[-99,-100],[109,80],[224,-61],[145,-5],[233,81],[115,24],[86,-12],[7,36],[41,-22],[26,23],[-6,33],[105,0],[37,50],[50,12],[47,-49],[85,-13],[-25,-20],[17,-17],[126,-4],[14,35],[-75,39],[5,-18],[-36,108],[94,48],[101,13],[24,33],[117,54],[23,-28],[130,11],[-8,-43],[23,-33],[-70,-55],[-16,-79],[-46,-10],[-35,-139],[-36,-29],[-53,-4],[-5,21],[-87,-11],[-4,31],[-40,-24],[2,-19],[24,5],[-26,-12],[21,-15],[-25,-24],[9,-27],[-63,-47],[-7,-46],[37,-36],[-1,-33],[47,11],[0,-82],[-16,-40],[-51,-23],[0,-72],[-45,-14],[-74,-77],[-43,-108],[40,-32],[59,31],[18,-42],[-61,-48],[-36,-66],[-73,24],[-98,-82],[-8,-44],[-45,13],[-50,-35],[-20,11],[-33,-68],[-77,-32],[8,-51],[-54,-47],[-13,-85],[-41,-9],[8,-26],[-39,-23],[19,-18],[-44,-68],[8,-21],[16,9],[-29,-37],[9,-59],[10,31],[52,-30],[-15,35],[49,70],[-28,-63],[3,-84],[22,-26],[-73,-35],[-27,9],[-31,-28],[3,-37],[-132,-90],[-10,-93],[-41,-42],[-32,12],[13,25],[-17,-11],[2,-17],[25,-19],[-51,-6],[-46,-43],[22,-30],[149,34],[17,-62],[-38,-39],[170,33],[84,-31],[-8,24],[40,16],[20,42],[103,-42],[-44,-83],[73,-23],[2,-35],[33,-12],[52,24],[-4,40],[65,0],[67,35],[-1,31],[47,19],[-15,25],[41,49],[76,-43],[-23,48],[50,46],[31,5],[8,-22],[82,10],[-46,-115],[120,-31],[35,34],[6,64],[31,-52],[65,5],[52,45],[3,51],[30,22],[-15,55],[43,-15],[16,-48],[-26,4],[-18,-38],[27,-37],[24,21],[54,-42],[78,21],[41,-36],[-26,-44],[-124,-36],[-100,-63],[49,-99],[-49,2],[-25,-50],[-30,-3],[-88,25],[-24,35],[-37,-39],[-28,21],[-30,-54],[-30,-3],[-1,-31],[10,-23],[50,7],[-170,-114],[13,-94],[-39,24],[-38,-39],[-29,35],[-44,0],[-10,-34],[-33,21],[14,-27],[-51,-12],[65,-63],[147,-17],[-88,-8],[-43,-65],[6,-26],[22,23],[14,-22],[67,-14],[-4,34],[19,-40],[99,39],[154,-93],[41,36],[-103,41],[30,40],[0,36],[-22,-25],[-2,36],[47,24],[120,-92],[11,-33],[33,-16],[37,14],[28,-21],[81,101],[49,17],[-11,-67],[43,-27],[-17,-32],[23,-17],[-48,-78],[14,-11],[-19,-3],[36,-26],[70,9],[-17,25],[38,11],[8,30],[26,-72],[47,-14],[60,25],[-5,59],[-72,27],[0,28],[56,38],[19,-42],[52,9],[-15,51],[42,90],[-3,56],[-42,-4],[6,47],[-45,37],[164,82],[19,-26],[-67,-43],[-14,-67],[27,-55],[-21,-39],[8,-23],[70,-1],[-37,-36],[-3,-41],[15,-34],[44,-15],[-10,-64],[52,-6],[19,-44],[74,-3],[29,99],[148,18],[-1,-30],[39,4],[-41,-55],[33,-23],[-33,-26],[40,-17],[5,-41],[65,5],[26,81],[65,-28],[125,61],[-14,87],[-53,77],[44,36],[17,62],[-12,37],[-31,3],[22,49],[82,7],[12,44],[26,-17],[35,49],[54,6],[-93,-176],[-7,-92],[56,-56],[24,4],[19,-155],[48,-43],[-4,-49],[167,0],[-1,-29],[-48,-39],[-168,-46],[-73,42],[-72,-53],[-55,-3],[-49,-93],[-119,-25],[-160,29],[-79,46],[11,13],[-120,-35],[-100,73],[-90,-90],[-50,38],[-13,42],[-34,-12],[-50,-80],[18,-56],[-43,24],[-49,-37],[-4,-33],[28,-25],[-30,-41],[24,-16],[4,-49],[-34,-68],[40,-45],[-63,-23],[-45,-61],[-29,1],[-35,-48],[6,-33],[-40,1],[-94,-100],[100,-159],[-40,-88],[-52,-46],[-13,33],[33,43],[-39,51],[19,20],[-42,91],[4,-55],[-32,-53],[16,-19],[-29,-35],[15,-23],[-27,-5],[1,32],[-18,-7],[0,-40],[-46,-2],[-10,-43],[50,-47],[65,23],[-23,-110],[20,-14],[-29,-17],[22,-21],[62,35],[17,-19],[41,13],[-23,-14],[18,-12],[-37,-16],[9,-29],[16,17],[2,-25],[39,8],[37,-28],[12,29],[33,-4],[-24,-56],[27,-42],[38,-16],[20,81],[121,-34],[15,31],[-83,-301],[74,-27],[35,144],[81,-27],[-6,-73],[44,-84],[52,51],[40,0],[16,74],[40,-9],[42,-78],[47,-9],[-25,-18],[36,-46],[13,9],[39,-82],[68,53],[-32,17],[15,48],[-38,48],[-10,71],[47,-4],[24,-79],[44,-34],[52,57],[-12,33],[25,22],[-5,55],[31,8],[-2,-149],[-47,-46],[33,-31],[-28,-53],[45,-32],[51,34],[-41,-65],[90,-55],[40,15],[2,45],[55,-13],[12,65],[27,-11],[14,31],[3,33],[-27,7],[19,34],[-44,33],[18,14],[38,-28],[48,6],[10,53],[63,39],[24,-22],[-23,-29],[30,-14],[-100,-97],[5,-46],[38,-34],[-51,-100],[26,-21],[40,8],[-2,-60],[30,-21],[37,25],[5,32],[60,-47],[10,53],[18,-27],[13,26],[40,-7],[31,27],[-16,26],[36,-10],[29,32],[49,-32],[106,22],[8,122],[-50,46],[32,64],[34,-57],[77,-11],[39,-45],[91,27],[-17,31],[19,52],[47,-106],[58,-28],[93,16],[25,-28],[48,62],[68,-74],[27,-5],[17,27],[9,-25],[31,0],[11,-119],[43,-58],[-25,-29],[-101,2],[-1,30],[-87,14],[9,34],[-70,5],[-28,-32],[-70,28],[-18,48],[-39,12],[-32,-62],[-60,24],[5,-86],[25,-8],[-54,-37],[-13,-54],[-87,33],[33,93],[-27,24],[-59,25],[-107,-19],[-45,-76],[-50,14],[-50,-31],[14,-28],[-24,-35],[23,-44],[-26,-4],[-53,41],[-42,-9],[19,-42],[-26,-34],[26,-42],[-12,-31],[23,-14],[-24,-20],[7,-131],[-49,7],[1,31],[-31,26],[-67,-1],[-43,31],[-35,56],[39,31],[-40,16],[15,58],[-20,13],[-37,-23],[-8,52],[-26,-7],[-8,-72],[-32,34],[-73,2],[-28,29],[-24,-19],[32,-69],[30,-2],[60,-86],[-7,-199],[52,-29],[-45,-70],[21,-76],[50,39],[48,-23],[-16,43],[37,6],[-22,26],[32,6],[-16,41],[16,30],[42,-80],[65,-51],[40,-5],[76,35],[53,-48],[-103,-4],[-98,-73],[-18,-50],[18,-68],[-78,-12],[-67,-92],[-54,-30],[1,-73],[-29,-49],[-134,83],[-30,-48],[54,-45],[-17,-86],[-50,-2],[-16,-66],[-73,-25],[-51,-69],[-27,-2],[-46,80],[-28,9],[11,30],[-23,29],[-52,-15],[-1,-76],[63,-84],[-1,-43],[34,-2],[0,-20],[-105,-62],[-91,-7],[21,-1],[-23,-31],[93,-14],[57,16],[5,26],[55,3],[31,-51],[10,-161],[36,-81],[29,13],[3,48],[35,-6],[-29,42],[23,29],[-28,26],[25,77],[-51,49],[-4,41],[48,-2],[16,-75],[35,-47],[37,-11],[9,-37],[54,11],[-5,-53],[80,1],[46,60],[11,58],[-29,-2],[-1,23],[-33,11],[7,38],[-99,64],[59,25],[-2,40],[-74,-3],[155,28],[165,-132],[123,-14],[49,-40],[-33,-133],[-86,-73],[-214,-96],[-30,-70],[-147,-88],[-22,-68],[28,-43],[43,-3],[-3,-66],[-73,-58],[-114,40],[22,92],[24,-3],[-39,91],[-126,44],[-102,-30],[-14,-40],[34,-111],[-15,-37],[-154,-166],[-93,13],[-32,121],[-54,24],[-7,48],[49,-10],[7,21],[-37,-4],[13,57],[-65,-16],[-45,-60],[15,-70],[30,-9],[-6,-102],[-75,30],[-3,29],[-44,17],[13,28],[-69,40],[-9,-80],[-44,-11],[-10,-58],[-51,43],[-34,-8],[-26,28],[80,90],[-62,29],[53,42],[-23,30],[22,-3],[-2,28],[-70,-23],[10,66],[-75,-1],[-47,-127],[5,-70],[-28,-25],[114,-157],[55,-29],[-49,-25],[-14,-73],[13,-52],[31,-5],[-20,-37],[29,-54],[-51,8],[-18,94],[-41,31],[8,67],[-85,98],[-44,143],[-36,3],[-51,-33],[22,-22],[-26,-32],[23,7],[-3,-57],[38,-55],[-12,-28],[-19,5],[-36,-42],[-35,9],[-19,-44],[46,-72],[111,-62],[-26,-25],[25,-27],[-46,-49],[17,-61],[-66,-10],[-9,-69],[23,-24],[90,-15],[59,34],[-12,-25],[30,-10],[-3,-38]],[[123679,141197],[-17,19],[-151,-107],[-157,-1],[-58,-44],[-152,-28],[-5,104],[-35,86],[79,135],[-19,74],[14,36],[-43,71],[-2,104],[-27,50],[59,105],[26,95],[-14,28],[70,84],[-8,52],[86,114],[-15,242],[-52,37],[-100,-89],[-129,41],[-58,-10],[-47,71],[-70,36],[-22,59],[-59,-35],[-69,10],[-17,-35],[-65,-23],[-35,-43],[-118,45],[-58,-48],[-85,97],[-7,93],[-210,36],[-70,50],[-30,-36],[-70,14],[-36,-34],[-43,15],[-92,-54],[-81,20],[-80,-53],[5,-154],[-24,-66],[-45,-26],[-29,-280],[-181,-172],[-8,-132],[-58,-123],[-63,-12],[-152,51],[-63,-47],[-151,-26],[-52,-31],[-95,1],[-8,-30],[-232,77],[-157,-16],[-151,24],[-73,46],[-83,-25],[-176,14],[-64,-29],[-51,47],[-68,4],[-37,-22],[-147,-211],[-150,-112],[-41,24],[-136,-3],[-115,46],[-32,-15],[-114,23],[-55,68],[-118,16],[-177,105],[-40,65],[25,55],[-27,56],[7,48],[120,271],[-216,159],[9,66],[-128,20],[-72,88],[-27,5],[-149,253],[-148,-101],[-142,-33],[-148,17],[-91,-23],[-79,-166],[-76,-30],[-20,-48],[-43,-27],[-71,22],[-143,-18],[-71,21],[-79,-39],[-76,15],[-75,-48],[-69,9],[-60,-20],[-141,-81],[-97,19],[-120,100],[-4,48],[31,53],[-12,125],[-82,105],[-54,39],[-143,-8]],[[115995,142611],[-29,8],[-14,89],[-45,25],[-10,59],[-98,73],[-13,35],[-279,103],[-102,137],[-53,3],[-44,67],[-88,18],[-26,100],[25,73],[-127,-41],[-94,135],[-57,172],[17,134],[-22,88],[1,207],[-67,117],[-32,129],[94,110],[-22,30],[-36,-6],[-22,81],[76,13],[9,38],[-95,43],[-1,21],[31,64],[109,-7],[82,129],[20,83],[-86,36],[-22,36],[-119,25],[-14,55],[25,86],[-8,75],[-60,67],[-34,7],[-79,139],[-94,24],[6,22],[-66,87],[40,31],[-13,75],[-61,101],[-41,247],[-38,61],[9,86],[-101,72],[-169,195],[28,44],[-73,68],[-52,-41],[3,-25],[-55,7],[-30,50],[-74,35],[-51,64],[-32,107],[35,115],[-32,57],[10,74],[-20,35],[-66,33],[0,77],[-47,44],[4,42],[29,9],[13,148],[-79,195],[-49,17],[-170,144],[50,21],[-15,49],[-193,82],[-42,98],[-157,47],[-39,91],[6,66],[-77,73],[-114,66],[-52,11],[-67,-44],[-374,100],[-105,62],[-43,-20],[-249,3],[-58,-109],[-49,-35],[-36,23],[-179,-150],[-70,22],[-57,-20],[-57,56],[-110,46],[-28,-10],[14,-87],[-60,-30],[-6,-64],[-41,-57],[13,-49],[-19,-76],[-42,-56],[31,-82],[-38,-69],[40,-92],[-53,23],[-31,-48],[152,-164],[73,-24],[-27,-81],[11,-68],[96,-63],[50,-100],[68,-24],[61,-151],[28,2],[52,-123],[45,-11],[22,-59],[-46,-42],[-21,-67],[-65,-17],[-51,-143],[96,-118],[-48,-78],[10,-51],[-32,-22],[4,-40],[30,-11],[-8,-60],[-38,-72],[-96,-54],[-36,-62],[21,-14],[-6,-37],[-172,-146],[-191,19],[-3,-34],[-91,14],[-146,196],[-9,139],[-53,68],[-116,69],[-56,-10],[-29,21],[-42,-24],[-36,50],[-92,-49],[-172,22],[9,35],[-118,139],[-25,15],[-93,-18],[-31,23],[13,42],[-19,80],[-85,46],[-11,122],[-50,68],[-131,72],[-77,1],[-53,-27],[-55,81],[-87,-25],[-83,13],[-73,-39],[-37,27],[-1,46],[-44,58],[0,62]],[[109229,147010],[65,59],[122,24],[28,60],[87,76],[-31,62],[50,22],[44,67],[11,112],[54,141],[-3,67],[123,104],[-42,190],[-41,61],[58,55],[2,41],[107,32],[25,165],[-175,45],[-72,75],[-82,-13],[-67,81],[-161,82],[-50,67],[-98,54],[15,77],[95,65],[6,57],[44,19],[18,-15],[73,56],[46,-13],[20,61],[-160,58],[-227,10],[-71,50],[-17,65],[34,67],[-37,138],[53,66],[58,19],[33,-26],[37,20],[91,-15],[58,60],[37,-10],[50,36],[121,-25],[59,48],[-8,65],[-95,-21],[-44,59],[-13,80],[-61,35],[61,112],[137,125],[-15,75],[-53,86],[22,46],[-12,77],[-25,9],[-84,215],[42,57],[-108,173],[-62,18],[-15,-34],[25,-38],[-24,-13],[-120,164],[80,50],[21,65],[92,39],[164,140],[-20,183],[41,64],[193,23],[27,-32],[6,32],[101,23],[-25,158],[42,178],[-13,28],[10,51],[64,20],[-36,116],[45,106],[-22,125],[91,177],[-10,86],[-28,33],[74,50],[142,9],[72,82],[146,45],[58,101],[-9,47],[174,307],[106,34],[79,67],[79,28],[14,67],[98,45],[45,82],[60,27],[129,2],[51,32],[20,-16],[134,63],[192,-50],[56,57],[87,4],[54,97],[86,4],[89,-78],[26,-69],[49,17],[76,-52],[165,34],[63,-51],[56,4],[27,-29],[247,34],[38,-15],[8,-30],[35,0],[113,49],[58,-18],[8,-30],[73,-38],[143,-12],[27,7],[2,43],[48,18],[201,-12],[38,24],[52,-7],[18,30],[99,8],[91,-55],[104,35],[-38,83],[-85,47],[20,126],[-49,71],[38,54],[113,66],[129,144],[28,68],[28,166],[-11,68],[-50,91],[-160,133],[-31,114],[14,128],[70,95],[-7,130],[123,219]],[[164278,164444],[25,-16],[6,-47],[58,-36],[-3,-124],[-96,-82],[-1,-33],[-78,7],[-28,-25],[-51,1],[-17,21],[13,139],[39,42],[21,-11],[4,29],[3,-38],[40,7],[3,31],[-38,-24],[36,23],[-35,-2],[17,24],[17,16],[2,-20],[34,-4],[-38,31],[18,18],[-25,32],[4,43],[27,21],[43,-23]],[[162028,166053],[18,191],[-62,52],[15,16],[-33,5],[13,-32],[-20,-1],[-29,30],[33,39],[23,-21],[47,33],[166,339],[79,16],[35,29],[65,106],[8,69],[84,-110],[114,10],[74,-65],[162,67],[-19,48],[66,35],[27,51],[-26,-52],[15,-27],[28,37],[37,4],[-18,-43],[12,25],[35,2],[-68,44],[62,-34],[12,13],[-25,20],[152,283],[151,391],[-28,16],[33,-2],[51,169],[30,12],[15,-26],[37,2],[61,63],[152,388],[-11,53],[27,51],[-19,-39],[39,-31],[-18,-21],[31,-2],[83,133],[28,107],[30,13],[110,329],[71,7],[108,174],[63,29],[43,119],[69,-39],[64,21],[-25,-28],[18,-11],[19,43],[27,-15],[2,21],[3,-42],[34,-2],[71,46],[22,24],[-17,12],[32,5],[-1,34],[29,-3],[8,37],[78,86],[111,228],[-9,28],[34,1],[132,275],[69,34],[30,106],[-13,-68],[32,76],[73,37],[61,101],[4,-18],[52,3],[-25,-20],[82,22],[2,-26],[33,3],[115,76],[17,34],[-15,-35],[97,41],[119,169],[91,46],[14,-38],[71,37],[78,121],[90,64],[178,236],[86,182],[132,181],[87,49],[21,42],[117,59],[166,26],[90,-110],[-13,-18],[42,-87],[25,-24],[-8,38],[43,-89],[30,-17],[28,21],[18,-50],[23,18],[-21,-45],[43,-162],[-15,-35],[-152,-228],[-108,-79],[-56,-76],[-40,21],[-9,-27],[50,-12],[-89,-63],[-1,-40],[-20,-6],[4,-22],[26,-1],[-26,-13],[-8,-272],[-48,-113],[-58,-65],[9,-20],[-76,-55],[-24,-79],[-82,-93],[-186,-117],[-116,-156],[-120,-244],[-118,-115],[-91,-54],[-78,-109],[-88,-67],[-69,-92],[-1,-57],[-54,-28],[-7,-33],[-11,11],[-24,-31],[9,-18],[-78,-60],[-53,-141],[56,-124],[-60,-175],[33,-264],[-15,-39],[33,-83],[-17,-19],[12,-95],[-34,-37],[5,-140],[-31,-71],[25,-11],[12,-53],[48,23],[-36,-49],[9,-14],[44,18],[-29,-18],[20,-27],[23,19],[-21,-22],[47,-51],[91,6],[45,-44],[14,-41],[-27,-84],[25,-16],[-1,-48],[30,10],[43,-238],[125,-126],[103,-38],[95,-68],[19,-47],[-25,-34],[40,-4],[47,-103],[-23,-70],[29,-53],[-17,-23],[13,-58],[64,-8],[5,58],[18,-26],[-42,-139],[-409,-158],[-308,-74],[-217,-142],[-536,-218],[-230,-148],[-67,-96],[-136,-130],[-178,-76],[9,-27],[-37,-31],[-73,0],[39,-35],[-40,37],[-173,-6],[-77,21],[-137,-28],[-312,-113],[28,-7],[-201,-43],[-31,10],[43,153],[-11,74],[-31,40],[17,21],[-179,133],[-228,29],[-16,75],[151,299],[55,4],[4,48],[8,-23],[22,20],[35,-14],[2,-30],[24,19],[-15,59],[17,83],[-22,37],[34,46],[-46,-6],[-8,29],[-153,-85],[-23,-53],[-37,-14],[54,-8],[1,-37],[-82,-54],[-19,50],[-68,52],[-128,-12],[-65,23],[-91,-58],[-33,32],[-60,-13],[-123,-84],[8,34],[173,114],[62,84],[-57,74],[9,97],[-19,47],[-46,4],[23,13],[-14,35],[-82,-16],[-48,21],[27,87]],[[171209,173079],[-15,108],[74,76],[61,-6],[84,-53],[-28,-116],[-176,-9]],[[171082,173078],[17,-18],[-30,-13],[23,-10],[14,22],[49,-19],[-15,-50],[-132,13],[-24,33],[-38,-24],[-11,114],[220,51],[1,-127],[-19,55],[-19,-29],[-36,2]],[[170758,173144],[26,18],[-9,50],[121,-27],[10,-181],[-146,-15],[-17,89],[15,66]],[[170539,172881],[148,-24],[13,-94],[-149,26],[6,-45],[148,-27],[14,-104],[-498,-63],[-31,253],[165,72],[15,-32],[98,12],[6,36],[65,-10]],[[164636,173019],[41,-17],[17,40],[-96,41],[9,26],[121,-39],[19,12],[54,-51],[-119,-217],[-236,53],[49,-9],[84,185],[57,-24]],[[170639,173101],[28,4],[18,-129],[-226,-25],[-4,63],[184,87]],[[169596,171777],[-6,60],[63,100],[191,19],[11,-20],[111,30],[35,-105],[25,-7],[3,-29],[-24,-12],[-140,-28],[-269,-8]],[[160033,172016],[8,-24],[-42,-24],[58,-16],[-49,-36],[3,-54],[-49,56],[-58,7],[1,22],[-96,51],[5,43],[39,22],[-22,14],[17,44],[14,-11],[50,39],[15,-24],[63,43],[-8,19],[-30,-21],[32,24],[-2,50],[28,15],[14,-66],[14,10],[24,-32],[-11,-84],[-1,20],[-38,-1],[-4,-32],[-22,45],[7,-42],[-57,11],[-4,-20],[44,-2],[-17,-65],[74,19]],[[159418,172022],[-75,-79],[-119,80],[44,28],[-21,57],[24,23],[-11,109],[54,-29],[-19,21],[2,99],[84,46],[-35,-90],[59,-24],[16,19],[34,-53],[15,69],[32,27],[32,-26],[-12,-49],[29,-15],[70,76],[-31,77],[16,31],[-27,27],[43,10],[44,-46],[35,11],[-16,-34],[57,5],[-80,-156],[68,16],[4,-57],[-26,-52],[65,1],[2,-73],[35,-26],[-12,-42],[-32,-10],[-68,29],[-41,-56],[-79,-10],[92,106],[-33,28],[-78,-49],[-22,58],[-119,-77]],[[169568,172541],[48,29],[-5,38],[134,24],[76,-79],[-127,-47],[20,-38],[141,51],[54,-39],[-170,-61],[20,-39],[171,61],[42,-93],[-148,-54],[33,-65],[149,54],[87,-171],[-387,-9],[-158,122],[-20,-24],[-2,50],[-25,-2],[-12,234],[38,37],[-12,18],[-18,-12],[-6,-11],[-1,-23],[0,23],[6,11],[17,14],[49,27],[-22,-17],[28,-9]],[[160765,172161],[-12,71],[-98,94],[14,61],[-21,18],[116,58],[-11,53],[35,29],[26,-23],[18,14],[25,-42],[25,8],[23,-58],[38,-6],[-4,-24],[26,-1],[9,29],[64,-35],[19,-112],[-80,-70],[-8,-42],[-55,24],[-37,-11],[-3,-62],[-26,-20],[-55,14],[-28,33]],[[160116,172602],[78,75],[45,-33],[48,49],[28,-24],[-48,-36],[1,-48],[-51,-3],[-28,23],[-11,-63],[67,-12],[-14,-62],[27,73],[41,18],[-7,19],[71,-35],[69,41],[-19,-64],[12,-46],[-34,-49],[42,-121],[-57,-71],[-82,4],[-27,52],[-108,52],[3,30],[-54,-36],[0,53],[-69,7],[-68,60],[19,47],[-81,40],[114,70],[93,-10]],[[165056,172832],[77,-91],[-40,24],[-79,-105],[-282,121],[61,83],[102,-21],[19,44],[-90,36],[15,34],[104,-38],[113,-87]],[[172333,172864],[-39,-21],[-173,-255],[-218,-56],[-32,32],[260,156],[117,178],[-42,24],[-44,-34],[-35,45],[20,-71],[-63,-82],[-57,14],[21,50],[-22,10],[-48,-87],[8,33],[-18,-32],[-47,25],[-30,-90],[33,-37],[-14,13],[-74,-80],[-241,261],[79,70],[24,-13],[23,21],[-20,21],[31,39],[-50,14],[-128,138],[-99,62],[67,59],[-36,-26],[-24,22],[-15,-36],[-101,99],[22,21],[-25,1],[-16,-85],[-76,46],[-92,16],[21,-17],[0,-109],[-243,-57],[-9,69],[-174,4],[-13,27],[14,-44],[-25,-3],[1,-45],[-100,-23],[-105,-81],[-98,-37],[-170,36],[-95,-6],[3,-21],[27,-1],[10,-107],[-111,-14],[-74,35],[-163,-23],[3,-20],[90,-3],[46,-87],[-194,-26],[-70,62],[-27,-19],[21,42],[109,29],[-9,49],[-16,-5],[8,-30],[-81,-10],[-86,-68],[-22,19],[-93,-60],[9,-23],[77,52],[48,-2],[52,-63],[-149,-92],[-48,42],[4,-35],[-20,18],[-13,-15],[24,-91],[-17,-12],[-21,84],[-24,-6],[7,-54],[-26,49],[-25,-55],[-9,52],[-21,-2],[-9,-54],[1,99],[-42,-2],[-19,-106],[-33,61],[-27,-10],[-13,-22],[22,0],[14,-44],[-54,-19],[64,1],[-30,-6],[37,-11],[-18,-30],[22,14],[25,-41],[-25,-34],[-61,0],[26,-19],[-102,23],[7,-62],[59,23],[64,-20],[-18,-54],[-31,7],[-11,-36],[-74,33],[17,-49],[26,6],[-18,-21],[30,7],[-29,-10],[18,-67],[21,43],[8,-42],[22,59],[1,-82],[24,-12],[0,43],[21,-54],[-59,-54],[-447,-55],[-11,58],[-54,-31],[59,-32],[-187,-70],[-74,-7],[6,24],[-29,0],[22,-47],[-24,41],[-32,6],[-110,-19],[-55,13],[-114,-27],[-69,-57],[-124,-41],[-112,-10],[-42,-20],[3,-26],[-28,-5],[19,6],[-17,15],[-80,-16],[-3,-42],[-199,-45],[-26,36],[-7,-54],[-25,-3],[-18,6],[26,-3],[-2,19],[-39,-9],[52,35],[-74,-7],[9,-35],[-10,37],[-3,-40],[-62,4],[6,16],[-28,-15],[-1,24],[-22,-16],[-167,98],[6,31],[-61,68],[-127,96],[-20,-38],[-12,27],[-63,-8],[-6,30],[-9,-30],[-55,17],[-212,-26],[82,53],[-119,14],[25,-73],[-29,1],[16,17],[-20,-20],[-92,18],[21,-26],[-39,5],[48,-12],[-23,0],[-29,9],[-14,35],[-63,17],[-30,-19],[-74,36],[81,-18],[-80,57],[-7,-19],[-37,16],[-6,32],[-104,60],[-177,170],[-201,135],[-202,68],[-39,-24],[24,19],[-38,13],[15,-16],[-33,1],[29,-33],[-41,31],[12,21],[-70,89],[-174,168],[-25,9],[-32,-37],[27,40],[-30,19],[15,-18],[-15,-18],[-13,-2],[21,15],[-13,9],[-17,-6],[-56,75],[-87,37],[-26,41],[-71,39],[15,16],[-16,-12],[-42,66],[-8,-13],[-78,53],[2,32],[-18,-22],[-95,60],[-10,-20],[29,-12],[-70,24],[27,76],[-18,8],[-1,-35],[-25,-54],[21,61],[-44,26],[14,34],[-256,126],[-58,6],[-12,-42],[13,39],[55,-6],[255,-124],[-25,-55],[25,-11],[-25,10],[-82,-193],[-112,45],[-26,-58],[68,-134],[-69,133],[-245,195],[59,202],[105,-36],[-120,71],[-13,-19],[-124,29],[-20,-31],[-21,66],[-26,-97],[-4,43],[-129,123],[61,75],[-33,35],[-21,16],[-18,-24],[27,-29],[-48,-64],[-228,156],[8,21],[-29,17],[-56,-64],[-10,26],[-12,-12],[-61,39],[51,112],[59,-7],[21,35],[-71,7],[-7,22],[-35,-64],[31,62],[-18,21],[-4,-24],[-23,35],[-23,-5],[-29,35],[-122,51],[-37,5],[-16,-28],[-94,21],[-12,-27],[-23,23],[26,33],[-21,-24],[-138,56],[2,-29],[-4,30],[-196,67],[-32,-53],[13,33],[-2,20],[0,-12],[-23,-56],[-14,-3],[36,61],[-15,3],[-5,-30],[-63,50],[-11,-27],[26,-1],[-11,-23],[32,-34],[-101,-32],[-1,61],[-6,-51],[-29,-16],[-72,17],[25,102],[-55,13],[-30,-100],[-84,17],[-50,54],[-85,-94],[-133,52],[26,-1],[26,50],[-19,10],[84,-18],[54,58],[-110,67],[-22,-5],[-112,-215],[-31,0],[-4,62],[109,207],[-31,21],[-19,-92],[-57,-52],[-56,-2],[-8,-206],[-168,9],[-64,-56],[63,56],[-19,165],[32,33],[133,12],[0,51],[-296,6],[16,-33],[-16,6],[0,-38],[46,8],[40,-30],[-1,-86],[-65,1],[-1,-61],[-3,41],[-45,-5],[-124,-61],[-37,115],[62,48],[-54,14],[-36,-24],[-18,35],[-25,-12],[20,-61],[-27,17],[6,-22],[-55,-21],[-12,30],[-2,-38],[-128,-46],[-67,18],[-17,-21],[45,-130],[-227,-64],[-161,102],[16,85],[-18,14],[-138,47],[-106,-52],[-36,75],[-75,16],[-11,53],[-58,32],[39,-6],[6,21],[-47,19],[-34,-65],[-28,5],[-64,-118],[-64,-36],[-4,-31],[-46,-7],[-14,-67],[-59,-32],[-40,11],[24,22],[-27,46],[52,-3],[-12,33],[-47,11],[35,66],[-46,30],[-53,-64],[-45,11],[-29,-86],[-53,50],[-69,-31],[2,-52],[-30,-41],[12,-26],[-95,-76],[-21,117],[-42,46],[25,23],[-27,40],[40,99],[-2,29],[-36,24],[1,95],[85,4],[58,29],[-44,-9],[0,25],[-58,17],[-65,72],[28,79],[-71,90],[40,26],[-29,68],[-16,-74],[-76,-19],[52,-12],[70,-66],[-34,-98],[19,-17],[-47,0],[43,-14],[-38,-5],[26,-13],[-11,-25],[-57,8],[-14,29],[7,-58],[-40,-14],[15,-88],[-27,52],[49,-209],[-21,29],[33,-58],[-15,-30],[55,-28],[2,-22],[-79,-60],[-18,-68],[-81,-38],[-21,70],[53,52],[28,112],[-77,11],[-33,-24],[-40,14],[-50,-28],[-108,-5],[-44,-60],[36,-32],[-7,-76],[-52,26],[-32,-47],[116,-115],[-100,-41],[-33,-91],[-98,-83],[-49,-85],[-36,5],[-10,-36],[-37,-11],[-26,13],[0,49],[-60,-13],[0,-31],[-7,31],[-107,-12],[-83,31],[-30,-73],[-134,86],[-23,-8],[82,88],[-24,8],[-65,-62],[-18,35],[25,23],[-76,134],[-142,114],[35,86],[-29,23],[-23,-100],[17,-68],[-45,26],[44,-50],[-79,-25],[146,16],[-13,-58],[18,3],[4,-32],[-120,-24],[-48,-52],[-90,-11],[-35,2],[28,50],[-37,-2],[4,-30],[-31,39],[-156,-137],[-34,-79],[-22,10],[-38,-72]],[[157335,173267],[-11,115],[39,53],[-42,53],[-53,-5],[-54,51],[49,90],[25,195],[44,94],[86,41],[-5,37],[42,15],[38,-28],[23,55],[-57,27],[-18,57],[-48,15],[-41,-16],[-40,28],[6,19],[-39,16],[-26,47],[49,102],[-46,76],[30,21],[-24,64],[9,77],[-87,12],[-62,96],[8,47],[-66,51],[-53,-18],[-35,35],[-7,47],[-101,48],[-7,118],[-69,16],[-68,-29],[-36,10],[-33,-34],[-34,14],[-52,-29],[-35,18],[-28,60],[22,37],[-22,50],[50,42],[-1,34],[-47,52],[10,33],[-52,18],[-18,33],[-29,-8],[-38,57],[18,83],[28,24],[-10,24],[44,44],[22,73],[-15,51],[60,13],[51,70],[-42,44],[-16,100],[24,14],[38,-29],[37,4],[-18,69],[56,39],[10,38],[60,41],[78,3],[12,28],[66,11],[-10,43],[90,60],[-28,120],[-42,-11],[-33,31],[-1,42],[-46,27],[6,66],[-83,10],[-51,43],[18,85],[-17,26],[-80,47],[-24,40],[-2,-18],[-33,26],[-18,-14],[-11,25],[-53,-58],[-7,27],[-59,31],[3,139],[48,25],[31,74],[39,-3],[50,34],[15,55],[130,91],[-50,68],[23,19],[27,133],[-42,3],[-23,32],[-36,-6],[17,85],[29,41],[63,8],[20,70],[106,81],[-62,10],[-49,76],[-24,-10],[-31,30],[-81,17],[-15,26],[-27,-5],[10,64],[-42,39],[28,28],[43,-10],[-45,26],[-13,41],[59,24],[-6,65],[101,23],[84,165],[0,58],[38,13],[26,-27],[87,19],[3,30],[64,61],[110,-48],[31,23],[-18,38],[20,32],[127,-39],[3,60],[-39,56],[3,166],[37,77],[63,52],[-39,235],[174,67],[18,-21],[51,42],[9,43],[45,-43],[137,38],[11,85],[54,47],[-36,117],[7,115],[108,109],[-13,50],[-50,18],[58,76],[-3,80],[43,25],[-12,71],[68,114],[52,9],[53,56],[59,-30],[53,55],[72,-20],[84,24],[175,-88],[64,75],[20,112],[-28,62],[-68,46],[14,71],[76,126],[-12,136],[-51,23],[-117,3],[-104,83],[-51,-8],[-75,36],[9,75],[-51,167],[34,198],[201,96],[-1,47],[82,173]],[[158455,181692],[277,-63],[61,-89],[31,6],[75,-46],[74,40],[51,84],[52,17],[217,-17],[-24,116],[91,37],[42,49],[84,3],[66,77],[18,96],[40,42],[50,-22],[70,89],[86,25],[43,52],[151,93],[-84,271],[32,183],[44,38],[-157,176],[9,41],[-30,90],[35,172],[74,97],[7,125],[35,7],[15,35],[-135,103],[-18,100],[-153,41],[-39,-9],[-85,84],[-110,25],[-35,59],[-11,50],[40,79],[-8,83],[52,66],[-2,76],[42,50],[-10,50],[23,69],[-66,63],[23,110],[-34,39],[55,23],[4,34],[-120,53],[-22,52],[-54,-6],[-3,31],[-41,28],[-145,-6],[-58,35],[-25,54],[-86,16],[-36,228],[11,69],[-48,36],[-15,48],[20,5],[-11,63],[53,89],[-34,37],[-114,296],[10,56],[38,40],[-45,100],[-45,2],[-81,87],[-41,-10],[-40,23],[65,163],[41,40],[-4,93],[45,23],[-9,48],[41,69],[-65,48],[57,115],[-38,77],[-7,97],[-99,25],[-63,-21],[-69,125],[28,108],[-20,122],[37,71],[-43,12],[-59,94],[-108,41],[-2,54],[-84,39],[-70,-9],[-97,81],[-45,5],[-22,97]],[[158001,187754],[56,-1],[-4,-48],[78,42],[35,-41],[16,34],[60,1],[11,35],[-23,28],[43,-10],[12,40],[22,-16],[25,23],[98,-68],[22,14],[38,-15],[82,68],[57,-30],[34,31],[-23,35],[51,42],[44,-15],[19,-42],[56,48],[-10,-45],[74,-14],[42,52],[-58,21],[34,52],[-34,27],[28,54],[43,-12],[21,54],[26,1],[9,-119],[41,-15],[-40,38],[18,16],[39,-35],[7,17],[90,-12],[64,108],[39,-13],[21,84],[54,-18],[17,27],[21,-23],[27,29],[31,-36],[25,20],[-5,38],[48,-40],[31,107],[108,62],[1,26],[53,16],[12,26],[42,-12],[8,44],[26,-13],[5,16],[14,-31],[-5,39],[30,11],[27,-36],[36,29],[-24,30],[19,32],[114,-48],[47,54],[30,-9],[-24,89],[43,-66],[33,24],[8,48],[57,-7],[16,23],[18,-34],[39,-4],[101,80],[103,-100],[34,-87],[36,-1],[64,-52],[25,-78],[60,7],[11,89],[42,-20],[34,12],[-13,24],[15,-20],[3,19],[27,-6],[13,-43],[61,-40],[-13,102],[38,42],[11,-25],[32,-4],[-7,14],[24,-21],[62,13],[8,-42],[37,-27],[42,0],[63,55],[68,-53],[45,7],[14,-46],[-40,-28],[43,-5],[-13,-40],[40,21],[16,-26],[35,4],[-4,-103],[70,-46],[107,9],[50,37],[16,85],[-37,2],[-8,40],[96,14],[-12,-56],[48,9],[38,60],[32,-25],[42,70],[-14,33],[52,23],[-24,13],[14,25],[122,79],[41,5],[22,-31],[43,53],[17,-15],[-23,-18],[40,4],[-9,-31],[12,11],[7,-20],[-49,-85],[-79,13],[51,-61],[-29,-55],[51,-45],[41,84],[20,-6],[-10,27],[30,-4],[-17,23],[24,-4],[-10,38],[41,-16],[-14,36],[36,-2],[-3,26],[38,-3],[40,-89],[26,3],[20,42],[63,-36],[23,161],[79,-5],[12,-38],[20,1],[4,-21],[-59,-40],[31,-69],[26,-14],[19,25],[80,-2],[15,-40],[51,17],[5,89],[29,9],[-32,22],[1,55],[86,1],[16,34],[36,-39],[47,46],[29,-20],[22,14],[30,-29],[8,-66],[50,17],[16,-67],[32,6],[7,43],[48,-28],[61,3],[14,40],[-33,43],[34,0],[13,25],[12,-73],[31,-30],[50,26],[-6,42],[77,-44],[43,19],[-34,44],[73,154],[21,-13],[-9,-72],[-49,-86],[90,-73],[44,-13],[25,23],[23,-22],[16,44],[70,9],[50,-23],[-18,63],[22,30],[123,4],[23,47],[51,14],[0,-54],[77,-52],[70,18],[12,-28],[54,7],[29,-57],[86,-19],[-12,-47],[44,13],[-4,-17],[48,-18],[110,29],[47,-17],[-26,-72],[-52,-38],[27,-25],[55,48],[-55,-48],[54,-71],[25,3],[-4,-18],[42,35],[7,62],[71,91],[-18,40],[41,-4],[15,61],[33,-27],[38,35],[57,-34],[45,0],[10,21],[26,-19]],[[164875,188460],[-47,-104],[50,-32],[-26,-68],[17,-66],[-18,-50],[23,-36],[53,5],[-13,-82],[49,-170],[-44,-99],[-60,-22],[15,-73],[-29,-161],[-69,-73],[-71,-21],[16,-23],[-36,-45],[33,-41],[89,8],[-2,-48],[90,-70],[-17,-59],[59,5],[52,-40],[75,-107],[-2,-54],[93,-64],[41,20],[30,-38],[110,-47],[30,-108],[52,-18],[9,-27],[98,-22],[4,-56],[43,-16],[18,-45],[-25,-39],[8,-80],[-40,-50],[111,-97],[2,-87],[50,-62],[43,-14],[39,26],[49,-14],[79,29],[98,-4],[69,36],[56,-53],[31,1],[40,25],[27,88],[88,69],[37,15],[70,-17],[35,71],[87,19],[67,75],[45,16],[71,-14],[46,22],[43,-33],[106,62],[198,45],[96,-27],[-10,-130],[41,-29],[21,-112],[31,-31],[-1,-143],[31,-40],[-55,-83],[-45,-18],[-79,-86],[128,-42],[17,-38],[-35,-172],[-62,-23],[-8,-59],[4,-26],[51,-1],[27,-26],[7,-89],[43,-68],[-17,-26],[26,-110],[63,-68],[28,-139],[-34,-39],[-32,-166],[18,-58],[-18,-43],[43,-62],[-14,-197],[-35,-10],[-114,43],[-116,6],[-4,-74],[-85,-73],[-60,-113],[-42,-17],[-30,17],[-33,-40],[-83,-14],[-50,-60],[-151,-23],[-55,52],[21,72],[-43,47],[-65,35],[-136,10],[-157,162],[-66,-7],[-119,78],[-174,-101],[-28,-93],[-56,-33],[-27,-87],[-30,5],[-6,-52],[50,-87],[9,-97],[-115,-247],[63,-171],[-63,-63],[-24,-159],[116,-59],[35,-104],[-46,-58],[22,-73],[-70,-78],[4,-37],[43,-56],[132,-63],[92,16],[66,-23],[20,-55],[63,-17],[49,-52],[67,-29],[85,0],[23,-32],[256,-54],[89,-58],[86,31],[11,-59],[105,-29],[59,-72],[3,-80],[-35,-86],[19,-21],[103,-5],[79,-67],[65,-2],[121,-70],[67,56],[101,-35],[69,47],[30,-5],[-13,-87],[77,-121],[-11,-50],[51,-36],[-1,-66],[50,-82],[69,36],[30,65],[70,8],[39,38],[35,110],[57,21],[52,86],[77,-15],[136,121],[55,-37],[93,-23],[47,10],[80,-41],[85,70],[41,4],[58,-48],[70,28],[145,-48],[61,-53],[-10,-67],[66,-120],[12,-96],[-68,-148],[-76,-23],[-23,-54],[114,-104],[110,3],[57,-92],[99,21],[68,-75],[22,-72],[42,-42],[24,9],[48,-29],[42,-122],[-14,-31],[-86,8],[-85,-63],[47,-114],[-26,-29],[-19,-134],[6,-22],[105,-8],[56,-48],[19,-51],[48,-9],[34,-64],[99,30],[92,-3],[110,48],[57,198],[59,3],[20,-23],[157,10],[10,19],[50,-27],[54,19],[35,-27],[84,-6],[109,28],[37,-42],[51,3],[42,-55],[88,4],[30,-182],[-55,-37],[-63,-119],[-69,2],[21,-66],[108,-70],[86,-17],[47,33],[89,-13],[53,33],[226,28],[41,43],[186,14],[6,-74],[-48,-25],[35,-51],[-4,-47],[39,-34],[169,13],[74,-74],[109,-17],[32,18],[32,-52],[133,14],[105,-17],[19,-37],[-72,-106],[17,-56],[69,-47],[16,-46],[-58,-40],[-16,-182],[35,27],[94,-47],[97,-114],[-59,-47],[-19,-69],[14,-90],[-57,-7],[-29,-43],[-93,-10],[-140,-104],[10,-82],[-80,-36],[-39,-63],[35,-156]],[[173428,186835],[-39,-79],[-69,-29],[-19,-43],[35,-33],[-8,-51],[-15,-21],[-37,16],[-24,-20],[-9,-30],[21,-33],[-37,-22],[3,-45],[-41,-14],[-9,-45],[16,-12],[53,40],[-5,-44],[21,3],[9,57],[82,38],[33,-45],[-82,-110],[33,-56],[36,-5],[22,25],[41,-16],[-13,41],[32,0],[-1,65],[32,24],[42,-51],[-21,-73],[33,-10],[33,43],[97,-39],[-25,34],[2,142],[42,-8],[29,34],[27,-6],[-33,67],[-78,22],[-58,-21],[-27,18],[7,20],[84,19],[-37,84],[-6,101],[41,-3],[23,-67],[48,17],[41,-27],[73,4],[14,35],[30,-69],[-61,-178],[40,-24],[-55,-47],[44,-23],[-11,-45],[25,-18],[-64,-50],[30,-98],[-41,-48],[-31,2],[-8,-41],[24,-50],[-46,-16],[-3,-23],[37,-84],[61,1],[-16,-30],[19,-60],[156,-70],[143,-41],[55,9],[91,77],[57,-21],[9,24],[-37,2],[30,1],[-10,32],[25,11],[12,-29],[30,11],[-25,-40],[46,-51],[95,0],[153,38],[23,28],[-31,15],[27,11],[15,-30],[7,20],[-23,24],[-40,3],[47,2],[16,38],[30,-6],[2,-24],[101,33],[77,51],[146,201],[75,49],[36,-13],[17,25],[86,2],[26,40],[-15,83],[100,101],[41,14],[22,57],[76,-4],[22,29],[17,-15],[56,67],[41,18],[63,-13],[18,60],[75,-19],[40,43],[19,-18],[-29,-30],[41,-27],[-44,25],[-39,-24],[44,10],[62,-34],[15,-48],[-68,-4],[-23,-57],[32,-32],[69,6],[38,-140],[-48,-22],[-61,41],[-18,-15],[15,59],[-52,42],[-195,-92],[-99,-87],[-73,33],[37,-70],[115,22],[-69,-100],[71,-48],[2,-49],[-119,-97],[-47,-76],[26,-29],[-36,-6],[-42,-50],[4,-39],[-41,38],[-106,22],[-94,-9],[-45,-29],[-129,32],[-79,49],[-75,-18],[-60,-70],[154,11],[69,-28],[92,-86],[42,10],[6,-22],[-3,22],[183,34],[76,-73],[44,34],[21,-41],[14,22],[32,-9],[-6,-33],[200,-26],[-1,19],[30,-10],[54,26],[80,132],[3,57],[34,28],[40,-26],[4,-38],[43,-8],[43,32],[-6,-48],[127,-21],[154,10],[115,85],[5,29],[17,-81],[39,-15],[42,17],[52,-101],[58,-2],[54,26],[14,117],[91,-9],[45,55],[54,-40],[42,20],[49,88],[-88,20],[49,54],[68,-28],[13,15],[-32,21],[6,24],[26,9],[90,156],[12,245],[48,14],[6,28],[69,-61],[40,14],[25,50],[-22,59],[-58,19],[-41,-31],[-77,14],[-34,-74],[-28,59],[-97,-10],[-40,-26],[-31,-145],[-35,-6],[-59,-59],[-55,4],[-73,-34],[-25,26],[27,36],[-28,125],[34,74],[-24,80],[-192,57],[-76,1],[-46,-28],[-74,59],[11,62],[47,0],[141,121],[61,109],[65,2],[-2,51],[11,-12],[25,51],[60,8],[37,-35],[197,51],[77,-18],[-5,-35],[50,-60],[71,36],[40,-139],[-38,-47],[60,-39],[-25,-45],[45,-19],[-25,-44],[42,-46],[24,-12],[68,40],[56,-38],[31,20],[17,59],[-33,9],[-31,47],[-34,0],[17,21],[-19,41],[27,41],[118,-124],[71,10],[39,-43],[-1,-40],[62,-60],[89,1],[-45,-18],[-20,-52],[-37,-6],[0,-35],[67,-73],[64,10],[11,-76],[31,-19],[25,9],[-3,45],[45,30],[20,47],[32,-88],[48,14],[26,-17],[8,30],[31,3],[16,57],[-51,48],[-1,28],[50,-22],[31,17],[49,-62],[75,-4],[86,41],[7,39],[-33,9],[-11,57],[-61,-14],[35,61],[-15,23],[-34,-2],[-13,48],[19,40],[-20,11],[-41,-25],[-2,56],[-38,38],[-46,-3],[-47,32],[22,46],[-18,40],[-109,9],[-7,78],[-35,33],[87,-25],[46,51],[3,73],[55,-97],[76,40],[41,-64],[56,-20],[4,-77],[94,-35],[54,15],[31,33],[-15,57],[38,44],[99,12],[-22,93],[39,23],[46,-9],[1,39],[38,23],[-40,81],[35,8],[9,33],[-26,39],[-46,4],[44,54],[2,77],[-34,46],[-115,-26],[5,62],[-37,37],[-45,-1],[-101,-70],[-74,105],[126,101],[39,1],[4,77],[-40,47],[-23,-16],[-74,25],[-70,-6],[23,54],[-34,25],[7,42],[114,-27],[14,27],[-143,101],[-109,-86],[-25,107],[35,9],[-8,45],[113,31],[31,-13],[36,-73],[50,-3],[54,-40],[64,26],[88,-38],[-35,-147],[67,-58],[72,37],[75,-21],[14,-43],[-41,-30],[-6,-71],[32,-62],[79,-7],[41,-42],[126,39],[26,86],[87,32],[115,-100],[42,58],[-23,96],[54,45],[81,-7],[31,21],[21,-30],[-5,-134],[20,-25],[44,0],[5,-60],[126,1],[109,32],[132,67],[9,56],[38,6],[32,70],[70,48],[16,28],[-48,61],[25,28],[70,4],[-1,-83],[75,-42],[34,-65],[117,16],[97,69],[85,127],[24,114],[-136,138],[-22,60],[-48,27],[-44,-1],[-17,-25],[-50,37],[51,43],[1,120],[28,35],[-3,47],[-47,36],[40,-1],[57,39],[71,154],[-24,187],[-67,101],[33,54],[-35,79],[-94,-35],[-46,-77],[22,-17],[51,41],[3,-93],[-73,-19],[-18,35],[-51,16],[53,68],[-1,147],[-72,63],[-2,31],[55,76],[48,12],[2,33],[37,9],[8,41],[39,7],[0,43],[118,-16],[-21,-8],[20,-32],[65,16],[52,96],[-55,-22],[98,71],[78,111],[119,16],[63,34],[36,32],[13,68],[75,34],[23,62],[50,-18],[45,-49],[21,-82],[55,-21],[39,-52],[10,-72],[59,-116],[-187,182],[-29,-20],[6,-60],[74,-61],[7,-72],[138,-162],[-34,-93],[6,-54],[49,-58],[-29,-72],[44,-54],[48,-17],[-51,-100],[50,-24],[-1,-108],[-60,10],[-27,46],[-71,-33],[-92,-126],[-8,-73],[108,-75],[38,4],[24,-60],[56,-27],[16,-81],[35,-37],[-32,-54],[33,-36],[184,-15],[8,39],[1,-29],[56,17],[-2,27],[-56,11],[67,7],[6,-35],[104,26],[-2,35],[-59,23],[-82,-8],[9,69],[58,2],[0,-37],[48,-8],[56,32],[-1,173],[-134,24],[219,10],[45,16],[33,51],[0,36],[-65,44],[-18,131],[22,38],[-43,62],[191,123],[-19,97],[106,143],[-36,60],[6,100],[-149,58],[75,47],[47,-14],[75,88],[20,172],[-67,170],[32,52],[19,119],[-140,210],[-37,115],[-146,195],[-82,227],[-31,2],[-49,73],[-59,11],[-32,50],[-166,131],[3,24],[-46,30],[-41,81],[-53,29],[-60,85],[-259,225],[-172,191],[-33,1],[17,13],[-41,73],[-51,8],[41,45],[-14,55],[-37,14],[34,6],[40,130],[-39,165],[42,227],[-28,14],[0,46],[27,-52],[-9,116],[-38,16],[5,49],[-24,-8],[-10,34],[-56,31],[40,-30],[8,-70],[-11,68],[-75,60],[21,32],[-7,49],[-26,50],[-15,-7],[16,-47],[-41,104],[-55,9],[-86,99],[-31,8],[-28,68],[14,26],[-90,57],[-48,73],[30,33],[-41,71],[72,68],[-29,60],[61,23],[-26,42],[6,46],[49,26],[7,39],[60,6],[17,50],[69,3],[54,65],[45,3],[174,178],[134,207],[-1,-26],[40,39],[13,30],[-30,21],[1,111],[5,-71],[17,0],[0,97],[-41,-30],[49,38],[2,29],[63,26],[8,28],[-24,21],[62,112],[7,81],[-21,6],[36,59],[-1,53],[57,3],[4,37],[-18,25],[-11,-15],[74,145],[-28,-8],[50,59],[4,42],[-25,31],[18,-14],[8,49],[-42,44],[78,41],[20,59],[-15,30],[26,-20],[20,42],[44,-8],[66,65],[-13,-21],[59,34],[-17,57],[6,23],[9,-24],[15,15],[-13,57],[79,64],[6,126],[24,-13],[-5,31],[38,19],[-28,-37],[57,17],[-4,-20],[20,16],[-25,36],[85,-1],[71,43],[286,285],[43,88],[-65,46],[329,520],[-23,207],[26,-204],[74,-39],[-20,7],[-147,-278],[29,-2],[141,265],[48,-6],[18,30],[35,-18],[33,36],[-33,33],[95,167],[-43,7],[-32,-25],[-29,-79],[-69,36],[-43,-8],[47,11],[-34,36],[41,-23],[133,193],[-4,46],[-62,19],[102,61],[-56,73],[30,32],[-9,36],[-101,105],[8,29],[72,14],[2,44],[-89,69],[-17,60],[148,22],[55,-15],[38,51],[34,-23],[2,22],[27,-32],[48,61],[10,-47],[65,12],[50,-51],[171,30],[698,421],[291,231],[31,51]],[[183893,198801],[72,-57],[129,-39],[-25,-43],[-7,-114],[49,-29],[36,28],[25,-21],[-32,-34],[30,-21],[-36,-32],[35,-25],[-12,-38],[72,14],[-33,-64],[12,-14],[21,-6],[11,27],[51,-18],[38,14],[66,-29],[34,25],[36,-69],[50,-20],[67,9],[68,-50],[33,5],[28,-86],[71,-99],[95,-15],[32,-83],[-30,-45],[22,-53],[77,-48],[59,8],[23,-31],[52,-9],[-45,-87],[33,-114],[-48,-140],[67,-213],[46,-22],[-6,-153],[117,-193],[148,-65],[44,-63],[106,16],[44,61],[293,-40],[93,49],[110,-2],[62,31],[55,-85],[-26,-104],[40,-64],[139,-35],[48,-116],[54,-62],[90,-23],[33,-78],[111,56],[110,-72],[105,22],[83,129],[54,17],[42,80],[150,123],[52,-15],[70,-138],[87,-1],[35,-49],[69,-8],[150,85],[71,-53],[44,13],[18,-27],[138,104],[70,-13],[78,33],[43,-31],[66,3],[47,-139],[183,-39],[57,-87],[60,-14],[35,-54],[44,-24],[70,14],[84,-41],[56,-146],[89,-60],[-11,-66],[48,-74],[103,-29],[98,-62],[39,-51],[107,-7],[156,-110],[28,-94],[54,-47],[-28,-116],[33,-29],[18,-91],[46,-22],[88,2],[29,27],[48,-36],[92,67],[55,-1],[66,33],[36,-25],[44,42],[55,-6],[101,88],[116,43],[133,5],[177,-35],[107,80],[124,19]],[[190942,195410],[135,-192],[13,-82],[-10,-28],[-72,-10],[-59,-37],[-42,-50],[-98,-26],[-37,-50],[-26,-2],[-2,-54],[-99,-76],[38,-18],[3,-251],[-37,-96],[19,-88],[-49,-54],[21,-75],[-49,-60],[8,-128],[-37,-90],[317,-81],[35,-38],[19,-328],[-43,-22],[-23,-55],[15,-68],[41,-48],[189,-59],[53,-39],[91,12],[106,-40],[57,1],[62,-45],[2,-82],[-91,-119],[-40,-128],[66,-72],[147,-13],[-4,-33],[95,-92],[77,-2],[30,-28],[40,-89],[-11,-44],[71,-62],[39,-100],[-21,-131],[-45,-49],[98,-117],[-4,-71],[60,-69],[31,-107],[-18,-121],[-82,-104],[-134,-46],[-186,18],[-35,-200],[-32,-53],[20,-168],[-38,-145],[-43,-30],[-47,-122],[-81,-21],[-18,21],[-84,-9],[-28,22],[5,105],[-145,64],[-123,-19],[-192,-136],[-120,89],[-124,26],[-39,-129],[-146,-133],[-65,-11],[-69,44],[-44,0],[-37,-47],[-65,-30],[-115,9],[-62,55],[-117,-75],[-32,-57],[-117,-27],[-54,63],[-18,185],[-101,131],[-61,-54],[-40,-100],[-101,-28],[-54,20],[14,-97],[-77,-66],[-94,41],[-53,-8],[-27,57],[-37,-2],[-106,103],[-54,-53],[-77,4],[-61,-96],[10,-86],[-123,-45],[-87,-67],[-68,36],[-56,-16],[-83,38],[-71,1],[-79,-37],[-118,36],[-97,79],[-91,37],[-62,-146],[-69,-62],[-18,-59],[24,-153],[-25,-60],[-52,-25],[-2,-63],[-29,-46],[-35,9],[-55,80],[-40,158],[-155,133],[6,44],[-63,-41],[-118,-20],[-70,9],[-80,88],[-39,7],[-111,-44],[-70,-56],[-64,37],[-142,-3],[-172,120],[-53,3],[-75,-43],[-17,35],[-59,29],[-48,88],[-148,-21],[-10,63],[-168,53],[-171,-112],[-99,-23],[-15,-39],[-105,-72],[-26,-64],[-137,-22],[-11,26],[-34,3],[-75,-23],[-55,-93],[10,-37],[-43,-32],[8,-63],[-52,-165],[20,-57],[74,-63],[-16,-50],[41,-148],[-24,-82],[-66,-63],[48,-94],[-169,-77],[-31,-137],[-40,-40],[-29,4],[-92,-154],[-83,-21],[3,-108],[95,-101],[-140,-102],[24,-88],[-79,-37],[-56,-82]],[[184400,188469],[-3,43],[-86,66],[-37,4],[-31,51],[-97,46],[-65,-6],[-97,82],[-83,-40],[-141,141],[-45,4],[-72,-35],[-121,65],[-63,-46],[-59,95],[-58,-13],[-44,50],[-37,-2],[-63,170],[-37,37],[-106,18],[-35,-34],[-87,36],[-58,-37],[-34,32],[-42,-115],[-43,2],[-66,63],[-83,-35],[-28,-158],[-38,-26],[-51,-125],[-40,-19],[-71,-138],[26,-61],[163,-54],[28,-49],[16,-61],[-17,-17],[34,-63],[-18,-28],[42,-44],[8,-62],[34,-19],[13,-90],[22,-14],[-18,-82],[18,-74],[97,-107],[137,-328],[9,-58],[-153,-201],[59,-111],[-11,-157],[-41,-10],[-63,100],[-163,23],[-13,-25],[-29,12],[-36,-25],[-83,83],[-86,-19],[-158,27],[-45,21],[-15,68],[-42,20],[-22,-46],[10,-99],[-69,-92],[37,-81],[-3,-58],[-69,-68],[50,-94],[-16,-41],[21,-37],[-49,-108],[8,-151],[-183,139],[-142,49],[-85,-97],[4,-66],[-105,-69],[-98,31],[-23,60],[-167,43],[-31,-71],[-60,11],[-15,22],[-199,-44],[-6,-40],[37,-59],[-75,-56],[-42,-128],[-71,-6],[-1,-48],[-47,-63],[-4,-126],[-98,-99],[-205,28],[-115,-99],[-118,221],[-75,45],[-63,-27],[-70,75],[-72,5],[-8,86],[-66,145],[-101,1],[-23,-152],[-110,-306],[-78,-45],[-29,-59],[20,-71],[-29,-91],[-79,-82],[20,-62],[-39,-247],[-66,-78],[47,-31],[-12,-66],[31,-50],[-6,-95],[-81,-41],[-77,-3],[-24,-59],[-110,-96],[8,-148],[-42,-123],[-357,-142],[-59,14],[-84,89],[18,134],[-34,41],[-48,-15],[-147,61],[-38,-38],[-61,4],[-72,39],[-107,-35],[-73,13],[-41,-66],[-38,-241],[30,-45],[-36,-102],[-35,-16],[-79,8],[-56,41],[-60,-12],[0,-124],[-90,-25],[-75,-66],[-16,-121],[-48,-16],[-76,-145]],[[177327,183558],[-41,-13],[-38,17],[-47,-52],[-201,95],[-68,-8],[8,-71],[-61,-47],[-67,-10],[-51,33],[-52,-12],[-78,58],[-23,-31],[-51,-2],[-32,-87],[-59,-33],[-21,10],[-56,-47],[-118,36],[-33,31],[-70,-7],[-56,40],[-78,7],[-16,42],[-61,22],[-20,46],[-101,-11],[-34,44],[-123,35],[-103,92],[-78,-52],[-179,100],[-117,19],[-45,-29],[-8,-40],[-59,79],[-97,-8],[-57,28],[-26,-39],[-79,-36],[-125,110],[-150,-4],[-53,47],[-69,-21],[-91,24],[-219,-20],[-129,56],[-20,98],[76,111],[-21,72],[-34,6],[-35,76],[67,100],[-58,191],[-69,41],[-71,-17],[-67,43],[-121,-73],[-33,67],[-61,32],[21,81],[55,30],[-39,72],[-33,25],[-101,3],[15,31],[-44,122],[-76,-7],[-134,95],[-21,68],[-91,65],[-62,99],[9,79],[109,176],[37,12],[12,71],[31,14],[29,-32],[20,23],[-50,191],[50,70],[-47,46],[-84,16],[-37,59],[-138,84],[-26,44],[-31,-1],[-7,85],[70,130],[-5,58],[85,102],[2,74],[88,56],[273,98]],[[184400,188469],[-62,-90],[74,-90],[21,-62],[-55,-114],[113,-139],[17,-122],[136,-51],[95,42],[23,39],[122,16],[110,-113],[-45,-95],[-76,-76],[74,-71],[34,-138],[-8,-84],[31,-60],[-33,-48],[8,-191],[-54,-67],[-35,-136],[18,-155],[69,-51],[43,28],[18,64],[144,5],[56,-122],[-25,-32],[19,-56],[69,-19],[12,26],[39,-6],[97,41],[83,306],[140,16],[41,-138],[62,-84],[10,-136],[45,-74],[154,-30],[31,12],[38,-31],[-8,-46],[27,-26],[-37,-70],[47,-38],[44,-90],[-27,-34],[-50,37],[5,-34],[-45,-31],[-5,-38],[-38,-16],[-86,-154],[-16,-130],[156,-128],[55,-121],[-5,-56],[175,-57],[64,16],[22,-25],[13,-167],[44,-38],[22,-80],[-56,-95],[13,-45],[-102,-103],[6,-49],[38,-42],[-98,-88],[0,-61],[117,-93],[106,-197],[119,-57],[6,-34],[54,-21],[6,-49],[41,-23],[-108,-172],[-141,-89],[-148,4],[-50,-57],[22,-164],[-53,-49],[12,-71],[37,-5],[40,40],[73,-13],[12,-90],[-150,-314],[30,-77],[-21,-34],[2,-108],[-78,-94],[3,-73],[-50,-29],[-1,-47],[-52,-18],[-115,-154],[68,-158],[-34,-297],[14,-48],[34,-20],[-108,-129],[-137,-37],[-3,-48],[-24,-21],[87,-58],[29,-74],[88,-15],[24,-55],[-18,-16],[84,-29],[10,-35],[126,-37],[50,-84],[43,-11]],[[186257,181314],[23,-55],[-12,-129],[28,-43],[-49,-49],[-24,-141],[-56,-79],[106,-35],[45,-39],[71,28],[152,-127],[42,-73],[82,-14],[21,-32],[-12,-49],[91,1],[37,-68],[-23,-52],[29,-104],[-52,-45],[-96,-7],[-19,-165],[-69,-41],[-33,-94],[173,-114],[-49,-77],[-63,-38],[36,-96],[-24,-48],[15,-103],[-38,-54],[6,-78],[-21,-26],[55,-93],[-94,-53],[30,-92],[39,-39],[18,-135],[-9,-30],[-32,17],[-69,-62],[-1,-34],[-36,-6],[-29,-46],[-58,9],[-33,-90],[-62,-31],[0,-114],[-26,-17],[29,-174],[90,-21],[-33,-40],[-9,-89],[-60,-31],[23,-43],[-27,-33],[2,-59],[61,-181],[-109,-76],[40,-50],[-24,-171],[16,-20],[-175,-185],[3,-44],[-58,-52],[-56,-188],[-130,17],[-180,-169],[38,-53],[-50,-74],[16,-96],[-17,-15],[49,-50],[-103,-42],[9,-115],[-51,-53],[17,-108],[-80,-13],[-39,-59],[-94,-23],[-60,-70],[-94,12],[-123,-51],[-56,-60],[-88,19],[-95,-46],[-4,-103],[-38,-11],[-74,-79],[-41,22],[-41,-15],[-83,-85],[-127,0],[-91,64],[-47,-72],[-62,-24],[-16,-61],[-240,-111],[-180,29],[-29,32],[-111,-8],[-103,38],[-21,37],[-68,0],[-84,48],[-131,21],[-48,48],[-62,8],[5,37],[-28,35],[-91,7],[-43,27],[-7,44],[35,54],[-31,20],[-119,-7],[-57,20],[-80,-20],[-8,-31],[-81,-3],[-78,-44],[-53,57],[-100,49],[-25,-56],[-53,-30],[-80,84],[-52,-7],[-17,58],[-74,28],[3,89],[-61,52],[-127,-93],[-50,-111],[-68,-26],[-78,48],[-30,-61],[59,-71],[-10,-30],[-50,-26],[5,-29],[103,-61],[40,1],[43,-51],[57,-12],[66,14],[74,-20],[30,43],[46,-22],[31,30],[40,1],[26,-42],[-43,-56],[51,-75],[-74,-33],[-55,-69],[-86,-2],[-52,-47],[18,-37],[-13,-78],[-41,-79],[-61,-24],[-71,17],[-58,-61],[-65,19],[56,-70],[-30,-64],[74,-120],[-10,-23],[36,-23],[-60,-53],[-3,-58],[-68,-22],[-60,-55],[-80,6],[-35,-59],[-64,-5],[-80,-68],[-73,65],[-35,-54],[-44,-22],[-67,39],[-25,-37],[-52,-12],[-33,-72],[-81,1],[-66,-57],[-81,16]],[[180829,174397],[-81,50],[-8,52],[-63,-32],[-15,63],[90,184],[164,79],[-10,93],[-160,117],[-11,-37],[-46,-23],[-88,16],[-47,107],[18,135],[23,29],[-18,24],[-67,10],[-64,-46],[-37,12],[-58,-36],[-38,14],[-43,-38],[-165,-23],[30,135],[-59,10],[-16,40],[-54,21],[-18,68],[-59,2],[-62,-40],[-87,-11],[-16,112],[-59,87],[39,180],[-7,53],[-49,51],[21,50],[-23,68],[20,82],[-69,-34],[-33,-59],[-68,2],[-75,-73],[-65,19],[-81,-20],[-39,-52],[-3,-52],[-39,-27],[8,-24],[-131,-44],[-82,53],[-96,16],[10,49],[39,22],[-23,54],[-38,21],[-41,-11],[-45,44],[-29,-4],[-20,41],[-107,54],[9,76],[-60,106],[114,107],[2,78],[-37,77],[44,71],[-16,34],[127,138],[-53,142],[37,62],[-63,129],[-142,42],[-12,52],[-94,96],[-8,51],[-44,15],[58,189],[-23,37],[-81,2],[2,112],[-79,-35],[-230,26],[76,123],[-1,34],[43,-26],[15,32],[-53,133],[-116,-11],[-56,68],[0,37],[65,-47],[145,0],[-13,158],[-99,1],[5,134],[-43,85],[-42,9],[-82,85],[-12,62],[26,45],[66,25],[61,63],[97,-9],[28,44],[13,110],[-54,148],[65,121],[24,2],[21,110],[-67,89],[59,138],[50,44],[21,180],[40,9],[35,104],[-7,84],[41,138],[-30,16],[-19,112],[53,63],[18,96],[39,27],[-9,97],[-107,28],[-42,69],[-41,135],[14,78],[-34,17],[-9,35],[23,129],[-63,104],[-24,167],[-63,64],[21,59],[-36,27],[11,43],[-20,31],[19,38],[102,56],[-5,180],[-44,63],[75,45],[3,66],[53,58],[-20,38],[49,53],[-20,79],[40,76],[102,77],[-4,68],[52,42],[3,49],[30,28],[-33,102],[-18,-3],[-75,-50],[-34,-102],[-113,-30],[-13,-37],[-76,-24],[-69,43],[-131,228],[17,102],[-23,37],[-64,27],[-7,98],[-60,35],[15,70],[-27,48],[-82,14],[-169,101],[-16,76],[-56,37],[-71,163],[-24,-10],[-66,47],[-141,28],[50,139],[28,19],[-13,28]],[[176772,174177],[63,-375],[48,7],[-4,-87],[149,-57],[27,-81],[108,-87],[-23,-35],[4,-104],[18,14],[126,-49],[101,7],[4,-26],[57,-18],[189,29],[54,-25],[8,-44],[46,40],[62,-20],[30,-63],[86,-6],[-3,-42],[-22,-9],[57,8],[77,-53],[63,29],[47,-19],[54,18],[100,-27],[37,-40],[104,-16],[-1,-38],[25,-3],[118,22],[65,-13],[25,57],[98,22],[41,43],[24,-26],[47,30],[54,-8],[69,-86],[29,159],[43,110],[26,12],[2,85],[51,3],[27,30],[2,55],[30,9],[82,103],[67,171],[66,-12],[48,76],[64,-16],[-23,-35],[21,-42],[-80,-116],[34,-72],[95,-44],[63,41],[81,-43],[13,62],[152,113],[42,-60],[11,-70],[49,-4],[52,51],[50,-43],[32,25],[40,-28],[18,13],[22,-60],[43,-3],[8,-38],[34,-11],[-16,-35],[47,-91],[-14,-119],[16,-64],[62,-23],[22,13],[-2,-40],[104,14],[73,70],[60,-11],[57,-56],[6,-87],[74,13],[132,-37],[2,112],[32,8],[35,64],[79,40],[48,259],[97,41],[76,-1]],[[181288,173537],[99,-130],[4,-65],[71,-44],[10,-65],[-21,-36],[52,-46],[-93,-106],[-141,-34],[-6,-27],[16,-25],[32,2],[35,-53],[211,-31],[57,-137],[8,-88],[41,-36],[-9,-44],[38,-15],[24,-46],[-59,-88],[16,-38],[-19,-39],[-53,-32],[-5,-72],[-102,-18],[-83,-93],[-280,133],[-44,59],[-19,-38],[151,-148],[107,8],[66,-36],[25,16],[121,-272],[-18,-75],[-39,-26],[-8,-102],[-89,-38],[-2,-49],[-156,-159],[-10,-49],[-51,-58],[24,-74],[53,-47],[-21,-100],[-31,8],[-27,-33],[46,-84],[25,11],[8,-38],[91,-14],[33,-56],[-9,-80],[68,-38],[36,15],[79,-18],[26,-35],[89,-36],[22,-53],[88,-4],[25,-33],[62,18],[40,-34],[32,12],[9,-16],[50,29],[26,-25],[34,14],[57,-176],[59,8],[44,38],[28,-10],[141,116],[57,93],[118,-84],[52,-10],[8,63],[63,11],[4,-66],[33,-8],[-10,-38],[59,-70],[-27,-30],[155,-150],[11,-49],[-25,-112],[-39,-46],[5,-76],[201,-53],[106,117],[92,-1],[187,84],[73,-2],[19,-16],[-9,-76],[53,-120],[-4,-87],[-51,-44],[-16,-105],[50,-70],[147,-36],[13,-31],[-18,-62],[-129,-62],[-51,-66],[-9,-134],[-65,-69],[-38,-132],[16,-89],[-32,-104],[-245,32],[-152,-84],[-264,59],[-69,-56],[-27,-61],[-105,-12],[-196,71],[-38,-33],[-119,-10],[-98,-116],[-212,-8],[-100,-107],[35,-97],[-13,-107],[-81,-102],[-88,-31],[-51,-132],[9,-22],[-80,-67],[6,-87],[35,-30],[81,-9],[56,-47],[58,-68],[5,-59],[38,-23],[36,-92],[-20,-95],[67,-42],[45,-132],[-25,-50],[22,-62],[51,-49],[0,-94],[98,-118],[91,-48],[80,1],[110,-163],[-100,-93],[-102,-26],[-45,-62],[-156,8],[-75,-66],[40,-205],[105,-94],[91,-37],[72,-156],[46,-16],[18,-51],[-43,-34],[-9,-70],[103,-40],[87,-101],[-34,-46],[13,-101],[-107,-50],[-94,-165],[-71,-4],[-13,-20],[-1,-63],[106,-18],[13,-144],[-40,-63],[-91,8],[-27,-68],[-128,-68],[-14,-68],[-43,-43],[-11,-89],[86,-56],[140,-28],[-26,-160],[-24,3],[-12,-31],[104,-95],[-14,-46],[34,-16],[18,-61],[-54,-85],[-72,-38],[12,-127],[-63,-57],[89,-230],[-46,-61],[-60,-25],[-18,-44],[12,-35],[52,-26],[22,-89],[-23,-49],[54,-55],[-78,-115],[227,-224],[-211,26],[-78,46],[-62,-63],[49,-70],[-48,-204],[52,-135],[-70,-152],[81,-58],[48,-90],[37,-217],[-40,0],[-64,-55],[-147,103],[-49,-21],[-12,33],[-42,-16],[-1,34],[-70,29],[-6,23],[-86,2],[-55,-28],[-109,55],[-31,-57],[-116,60],[-9,79],[-32,-20],[-4,-44],[-26,-4],[-21,72],[-79,-147],[-58,17],[-63,58],[-64,-11],[-47,-182],[-105,-79],[-15,-77],[-37,-27],[0,-56]],[[180571,161711],[-35,-63],[-143,-40],[-28,-87],[-53,-55],[2,-48],[-106,-34],[-31,-58],[-193,-25],[-41,-50],[-57,-20],[-93,6],[-81,-81],[-24,82],[-149,-6],[-32,18],[-148,-141],[-12,-109],[-115,-48],[3,-77],[-31,-46],[-37,-29],[-65,8],[-67,-136],[8,-112],[69,-80],[17,-142],[48,-20],[28,25],[69,-47],[-9,-68]],[[179265,160228],[-93,43],[-116,-14],[54,-125],[-40,-102],[-137,10],[-59,40]],[[178874,160080],[-11,58],[28,32],[-22,46],[-45,-10],[-156,80],[43,-126],[-140,-208],[18,-41],[-20,-67],[33,-125],[48,32],[95,-6],[45,-78],[51,2],[60,-84],[-25,-49],[-83,-47],[-22,-41],[21,-143]],[[178792,159305],[-37,-43],[-74,17],[-64,44],[-19,53],[18,171],[-39,-16],[-19,-39]],[[178558,159492],[-66,68],[-13,76],[43,94],[-44,41],[-11,65],[-59,37],[-67,7],[-85,-25],[-272,164],[-107,14],[-72,-57],[-24,-118],[-125,-18],[-207,-104],[-60,34],[-100,8],[-27,-53],[-41,4],[-69,-42],[-60,71],[-46,-29],[-50,47],[-36,-10],[-47,80],[-36,-12],[-18,29],[-33,3],[-28,61],[-88,54],[-24,-16],[-218,35],[-285,-8],[-50,-71],[-51,-23],[-107,36],[-97,-13],[-46,-33],[28,-59],[-6,-78],[-69,-57],[-18,-65],[-62,-15],[-47,-61],[-75,-10],[-62,23],[-125,-75],[-153,-17],[2,42],[72,75],[2,46],[43,21],[-4,65],[-50,106],[3,66],[-47,24],[-183,-5],[-71,55],[10,48],[-25,48],[145,79],[4,87],[46,108],[-18,73],[-46,36],[24,78],[82,7],[20,112],[-45,71],[22,85],[18,14],[66,-27],[34,-47],[40,-10],[122,19],[-22,133],[46,47],[19,92],[-7,99],[-31,49],[15,140],[-35,94],[-79,3],[-19,107],[-66,40],[15,111],[-43,43],[-140,7],[-50,57],[-176,-33],[-26,22],[-32,107],[55,71],[-9,64],[66,67],[-53,78],[-19,121],[-38,39],[-55,4],[-100,179],[-81,15],[-104,-25],[-51,98],[-150,32],[-17,50],[-67,10],[-91,100],[46,109],[91,50],[-14,192],[-34,21],[15,37],[152,49],[-14,77],[108,71],[183,53],[51,206],[38,67],[5,137],[70,124],[46,0],[154,93],[166,24],[71,41],[14,70],[-32,94],[34,16],[76,120],[127,40],[98,147],[1,39],[-50,11],[-99,110],[4,100],[92,77],[3,73],[93,86],[100,-44],[99,34],[74,94],[136,-12],[77,-24],[65,-76],[82,-3],[54,-85],[51,9],[91,-68],[73,98],[59,10],[73,77],[63,18],[0,52],[38,72],[-20,108],[-73,77],[3,49],[-49,115],[-11,171],[-43,84],[-30,-6],[-80,55],[4,52],[-65,-4],[-42,62],[-115,47],[-45,-109],[-117,-15],[-19,28],[14,19],[-45,18],[-5,51],[-57,61],[39,139],[-62,80],[16,17],[-40,14],[-9,66],[-19,-6],[25,49],[-28,21],[27,28],[-34,27],[-11,63],[21,-5],[25,53],[-20,66],[18,59],[-17,51],[-105,15],[-15,96],[12,72],[23,13],[-16,42],[27,45],[-21,22],[29,34],[-12,52],[21,86],[-107,175],[-65,276]],[[190942,195410],[27,208],[128,112],[70,158],[2,121],[22,47],[87,53],[-17,35],[37,43],[10,122],[-68,36],[8,84],[-38,29],[-25,67],[23,36],[-101,50],[3,37],[150,62],[127,-4],[64,61],[101,43],[26,85],[-12,57],[36,93],[49,32],[78,124],[93,69],[45,-11],[19,21],[-41,76],[19,74],[147,111],[9,97],[112,127],[-10,20],[58,67],[47,144],[63,24],[-14,73],[-85,42],[-5,82],[-113,41],[-34,66],[-264,9],[-2,63],[-116,89],[-1,140],[-70,96],[-75,35],[-44,109]],[[191467,198865],[43,56],[122,58],[72,-60],[232,0],[18,37],[67,33],[-27,15],[29,124],[80,126],[58,155],[-72,172],[-2,63],[96,64],[110,-60],[39,2],[10,36],[131,-2],[14,28],[-27,62],[54,90],[1,79],[43,31],[30,-19],[-8,-77],[45,-14],[3,-45],[-5,-40],[-36,-37],[-38,2],[-14,-43],[12,-29],[73,19],[11,-52],[-28,-33],[4,-33],[55,34],[49,-48],[65,56],[43,3],[93,93],[3,32],[84,39],[60,84],[77,-54],[171,-59],[101,-91],[95,15],[102,-58],[56,-104],[53,2],[90,-192],[-16,-33],[16,-41],[40,-70],[94,-51],[30,-92],[-61,-76],[-14,-145],[-32,-16],[-1,-50],[-68,-71],[14,-52],[-41,-37],[-12,-71],[121,-4],[20,-40],[39,41],[63,-55],[68,80],[87,52],[-4,61],[114,24],[39,-28],[74,15],[70,42],[1,42],[66,16],[-24,80],[46,49],[5,52],[93,80],[-42,37],[21,111],[65,-26],[70,19],[111,-7],[87,72],[20,45],[86,57],[14,169],[86,64],[-136,48],[17,66],[88,88],[78,182],[-52,34],[13,84],[97,33],[171,143],[146,-26],[77,21],[-1,144],[-40,60],[55,46],[83,-3],[36,88],[66,46],[-16,41],[47,88],[64,11],[16,40],[43,-31],[22,8],[30,81],[47,29],[65,173],[65,53],[88,10],[-16,75],[27,40],[120,34],[108,146],[52,-38],[44,20],[50,-13],[51,-75],[42,67],[24,-30],[35,2],[130,44],[37,-35],[-17,-82],[73,-34],[19,-72],[71,-76],[10,-149],[46,66],[69,-15],[-1,131],[71,3],[48,77],[132,12],[215,284],[59,-57],[62,-119],[89,70],[16,48],[201,107],[50,-8],[50,-53],[176,-49],[35,54],[104,36],[117,-48],[11,-156],[-62,-37],[-18,-65],[25,-54],[-70,-26],[-52,-67],[109,-171],[79,-14],[170,103],[52,-14],[51,63],[85,-13],[27,24],[65,-26],[1,29],[101,35],[11,49],[-23,54],[53,111],[69,14],[53,44],[106,-14],[24,36],[126,35],[14,46],[67,-66],[20,-88],[-20,-37],[6,-191],[120,-151],[81,-39],[103,15],[49,-46],[73,-7],[17,-35],[69,19],[52,-16],[54,-73],[74,-48],[57,63],[156,-75],[111,81],[74,133],[235,-30],[81,42],[101,-7],[100,-32],[49,-201],[72,-85],[151,-59],[22,-58],[45,-23],[67,-98],[257,-65],[161,26],[29,55],[48,9],[147,-51]],[[202452,200336],[-4,-290],[97,-52],[81,24],[107,-55],[136,-24],[149,-253],[85,-78],[14,-39],[137,-14],[13,-186],[60,-46],[24,-88],[-25,-19],[11,-61],[-23,-25],[-13,-104],[59,-72],[-86,-133],[13,-121],[-259,-169],[-38,-107],[-74,-87],[-86,-31],[-29,-119],[-78,-70],[-15,-70],[-132,-94],[-12,-95],[-57,-45],[-23,-94],[-30,-27],[-59,0],[18,-65],[-21,-41],[-71,-21],[-44,19],[-23,-26],[42,-70],[-37,-58],[19,-98],[42,-48],[11,-69],[105,-77],[65,-28],[48,15],[10,-20],[-58,-78],[21,-51],[-18,-76],[54,-98],[-43,-44],[-15,-90],[-281,-133],[-36,-33],[1,-96],[-116,-53],[-18,-46],[-49,-22],[-4,-52],[85,-110],[-51,-140],[3,-58],[-70,-21],[-25,-62],[9,-49],[55,-71],[95,-56],[17,-59],[66,-26],[66,-138],[76,-53],[63,6],[141,-73],[56,-83],[177,36],[59,-27],[-33,-52],[-9,-91],[51,-72],[-12,-57],[-93,-62],[-21,-116],[-57,-30],[-48,-71],[33,-225],[-86,-228],[11,-26],[-60,-102],[-133,-86],[-71,-95],[-91,3],[-95,-91],[-162,-49],[-97,-68],[-8,-40],[29,-53],[-10,-77],[-40,-50],[8,-43],[-130,-82],[-115,-270],[4,-40],[-80,-46],[-111,24],[-99,-20],[-80,-180],[-74,-57],[-42,-89],[-71,-60],[3,-122],[-46,-46],[11,-85],[-74,-103],[-157,-25],[-44,-51],[-51,-2],[-147,66],[-58,75],[-64,34],[-17,79],[-37,7],[-146,-37],[-68,21],[-69,-50],[-230,-93],[-235,-53],[-37,-59],[-55,-33],[-9,-43],[-126,-84],[53,-76],[-26,-145],[18,-75],[-90,-235],[-73,-61],[-273,29],[-38,-36],[-41,-208],[-43,-56],[22,-63],[-26,-12],[-27,-72],[18,-38],[-24,-37],[107,-44],[4,-71],[30,-25],[13,-65],[34,-22],[79,8],[100,48],[36,-3],[91,-87],[52,39],[233,48],[71,-43],[79,-2],[33,-19],[38,-195],[-80,-76],[29,-48],[93,-38],[154,31],[76,-17],[34,-44],[62,26],[58,-64],[90,-1],[-4,-67],[86,-137],[135,12],[35,67],[64,-38],[35,4],[70,-81],[11,-111],[35,-40],[-34,-50],[14,-48],[44,-34],[14,-51],[101,-85],[12,-64],[86,-31],[33,-133],[-26,-170],[70,-29],[32,-76],[62,-23],[15,-31],[-21,-125],[115,-90],[54,-9],[73,-82],[72,-3],[63,-92],[151,-92],[8,-76],[131,-163],[-6,-31],[-73,-38],[-6,-46],[24,-31],[-36,-58],[-85,-12],[-78,-57],[15,-91],[-54,-44],[-16,-106],[-80,-19],[-42,-166],[60,-55],[1,-28],[23,-1],[3,-45],[165,-111],[-15,-69],[76,-34],[16,-40],[178,53],[190,-46],[53,17],[44,-28],[-42,-113],[7,-61],[-64,-79],[10,-43],[100,-76],[7,-53],[-27,-69],[57,-70],[-11,-76],[41,2],[58,-98],[86,-9],[40,-49],[67,-22],[49,3],[52,-55],[75,42],[114,-112],[33,-6],[13,-75],[52,-22],[-12,-23],[53,-105],[75,-36],[-37,-47],[-8,-91],[-52,-13],[-2,-110],[36,-151],[38,-16],[-3,-105],[39,-45],[-9,-69],[-44,-45],[-78,-6],[-22,28],[-43,-14],[-17,-51],[-52,-28],[-38,-66],[-44,-14],[-197,-178],[117,-126],[94,-22],[100,-119],[31,-63],[-29,-54],[67,-99],[14,-79],[50,-25],[95,-3],[-14,-61],[54,-93],[-49,-57],[-183,-97],[-297,38],[-22,22],[-60,-29],[-151,93],[-63,11],[30,-155],[125,-15],[29,-63],[139,-108],[-10,-207],[65,-130],[-21,-23],[21,-46],[-38,-27],[4,-92],[26,-23],[-22,-48],[49,-82],[-17,-25],[17,-40],[-39,-39],[-145,-4],[8,-40],[-50,-71],[-58,-33],[0,-44],[-76,-2],[-50,-34],[-39,26],[-60,-57],[22,-25],[-59,1],[9,-41],[-112,-16],[32,-126],[-40,-107],[77,-101]],[[202101,182475],[-17,-63],[14,-36],[-143,17],[-105,-59],[-107,27],[-30,-16],[-67,48],[-139,-15],[24,-160],[-63,25],[-43,-50],[12,-43],[-70,-49],[-39,3],[-17,-57],[-108,20],[0,-82],[-67,6],[-108,-33],[-22,-41],[-86,-25],[-80,-115],[-27,-15],[-36,21],[-74,-105],[-102,5],[-40,-88],[-119,-23],[-10,-60],[-42,-4],[-36,-83],[-79,-28],[-67,65],[-109,218],[-119,-89],[-19,47],[-50,13],[-37,53],[-81,-31],[-109,16],[-22,72],[-36,33],[56,77],[-24,108],[-27,24],[-75,-22],[-72,74],[-52,-49],[-89,11],[-171,-64],[-81,12],[14,63],[-34,-10],[-37,55],[88,100],[-23,49],[-95,36],[3,-22],[-19,2],[-38,43],[-37,-9],[12,23],[-89,37],[-60,61],[-155,65],[-27,47],[-134,-39],[-29,23],[-70,-31],[-103,7],[-15,-16],[-66,7],[-39,39],[-51,-74],[-48,14],[-73,-26],[-44,-106],[19,-57],[-44,-2],[-6,-43],[-53,3],[-51,-67],[-83,3],[8,-28],[-28,-40],[-95,3],[-25,-57],[-51,-3],[-81,-77],[-34,-4],[-7,72],[-33,-24],[-88,17],[-48,-38],[-25,-74],[-43,33],[-52,-59],[-46,31],[-142,-5],[-139,117],[-14,69],[-35,6],[58,71],[-45,40],[-11,55],[-48,14],[0,34],[-60,87],[-94,-23],[-60,-42],[-65,35],[-52,-29],[-192,224],[-19,-14],[-21,31],[-136,53],[-33,-9],[-21,24],[-176,46],[-63,-73],[16,-75],[-40,-32],[-55,35],[-148,-9],[-22,65],[24,58],[-18,56],[23,31],[-29,27],[-105,-2],[-74,37],[4,45],[-49,105],[7,40],[123,94],[-65,150],[-62,8],[-33,48],[-80,-20],[-16,-29],[-26,8],[-36,-36],[-38,39],[-27,224],[37,28],[27,118],[-40,106],[-29,22],[-150,9],[-60,49],[-18,81],[-115,-5],[-53,29],[-18,66],[-175,-4],[-1,33],[-43,45],[-8,84],[-116,55],[-15,105],[-102,6],[-46,26],[4,53],[118,145],[-26,34],[16,40],[94,69],[-93,7],[-166,-48],[-80,7],[-59,-18],[-35,-55],[17,-179],[-29,-122],[-345,-167],[-192,-155],[-135,-24],[-329,3],[-201,-73],[-125,-13],[-62,-77],[-365,-193],[-460,81],[-108,41],[21,79],[-298,16],[-152,-133],[-162,-399],[-188,-334],[-149,-330],[-69,-93],[-178,-159],[-164,-348],[-213,-206],[-34,-61],[73,-648],[-15,-62],[-138,-157],[-17,-245],[49,-309],[-49,-204],[23,-119]],[[189816,179967],[-43,-17],[-27,121],[-86,131],[-83,196],[-125,73],[-25,-59],[22,-97],[-13,-189],[-77,51],[-60,3],[-17,32],[-57,4],[-86,-69],[-33,42],[-80,24],[-31,54],[-13,104],[-100,124],[13,78],[-52,96],[-70,-15],[-3,36],[-70,73],[10,45],[-69,-34],[8,43],[-51,25],[-11,34],[19,60],[-41,42],[-66,-5],[-19,89],[-81,7],[-60,46],[-83,18],[22,37],[-61,191],[-102,-23],[-31,18],[-3,121],[45,85],[-132,71],[-16,56],[23,79],[-68,30],[-32,154],[-84,10],[-107,-60],[-60,-1],[-59,-136],[-13,-112],[-66,-58],[-73,1],[-50,45],[-78,-10],[-27,-29],[-97,70],[11,-40],[-30,-38],[-20,-12],[-91,51],[-38,-76],[-56,86],[-40,-37],[-23,8],[-89,-113],[-19,10],[-54,-107],[-107,-101],[-106,55],[-25,58],[8,67],[-33,20],[-86,-83],[-120,-64],[-12,-42]],[[192814,170222],[83,38],[25,35],[51,-14],[-30,-54],[39,-13],[-6,-26],[36,-37],[-44,-85],[43,-85],[-72,-16],[12,64],[-75,17],[-74,-56],[-39,-66],[-112,-19],[-35,-93],[-40,43],[-29,-36],[-16,24],[-40,-8],[-11,-65],[-43,16],[-63,-30],[-120,43],[-45,-7],[28,59],[49,14],[17,66],[48,-19],[4,38],[30,-9],[66,34],[19,-26],[71,4],[31,58],[-44,4],[47,56],[51,-16],[45,41],[-57,-8],[-60,34],[7,-21],[-46,-15],[-32,16],[30,31],[162,35],[25,-22],[46,9],[-12,22],[80,45]],[[191090,166052],[24,18],[38,-15],[21,22],[40,-34],[63,22],[19,-25],[-40,-15],[9,-18],[59,16],[14,26],[16,-12],[12,38],[19,-20],[56,6],[5,-37],[-34,-7],[43,-2],[34,-80],[15,34],[-31,13],[3,81],[31,-34],[12,17],[35,-13],[11,-30],[33,12],[35,-43],[-10,-38],[18,49],[58,-3],[20,-24],[14,14],[-25,22],[21,-2],[37,-26],[-35,-44],[32,5],[4,-17],[-40,-17],[40,-28],[-62,-7],[38,-37],[12,22],[61,4],[-17,39],[41,8],[-23,14],[39,56],[-20,12],[-16,-21],[0,38],[74,-18],[-22,-50],[26,38],[31,-24],[21,33],[13,-15],[-29,-38],[26,-1],[19,40],[10,-42],[-30,-27],[8,-37],[-43,-9],[46,-9],[-7,-70],[33,-18],[-12,66],[24,18],[-28,20],[5,26],[41,-17],[39,27],[-24,-45],[26,-2],[7,26],[11,-25],[-50,-55],[26,-33],[8,38],[17,8],[11,-22],[-10,34],[28,-10],[-18,17],[30,3],[3,39],[17,-37],[4,55],[43,-10],[-27,25],[35,-3],[-8,28],[72,28],[-32,-5],[14,44],[33,10],[-9,-59],[-43,-39],[14,-79],[19,1],[-8,62],[41,-16],[-20,35],[16,12],[45,-36],[46,5],[41,-71],[-103,-5],[-62,-48],[-27,-199],[-56,80],[-37,10],[-297,-25],[-162,37],[-18,34],[-19,-22],[-34,6],[-6,-23],[-6,37],[-61,-2],[-16,32],[-40,-23],[-22,35],[-41,-19],[-39,30],[-46,1],[20,14],[-27,27],[-78,1],[-20,-43],[-71,20],[-14,26],[-44,-17],[-10,71],[-48,66],[-157,24],[47,50],[103,-3],[59,73]],[[192871,169619],[93,33],[40,65],[41,-15],[28,14],[19,-31],[-55,-142],[16,-53],[-38,19],[-67,-22],[-53,-83],[-82,-26],[-31,-43],[13,-49],[-36,-5],[-29,35],[22,14],[-11,35],[-68,-13],[18,54],[-41,-16],[-26,30],[-33,-23],[-22,50],[87,127],[215,45]],[[189816,179967],[50,-96],[258,-67],[263,-317],[238,-128],[136,-174],[124,-103],[45,-442],[103,-248],[164,-216],[-42,-29],[13,-19]],[[191168,178128],[-95,-6],[-153,182],[-176,5],[-128,-112],[-39,-7],[-30,31],[-318,-91],[-75,-98],[38,-135],[-190,-50],[-22,69],[-20,7],[2,-29],[-26,35],[-17,-23],[-57,23],[-12,-38],[-102,-53],[-30,33],[8,-25],[-128,-71],[-73,-107],[30,-13],[137,114],[102,49],[57,-4],[-43,-89],[-75,21],[-75,-73],[226,-104],[-25,-52],[-50,-19],[-29,-50],[13,-14],[-13,13],[-48,-82],[12,-19],[-12,17],[-14,-23],[-52,-1],[-162,73],[36,234],[-19,17],[-13,-21],[-62,-244],[61,-30],[-59,-252],[-83,7],[-6,36],[-26,-34],[22,-33],[-26,-2],[6,-70],[47,52],[57,-9],[-9,-31],[-38,11],[-15,-20],[32,-11],[-9,-29],[-59,17],[36,-49],[-93,17],[-6,-17],[55,-45],[18,-73],[23,26],[5,-72],[24,8],[15,64],[58,58],[204,-22],[-6,-54],[68,-7],[-9,-78],[-188,7],[-116,-52],[14,-51],[21,0],[-37,-99],[42,1],[-46,-144],[41,-133],[-23,-46],[21,-17],[-140,-147],[-58,-179],[17,32],[20,-8],[-143,-253],[9,-22],[-109,-141],[-42,-83],[12,-19],[-194,-223],[-95,-149],[-21,12],[-40,-29],[20,-22],[22,28],[42,-11],[-97,-72],[-574,-732],[-94,-225],[-35,-27],[15,-8],[-122,-307],[-27,-121],[11,-124],[-80,-327],[69,-5],[-8,-31],[-1,26],[-58,5],[-41,-143],[21,-223],[37,-79],[33,-2],[31,41],[86,-62],[-15,-35],[22,-14],[66,95],[75,-49],[-63,-89],[97,-63],[60,86],[-40,73],[93,-150],[-44,-64],[-109,-23],[-35,-48],[22,-44],[49,7],[-20,-173],[31,-195],[-41,27],[27,-125],[-20,-62],[-47,-98],[-103,41],[-30,-12],[56,-16],[-11,-48],[-66,29],[66,-30],[-7,-39],[-73,-14],[11,13],[-21,22],[-36,-20],[32,16],[18,-17],[-23,-9],[12,-12],[-34,13],[26,-15],[-18,-34],[-27,-2],[19,-3],[-1,-46],[-22,-6],[75,-59],[-22,25],[107,6],[30,29],[-19,-37],[29,-28],[4,28],[19,18],[-17,-29],[20,26],[82,-24],[63,111],[38,11],[-25,-52],[69,-29],[37,71],[32,-111],[44,-23],[23,-58],[61,19],[7,26],[18,-45],[-2,55],[54,-27],[-79,63],[3,22],[76,-76],[23,18],[-20,-36],[22,29],[86,-54],[428,-50],[113,-49],[5,18],[34,9],[-26,-14],[16,-25],[15,37],[-9,-48],[157,-43],[92,-59],[115,-268],[78,-108],[-6,-28],[95,-101],[273,-95],[114,-85],[288,-29],[23,-32],[62,-3],[1,-21],[198,-113],[141,-140],[13,-54],[67,38],[142,-163],[158,-88],[185,0],[10,-21],[85,-24],[203,30],[4,-72],[35,-32],[-17,-44],[72,-47],[-52,-60],[65,-37],[0,-62],[-37,-27],[37,-9],[0,34],[4,-34],[31,2],[26,56],[41,-48],[3,24],[39,15],[-34,6],[-26,38],[60,12],[8,35],[-31,40],[10,56],[-37,33],[16,36],[-38,19],[136,31],[25,-54],[-28,-27],[38,6],[-22,-38],[9,12],[21,-23],[-7,-32],[25,-20],[-32,-62],[38,-42],[46,67],[24,-24],[-19,-15],[10,-38],[35,24],[3,31],[27,-31],[-25,-10],[-3,-100],[38,-39],[-22,-52],[39,-3],[23,47],[52,-16],[-5,-15],[10,14],[54,-18],[59,49],[52,4],[34,-102],[44,-17],[71,12],[-27,-44],[-50,-21],[21,-22],[-23,-18],[12,-103],[-62,24],[-43,-11],[-6,-29],[22,-14],[-4,27],[25,6],[41,-71],[30,-3],[-54,-2],[-45,-46],[36,-12],[121,45],[-18,-98],[48,15],[82,-21],[0,-39],[-23,2],[13,-26],[-54,-55],[8,-45],[-72,-17],[77,-10],[37,-54],[-97,-67],[-15,-35],[145,74],[17,46],[48,-20],[-39,43],[-65,-9],[-11,49],[53,71],[30,12],[14,-27],[26,0],[-16,41],[15,36],[22,-18],[48,11],[10,-20],[29,19],[-90,49],[60,51],[149,-36],[29,15],[-5,47],[18,4],[60,-51],[8,-59],[46,-17],[2,-42],[50,8],[23,-26],[-7,-50],[-63,-34],[51,-51],[-28,-55],[23,-41],[-45,-30],[-9,-34],[17,-50],[52,-26],[4,-80],[53,-49],[-89,-17],[-33,-54],[-23,4],[1,-99],[-74,-35],[-44,-52],[5,-128],[74,-41],[-23,-12],[-57,26],[-28,-36],[19,-47],[63,-48],[-7,-70],[-87,-6],[-60,23],[-21,17],[30,44],[-66,-32],[22,130],[-34,42],[-52,6],[-86,-100],[-13,77],[38,29],[-8,43],[2,-34],[-40,-35],[-37,34],[-3,-34],[-45,1],[57,-19],[-28,-65],[9,-37],[-21,-14],[-36,45],[-91,43],[-29,50],[107,-282],[-28,-10],[-33,40],[6,24],[-59,19],[-30,-24],[31,4],[38,-34],[-2,-33],[-49,-18],[10,22],[-18,6],[-10,-50],[-67,-12],[-20,17],[-33,-73],[-28,16],[10,47],[-28,27],[-106,53],[-32,-29],[-44,16],[44,-29],[-1,-34],[-92,-15],[-2,-51],[-58,-38],[-16,37],[-60,23],[-138,5],[-76,34],[13,-50],[130,-27],[-44,-69],[50,-76],[44,-20],[30,25],[119,13],[16,55],[30,-2],[21,33],[-30,47],[6,31],[88,38],[-2,46],[93,-47],[-16,-136],[-26,-44],[26,-11],[8,38],[31,4],[30,50],[70,-4],[-10,50],[36,8],[20,-16],[-14,-68],[24,14],[52,-60],[-32,-4],[17,-26],[-18,-16],[-91,-19],[8,-32],[62,9],[-10,-104],[20,-34],[40,32],[7,83],[39,-12],[-15,44],[113,69],[56,88],[32,0],[-9,-49],[31,-23],[-3,76],[53,-39],[-46,50],[47,52],[29,-29],[19,9],[-10,-41],[28,-8],[-5,29],[38,-23],[-12,55],[13,-30],[44,-11],[46,42],[51,1],[-44,-57],[-40,-9],[-30,-96],[-55,-19],[-4,-28],[-45,0],[-19,-55],[-32,6],[-34,-44],[-81,-26],[-54,-176],[26,-160],[86,-104],[60,-38],[19,8],[15,-48],[-81,-108],[18,-82],[-31,0],[-14,-50],[64,-28],[-1,-21],[91,-68],[-17,-1],[-1,-53],[70,-36],[-21,-129],[26,58],[27,-46],[-46,-49],[-50,28],[-92,-12],[-20,-29],[-47,14],[-7,-25],[-67,-17],[-116,9],[-11,-60],[59,-63],[-62,-59],[-41,18],[-58,-12],[-34,81],[-93,37],[31,17],[-18,24],[45,-35],[86,6],[-72,42],[51,12],[13,35],[-14,-23],[-38,9],[-39,-30],[-1,20],[-31,2],[38,12],[-47,17],[56,6],[-2,27],[43,15],[-49,-7],[14,23],[-23,-10],[-8,27],[6,-45],[-68,1],[10,-18],[-42,-7],[-14,-27],[-6,44],[-18,1],[21,46],[-29,7],[0,-61],[-18,12],[17,-28],[-26,-7],[28,-21],[0,-17],[-26,13],[21,-30],[-17,2],[4,-28],[-19,30],[-52,-37],[39,69],[-29,5],[0,-24],[-84,-60],[-17,41],[61,17],[-19,37],[-16,-20],[-2,16],[-47,-9],[16,41],[31,10],[-33,7],[29,81],[-48,-2],[-11,-21],[-14,44],[14,14],[39,-23],[37,14],[13,-28],[7,24],[35,-12],[-40,27],[1,72],[-25,17],[44,7],[-14,-33],[18,-11],[23,32],[47,-6],[108,-78],[59,12],[11,-31],[57,34],[11,-28],[60,34],[22,-21],[7,40],[-25,8],[-14,45],[-25,-8],[2,-37],[-34,34],[-41,-55],[-19,12],[10,24],[-68,-5],[34,51],[-43,-30],[-36,4],[39,44],[-55,20],[-8,31],[17,31],[35,-1],[21,43],[-26,-23],[-42,9],[-53,-101],[-25,51],[-37,-38],[6,38],[-54,-24],[34,29],[-62,-20],[-20,26],[-25,-12],[21,44],[7,-18],[31,23],[-27,-5],[-3,25],[-21,-25],[-42,13],[35,13],[-4,22],[-22,-9],[18,20],[29,-17],[5,30],[18,-22],[-1,50],[24,-43],[41,4],[-4,-31],[26,23],[21,-41],[14,46],[-48,23],[23,1],[0,39],[35,-45],[44,-14],[17,18],[17,-23],[-10,41],[76,14],[-70,13],[-1,20],[-63,-20],[-34,24],[13,24],[62,-4],[28,56],[-88,0],[-27,-54],[-6,23],[-16,-11],[-10,-68],[-164,37],[-12,74],[32,11],[-27,16],[-7,-21],[-20,15],[-58,-56],[-23,13],[6,-15],[-25,6],[-62,-41],[-6,68],[-20,-80],[-29,33],[-21,-48],[-17,30],[66,59],[-26,20],[-11,-24],[-22,12],[13,53],[-44,18],[50,30],[-21,38],[29,77],[55,-17],[4,26],[-82,-4],[-29,-102],[-73,-30],[72,-63],[-34,-39],[-20,31],[-32,-12],[36,-35],[-39,-17],[22,-34],[-33,22],[-25,-29],[-26,4],[41,-35],[50,16],[-24,-33],[35,19],[-1,-38],[15,35],[5,-17],[17,13],[-5,-24],[37,13],[-25,-53],[47,22],[13,-26],[-17,-9],[21,-14],[20,15],[42,-57],[-49,-41],[13,31],[-35,16],[-15,-49],[-66,29],[20,-26],[-38,-5],[35,-29],[-44,-63],[-52,39],[-36,-67],[-199,62],[65,50],[-43,32],[50,-9],[-34,24],[54,18],[-45,-1],[-5,30],[-4,-31],[-33,1],[-35,-54],[-37,6],[-4,109],[101,22],[30,35],[-28,7],[-16,-33],[-7,23],[-57,-11],[1,45],[-35,7],[14,35],[24,-1],[-28,40],[45,-12],[-11,18],[39,21],[-106,-18],[-19,-70],[-5,49],[-36,4],[6,24],[-51,2],[16,11],[-21,15],[-28,-31],[43,-19],[-26,-42],[33,1],[-13,-31],[36,-13],[-1,-43],[-41,-14],[-44,48],[-16,-29],[33,-66],[-31,-1],[-11,28],[-11,-25],[-28,29],[-22,-18],[43,-30],[-38,-8],[20,-17],[-40,4],[6,-18],[103,1],[22,-37],[57,-26],[-26,-25],[-108,50],[-70,-40],[-105,92],[-53,3],[-12,45],[-125,5],[-107,40],[-121,-68],[-6,-31],[37,-29],[-45,-46],[-80,7],[-23,-54],[-32,0],[-5,35],[-39,-2],[-21,-58],[-97,-17],[13,-40],[-18,-31],[-43,4],[18,42],[-77,119],[36,-43],[-17,30],[77,-8],[13,15],[-21,37],[23,-21],[-23,56],[22,13],[-48,42],[30,23],[-11,56],[26,19],[4,43],[34,11],[39,-45],[-7,44],[64,27],[-71,0],[-35,22],[35,57],[-15,29],[51,17],[51,-36],[-7,28],[23,22],[-72,30],[31,49],[23,-26],[14,24],[3,-38],[23,-21],[11,38],[5,-56],[56,-61],[16,23],[-25,36],[23,2],[-36,36],[20,8],[-47,31],[17,15],[-26,-1],[-15,43],[87,22],[12,-15],[-24,-17],[26,4],[2,-30],[0,71],[23,-2],[50,-146],[-5,86],[43,17],[-45,6],[-14,38],[72,-14],[-30,36],[139,19],[34,-20],[-36,42],[-87,-12],[52,88],[-22,43],[34,14],[-29,16],[-29,-13],[-14,-94],[-38,73],[-48,-48],[-23,128],[-11,-65],[-40,24],[35,-47],[-11,-29],[-28,7],[24,-18],[-28,-15],[19,-19],[-54,-17],[-10,56],[25,-15],[-5,32],[22,4],[-23,29],[-34,-29],[-8,34],[59,49],[-23,13],[13,35],[-79,-25],[-23,35],[4,-39],[-24,-17],[-8,55],[-89,-26],[72,-74],[-55,-42],[45,-19],[-15,-72],[-47,-19],[1,-20],[-38,15],[10,-46],[-94,-116],[-29,11],[12,26],[-18,26],[94,92],[-66,-3],[75,50],[-32,23],[-38,-38],[-36,-1],[-32,36],[39,29],[63,-6],[15,65],[56,12],[6,32],[-61,-23],[-21,23],[-13,-35],[-60,-17],[-47,-59],[-61,14],[8,75],[-148,26],[-81,-87],[44,-29],[109,16],[52,-38],[-26,-40],[37,-14],[-18,-36],[-81,-36],[123,-52],[-12,-33],[-58,-11],[-91,43],[0,36],[-23,-19],[12,26],[-36,-11],[15,-28],[-36,-18],[58,-36],[-40,-68],[-55,8],[-15,58],[-27,4],[-24,-120],[-48,12],[12,-17],[-55,-27],[-2,-36],[-71,16],[-9,-61],[21,-2],[16,49],[14,-70],[67,33],[-9,58],[41,-39],[52,33],[9,41],[20,-11],[-6,34],[107,-41],[-78,-60],[64,-19],[19,39],[85,15],[-45,30],[-1,53],[62,-26],[42,13],[-36,-67],[32,-5],[-1,29],[60,46],[25,-25],[-103,-114],[-72,-36],[-7,-104],[-41,24],[-65,-31],[-45,-53],[1,-62],[-45,3],[5,-46],[21,36],[54,19],[58,-67],[-51,0],[-13,-31],[-38,-14],[-223,-15],[-18,-75],[29,-39],[-12,-40],[-116,-50],[-93,17],[-52,-16],[-103,-108],[-69,-124],[-44,-14],[-44,18],[-35,-32],[-110,26],[-33,-17],[-51,160],[-58,45],[28,8],[11,77],[49,-24],[4,-67],[42,-3],[26,-45],[23,13],[-17,71],[-35,-3],[-18,49],[-71,11],[-36,49],[-105,-54],[4,51],[84,113],[64,9],[-48,-78],[34,-30],[4,37],[87,72],[19,-17],[2,30],[38,-38],[9,-81],[45,38],[-39,32],[35,14],[-5,24],[45,-17],[-14,42],[-56,-32],[-20,29],[74,58],[-61,28],[1,28],[-26,11],[-13,-18],[24,-33],[-34,-50],[-19,5],[12,25],[-61,-22],[16,47],[-37,29],[-13,-14],[2,20],[-40,-21],[24,-38],[-29,-11],[35,-32],[-77,30],[6,-32],[-27,-20],[-44,38],[-26,-37],[-38,-4],[8,-23],[-116,0],[-23,-53],[44,-27],[-2,-79],[-47,21],[-10,17],[24,14],[-35,49],[18,-41],[-45,-16],[5,48],[-27,-5],[11,19],[-26,26],[-18,-10],[-10,-26],[37,-67],[60,-34],[-5,-67],[49,-54],[-69,-90],[5,-49],[-77,11],[-3,-87],[41,-13],[-24,-9],[-14,-48],[-53,13],[16,44],[-117,47],[28,26],[-29,47],[78,81],[-22,56],[12,52],[-28,-2],[-11,4],[28,-2],[-7,86],[7,1],[-2,11],[-39,3],[8,-42],[-39,-11],[2,-34],[-28,-26],[21,-41],[-23,-21],[-49,6],[-23,-36],[17,-53],[-21,-43],[-35,-12],[-7,78],[86,96],[-14,52],[-48,-41],[-72,50],[40,-95],[-26,-23],[-160,75],[3,25],[50,16],[-16,72],[-116,15],[-22,-43],[-42,11],[9,-31],[75,-21],[-27,-140],[62,-39],[-34,-39],[26,-31],[-8,-102],[78,-131],[72,-19],[-2,-40],[-32,-37],[-2,45],[-92,20],[-2,98],[-36,35],[-41,4],[-9,20],[28,9],[-32,-4],[-8,39],[-66,0],[39,43],[-2,30],[-52,-46],[-14,26],[-47,10],[37,-40],[-5,-26],[-22,-13],[-42,26],[20,-31],[-16,-29],[36,2],[5,-20],[25,29],[32,-14],[32,16],[20,-100],[48,-50],[-28,-16],[-78,32],[-77,-29],[-41,25],[-6,36],[-49,-105],[12,-11],[46,43],[28,-38],[-21,-76],[19,-1],[40,73],[46,-46],[6,33],[17,-19],[18,28],[46,-8],[9,-39],[36,22],[3,-60],[49,-18],[-31,-21],[-1,-31],[-10,28],[-32,-16],[-25,29],[-50,-8],[-37,-34],[21,-44],[-16,-24],[-60,1],[-161,-84],[19,54],[-20,14],[38,26],[-13,36],[-51,17],[-62,-18],[-11,56],[-49,18],[-88,-18],[-25,26],[18,60],[-29,32],[-19,-6],[-7,107],[52,-8],[-1,44],[42,32],[35,-32],[70,33],[-98,33],[15,51],[-24,17],[63,16],[-65,16],[-106,-108],[30,-46],[-39,5],[-18,-34],[-30,32],[-62,-5],[-9,32],[-127,-36],[14,-39],[26,-7],[68,28],[-18,-60],[88,50],[35,-46],[-25,-103],[26,-26],[-34,-35],[-9,-65],[23,-29],[73,-4],[13,-34],[-40,-13],[3,-20],[-39,-28],[-25,5],[-6,-24],[-35,16],[-35,-25],[-106,39],[-138,-30],[-32,-40],[22,-52],[-44,10],[-31,-20],[-30,24],[-43,-59],[-23,41],[-3,-33],[-48,-16],[-3,-47],[-137,-21],[-55,-61],[-44,4],[36,40],[-21,67],[-82,48],[53,8],[38,65],[27,-51],[38,-1],[-29,43],[4,45],[-95,-32],[1,-24],[-7,37],[-37,16],[-28,-41],[-62,-6],[6,-26],[33,-4],[-22,-40],[28,-44],[-113,-66],[10,-34],[-42,-12],[6,-37],[-24,-4],[-16,-45],[-41,-5],[-4,-38],[-63,-35],[-31,-48],[-38,-1],[14,52],[-53,60],[24,12],[-26,36],[-31,-2],[-42,-65],[-49,-2],[16,16],[-27,68],[30,6],[7,36],[-44,40],[156,38],[-88,23],[-1,57],[-52,-38],[0,-35],[-148,-53],[-10,-31],[28,-17],[-17,7],[-23,-64],[-107,5],[-12,21],[-85,-56],[21,-34],[79,50],[19,-60],[31,28],[-27,30],[93,5],[48,45],[-46,-47],[2,-84],[-78,-54],[22,-71],[34,-16],[-27,-33],[-47,-12],[-40,28],[10,20],[-86,46],[-34,-16],[30,-6],[-45,-8],[-20,-46],[24,-21],[-36,-15],[-114,-13],[-24,30],[-41,-4],[-22,-20],[1,-48],[-26,5],[-68,-69],[4,-43],[36,0],[11,-30],[-28,-36],[-66,12],[-36,-23],[-15,-61],[33,-9],[-34,-16],[18,-22],[-16,-19],[-20,-4],[3,39],[-41,10],[-25,58],[-70,-39],[12,-44],[29,-14],[-18,-74],[22,-30],[76,-19],[-72,-107],[-44,-12],[-22,-81],[50,-22],[-17,-18],[23,-11],[6,-65],[39,7],[42,-36],[28,70],[17,-22],[-17,-35],[53,-34],[-131,-75],[13,-74],[35,-16],[61,13],[-20,-54],[83,-39],[43,15],[-39,63],[30,4],[4,24],[77,-25],[24,13],[-5,24],[35,-27],[68,8],[7,-44],[31,1],[-8,-21],[-63,14],[-36,-27],[6,-59],[-37,-37],[28,-36],[-39,-11],[-36,-64],[29,-55],[-64,-27],[3,-40],[-44,-70],[14,-34],[-38,-11],[-3,39],[-47,1],[41,110],[-56,26],[-29,-46],[-71,17],[-40,-16],[18,-76],[-31,-23],[8,-35],[-91,-54],[-88,-14],[78,53],[-9,36],[-44,3],[24,49],[-62,46],[6,41],[-23,30],[29,42],[24,-25],[46,7],[25,53],[-33,-2],[-2,-22],[-61,32],[-98,-61],[18,-145],[-37,-36],[-55,4],[5,26],[-64,66],[-12,28],[27,39],[-42,81],[33,30],[54,-2],[8,28],[52,10],[115,88],[-36,37],[28,48],[52,-14],[-3,81],[29,-22],[47,14],[6,20],[-49,22],[-17,42],[30,12],[-67,31],[-35,-74],[-36,9],[-25,-62],[-54,-29],[-69,-125],[-70,-20],[0,-21],[-64,5],[-24,-20],[19,-47],[-111,-49],[-44,11],[-51,-49],[130,-176],[-7,-41],[-114,-14],[-34,-74],[-46,11],[-73,-44],[-48,9],[-43,-41],[-37,4],[-15,-46],[-6,47],[-77,-24],[25,-15],[-22,-52],[28,10],[30,-63],[34,13],[69,-95],[122,-11],[53,9],[27,35],[200,-35],[13,32],[25,-38],[51,16],[15,-32],[45,-3],[-34,-41],[-28,21],[-69,-25],[33,-108],[-27,-37],[28,-83],[-13,-112],[146,-31],[40,-66],[106,-6],[16,-27],[35,2],[58,-66],[103,-60],[21,-55],[-111,-18],[-151,-123],[-67,31],[-16,-34],[-98,111],[-59,-22],[-34,15],[-24,-36],[122,-22],[56,-62],[-22,-43],[47,-26],[92,-17],[26,45],[42,6],[62,-38],[-30,-19],[-17,-56],[-34,21],[-16,-85],[30,-27],[-21,-15],[-27,-1],[-58,62],[-47,6],[58,-64],[-13,-87],[108,18],[68,-26],[2,-40],[-45,-52],[33,-160],[-47,-14],[4,-30],[-55,23],[-31,-65],[-91,19],[-28,-74],[-79,146],[-46,0],[-12,-38],[-37,9],[-23,-35],[-30,6],[-35,76],[11,124],[63,30],[92,-58],[1,20],[63,-11],[14,6],[-53,30],[35,12],[0,31],[-87,-9],[-258,64],[-80,88],[4,33],[-62,21],[17,47],[-56,12],[-42,-26],[64,-261],[-68,-28],[-102,-161],[-30,-9],[-84,33],[-45,-33],[38,-50],[36,-7],[23,-55],[45,3],[11,-20],[114,104],[45,9],[42,65],[64,3],[-2,-47],[-73,-100],[36,38],[82,-15],[27,-42],[-37,-24],[11,-79],[64,-46],[-29,-63],[19,-38],[39,-16],[-4,-26],[-67,-7],[-17,18],[-21,-17],[-38,28],[-54,0],[-11,-26],[46,-77],[-70,-53],[55,-39],[-41,-22],[-26,16],[9,-20],[-25,3],[-10,-22],[28,-15],[-12,-13],[-69,11],[14,28],[-24,37],[81,48],[-88,31],[-83,71],[-8,-50],[-63,10],[-142,-62],[-52,14],[-14,-25],[26,-24],[90,-41],[66,3],[14,27],[32,3],[19,-60],[-61,-110],[64,-85],[-40,0],[-31,-49],[-40,28],[-14,-22],[-62,9],[-6,-51],[-31,2],[-39,-37],[-138,9],[-25,175],[-22,5],[77,6],[6,18],[-33,-9],[-78,67],[-72,28],[-59,-17],[-74,13],[-28,-87],[74,-37],[28,-49],[-52,-28],[22,-29],[-26,8],[-8,-37],[23,-43],[-106,-8],[-11,-31],[-66,-24],[44,-71],[76,-19],[45,-42],[-28,-26],[8,-25],[-26,11],[-27,-32],[-153,50],[55,-64],[-16,-6],[24,-50],[-23,-60],[-78,-2],[-11,-46],[-32,31],[-40,104],[38,-9],[-44,72],[-87,36],[-28,-29],[27,-31],[-46,-22],[24,-63],[-48,-27],[-84,25],[-130,-126],[-274,-371],[-290,-539],[-60,-181],[-134,-249],[-222,-611],[-74,-290],[-13,-93],[16,-13],[-20,5],[-38,-54],[-49,-4],[10,-29],[58,-2],[-15,-51],[-54,-29],[-37,-68]],[[180681,157066],[-54,59],[-389,155],[-90,-23],[-15,-40],[61,-88],[1,-69],[-189,21],[-289,168],[-26,59],[-20,301],[-41,7],[-61,-54],[-37,-3],[-105,71],[-21,92],[-33,41],[-144,13],[-58,194],[-76,123],[17,66],[-77,152],[-54,37],[-74,-21],[-152,124],[-120,31],[-103,136],[40,177],[-44,105],[67,199],[-25,60],[-56,46],[-20,111],[76,91],[-12,85]],[[178792,159305],[45,44],[7,124],[103,4],[75,-63],[85,23],[10,112],[45,87],[-4,55],[-124,138],[-29,-59],[39,-20],[-2,-115],[-33,-16],[-72,47],[-2,113],[43,72],[-103,114],[-26,105],[25,10]],[[179265,160228],[114,21],[68,-92],[157,54],[13,42],[-33,46],[-43,3],[-74,-53],[-56,19],[-31,42],[20,128],[38,45],[84,10],[51,-23],[-48,104],[17,26],[91,-34],[117,4],[185,-83],[104,-105],[39,5],[63,103],[69,207],[-2,169],[-33,62],[31,81],[138,26],[171,-203],[53,110],[118,70],[17,132],[-115,149],[-7,118],[-124,151],[20,28],[71,-17],[37,14],[32,90],[-46,34]],[[181288,173537],[-80,33],[-32,62],[-114,83],[-14,112],[-105,-10],[-27,27],[34,72],[-23,51],[66,146],[-5,74],[-57,38],[-97,22],[-37,68],[2,61],[30,21]],[[178240,152701],[-73,28],[-15,-16],[48,-28],[1,-25],[-24,5],[29,-31],[-14,-27],[-44,44],[-74,27],[7,-26],[-23,9],[15,47],[-25,-13],[36,42],[-10,26],[28,16],[-23,7],[1,29],[-104,7],[-23,-23],[-19,17],[35,39],[-60,10],[-20,-28],[-19,46],[-36,-39],[-53,16],[12,-39],[-33,-10],[-35,37],[34,41],[1,62],[26,11],[-23,56],[24,-14],[30,24],[-5,-26],[28,23],[3,17],[-23,-4],[23,30],[77,67],[34,-30],[-1,-52],[126,-10],[135,28],[62,-12],[-21,-7],[27,-38],[101,19],[39,-57],[35,-11],[0,21],[48,1],[69,-27],[16,27],[38,4],[-65,-82],[-64,-24],[17,-33],[-16,5],[1,-75],[-8,24],[-52,8],[-14,-34],[-22,12],[-33,-37],[-52,37],[-27,-39],[12,-73],[-13,32],[-28,-45],[-24,34]],[[166707,166131],[51,42],[121,-16],[101,149],[106,7],[-20,-41],[-29,28],[-47,-26],[-6,-86],[-31,-16],[-24,-81],[-59,-6],[-13,-57],[-57,26],[-32,-13],[-28,41],[-50,8],[17,41]],[[180681,157066],[-240,-329],[-22,-57],[8,-68],[-86,-101],[29,-88],[-26,4],[-31,-42],[-9,21],[-24,-9],[7,-21],[-57,-22],[-34,-104],[-66,-13],[60,-53],[-29,13],[-12,-20],[26,-19],[-16,-65],[37,-5],[-25,-33],[36,-36],[48,-2],[22,31],[45,3],[21,66],[27,-67],[-13,-16],[-31,17],[16,-18],[-17,-80],[-80,-60],[-9,-41],[-20,49],[14,56],[-52,37],[-62,-48],[-36,24],[61,-62],[69,20],[-85,-35],[-108,49],[-52,-3],[-39,-79],[-116,2],[-76,-47],[0,-31],[-15,-14],[10,26],[-34,5],[6,-22],[-22,15],[-27,-42],[-2,-82],[50,-54],[99,1],[3,-25],[48,13],[30,-33],[-28,-67],[30,-89],[-22,-18],[-5,-66],[-37,173],[23,41],[-23,5],[-16,-58],[-32,17],[-9,-14],[-1,16],[-14,-19],[20,-15],[-24,3],[-26,-35],[24,-24],[-28,-9],[24,-20],[-20,-19],[46,-3],[14,-29],[-52,-5],[-29,-37],[-18,50],[-14,-17],[-23,25],[29,-72],[-36,19],[-18,-17],[23,-28],[-33,17],[-17,-18],[17,-19],[-109,-25],[-3,-48],[28,-9],[-20,-21],[46,-5],[-32,-20],[49,-18],[-22,-39],[61,-1],[-44,-54],[53,-51],[28,11],[-16,17],[23,12],[-8,48],[107,93],[67,-16],[-2,-22],[-31,12],[15,-45],[-29,-7],[28,-8],[-16,-44],[34,-65],[-81,22],[36,-17],[1,-30],[71,-16],[158,88],[-32,-156],[-26,-30],[27,-27],[-107,-75],[-46,29],[-60,-17],[-26,16],[-39,-25],[-6,-69],[-69,-6],[-71,72],[-71,-13],[-38,-46],[23,-52],[-19,-20],[-95,22],[-118,-88],[0,-41],[-86,0],[-61,-46],[13,-28],[-62,-1],[-28,-46],[167,44],[95,62],[60,-2],[14,28],[18,-28],[35,19],[73,-13],[13,-49],[-65,5],[-53,-29],[18,-84],[-69,-1],[8,-36],[-89,-23],[-58,-62],[-38,17],[-34,-17],[-11,-38],[-34,-12],[0,-42],[-77,8],[-1,-50],[-14,-18],[-65,1],[-52,-114],[-37,23],[8,64],[-50,-8],[-21,-35],[-69,-21],[-34,-61],[-45,16],[-51,-70],[-55,-13],[7,-66],[-15,16],[-27,-22],[-3,40],[-27,12],[-24,-47],[-25,16],[-3,-26],[-34,-13],[16,-64],[-42,9],[-37,-22],[-34,38],[25,-34],[-39,5],[-8,22],[-27,-19],[-89,30],[-70,-57],[-21,-64],[-99,-77],[-45,-8],[-14,22],[-51,-47],[-59,-14],[-54,-121],[-7,-96],[-83,-67],[18,-22],[-85,-100],[29,14],[-17,-64],[17,-22],[-47,2],[-6,-31],[0,-24],[32,-16],[-33,1],[-7,-39],[40,25],[-1,-40],[26,-1],[-1,-31],[34,-29],[81,36],[11,25],[34,-23],[-108,-50],[45,-90],[49,-30],[-36,-20],[58,-64],[-101,48],[27,-67],[-36,28],[-16,-16],[-4,-72],[-26,-17],[12,-24],[-36,23],[8,25],[-41,-17],[7,22],[-67,82],[-104,14],[-58,-93],[16,-31],[-34,-13],[9,-31],[-49,-30],[3,-29],[-20,36],[-58,20],[10,-24],[-24,31],[-29,-13],[-17,22],[39,40],[10,61],[-70,60],[-3,58],[37,3],[106,84],[58,-4],[134,68],[20,36],[-10,57],[-34,0],[0,38],[4,-36],[18,0],[-4,50],[-34,58],[-2,44],[37,-6],[2,47],[-73,9],[-21,-73],[-28,-15],[24,125],[-24,18],[-59,-12],[-29,49],[-39,-5],[-14,-30],[-27,9],[-30,-34],[-70,28],[-22,-45],[-28,2],[-56,-54],[-33,103],[38,29],[-30,14],[-12,-18],[2,28],[-33,-22],[-1,-30],[-56,-30],[-15,-45],[-50,-15],[-130,75],[5,59],[-46,3],[-32,-32],[12,-60],[-37,-34],[-13,83],[32,38],[-1,38],[-81,-1],[-41,49],[20,29],[-41,15],[12,16],[-16,-6],[-6,-56],[-62,-45],[-173,38],[-66,-10],[-26,-27],[-16,37],[-56,24],[-97,-24],[16,44],[-16,26],[-27,-12],[-8,55],[-40,-30],[8,21],[-49,63],[-27,-15],[-153,56],[-35,-6],[6,37],[-110,35],[-25,34],[-49,-83],[18,-22],[-40,-4],[-88,24],[5,23],[-91,50],[-23,-40],[-52,58],[-57,-29],[-26,-62],[-58,52],[-26,-19],[-47,24],[-10,-73],[43,-37],[-14,-42],[-51,43],[16,29],[-40,67],[-52,25],[-68,-14],[12,56],[-37,1],[-26,75],[-66,31],[-59,-39],[-79,-13],[-39,37],[-137,-7],[-3,34],[-45,43],[-56,-33],[-9,22],[-49,7],[-18,-42],[-12,41],[-38,-15],[-15,34],[-72,24],[-77,-24],[-119,68],[0,31],[53,16],[4,47],[-62,57],[-117,2],[-26,92],[-40,-6],[-20,23],[-48,-27],[-30,47],[-30,-7],[-3,29],[43,-3],[5,-33],[54,42],[-20,53],[-30,17],[-12,-18],[-28,45],[-16,-39],[28,-34],[-39,36],[-75,-64],[-3,23],[-23,-1],[22,69],[-46,18],[-134,-81],[-59,36],[-57,-42],[21,99],[-21,18],[-92,-76],[-20,26],[-57,-13],[36,119],[-56,-7],[-17,38],[67,21],[-161,112],[-54,15],[-35,-21],[9,41],[-37,28],[-26,-18],[-18,32],[-33,-10],[-6,25],[-39,-56],[15,57],[-23,-25],[-16,18],[21,24],[-39,49],[19,47],[-13,28],[-4,-41],[-39,-5],[-13,-40],[-16,22],[-41,-24],[-7,42],[-54,5],[26,46],[-48,-5],[17,117],[-59,-69],[-55,33],[11,45],[-21,-15],[-37,25],[-13,41],[37,9],[-56,10],[34,32],[-27,-14],[-15,39],[57,24],[-84,19],[-4,49],[34,23],[-21,10],[19,35],[-29,16],[29,28],[45,-23],[11,30],[-28,32],[14,40],[30,-13],[39,51],[-24,29],[-29,-43],[-66,49],[31,9],[-18,35],[53,16],[6,48],[40,-10],[-18,21],[25,22],[-14,44],[33,10],[5,12],[-5,15],[0,-20],[-34,1],[-25,-56],[-61,87],[34,17],[-32,42],[39,15],[-26,81],[-77,66],[-48,-10],[13,57],[-26,27],[-34,-30],[-60,49],[-107,-2],[-41,58],[-20,-8],[1,-37],[-266,84],[-26,27],[14,17],[-47,9],[5,33],[-36,-5],[-21,42],[-61,18],[16,20],[-20,20],[20,10],[-34,7],[25,37],[27,-1],[-16,18],[40,-2],[26,55],[62,-7],[25,41],[-15,12],[29,15],[-16,45],[-33,10],[60,72],[-28,-10],[-56,63],[-78,15],[33,39],[36,-24],[150,13],[24,-21],[73,34],[17,-35],[-33,-90],[38,27],[24,-17],[-85,-84],[39,-17],[13,45],[34,-13],[-1,32],[23,-4],[-31,-92],[21,-9],[66,3],[-32,47],[58,10],[-8,46],[155,-53],[-71,114],[143,23],[-90,64],[22,24],[32,-20],[-20,44],[17,-6],[-12,29],[31,19],[-27,13],[31,9],[-12,26],[31,-9],[-11,36],[22,-29],[14,29],[2,-49],[-35,-33],[-1,-60],[45,4],[4,-56],[29,23],[-33,58],[23,5],[-5,34],[121,41],[-38,34],[-8,70],[43,40],[7,-23],[16,9],[0,25],[-22,-4],[-21,40],[18,-10],[14,62],[50,35],[-26,8],[19,24],[-23,-19],[6,32],[-17,-26],[-15,30],[-49,-51],[16,-85],[-128,6],[32,26],[-38,22],[-15,-46],[1,28],[-26,15],[27,17],[-36,20],[-1,-41],[-30,33],[20,13],[-22,3],[-8,58],[-22,-2],[22,16],[-30,19],[7,20],[-35,16],[16,-40],[-45,63],[-1,-20],[-107,-16],[85,34],[-17,22],[-22,-23],[-11,30],[-23,-38],[-15,51],[-17,-47],[-63,-25],[72,-32],[-58,20],[-54,-31],[-13,12],[-14,-29],[-2,44],[-18,-26],[-19,27],[16,-7],[19,37],[-36,7],[-24,37],[-8,-19],[-12,21],[20,2],[2,35],[-19,-17],[-20,19],[58,5],[8,-42],[-21,-4],[39,-41],[35,38],[-31,48],[81,46],[-10,55],[-55,36],[19,7],[-17,20],[-6,-38],[-19,68],[-34,8],[-34,-10],[-6,-35],[-43,27],[-76,-4],[-25,-35],[-13,18],[-53,-10],[-8,-25],[-36,-8],[15,88],[-30,49],[-41,12],[24,54],[-4,84],[-56,83],[-95,68],[-88,0],[-33,-38],[-25,16],[-56,-57],[-42,-8],[24,69],[-46,59],[-102,24],[-103,101],[-127,59],[-248,-8],[-111,-38],[-135,24],[-23,57],[6,70],[48,28],[6,37],[-34,89],[-199,95],[4,55],[-65,24],[31,39],[-19,35],[-123,-86],[-37,57],[-122,19],[-31,51],[-118,48],[-33,79],[19,42],[-85,31],[-57,54],[-1,123],[-159,84],[6,22],[52,13],[-34,41],[12,38],[-110,111],[33,17],[-16,62],[-56,-13],[-18,37],[75,31],[-12,43],[-13,-25],[-33,95],[-187,180],[-208,86],[-187,46],[-173,-80],[-109,3],[-43,-31],[-100,5],[-18,28],[27,-18],[6,39],[-39,14],[-113,-76],[-48,-65],[-149,-39],[8,65],[-25,70],[110,58],[-13,27],[21,22],[-5,28],[-92,71],[14,65],[53,23],[92,-17],[24,15],[33,-15],[-13,-29],[51,-7],[63,46],[32,71],[-18,39],[-48,18],[61,51],[-4,37],[-101,-25],[31,61],[-30,23],[61,20],[-6,25],[-33,9],[5,25],[-39,3],[-25,-60],[-26,-6],[-84,55],[51,47],[-5,24],[73,-4],[24,20],[7,38],[131,5],[21,70],[-76,27],[66,39],[60,-14],[12,26],[-41,27],[6,51],[78,-2],[11,-23],[40,37],[36,-6],[14,66],[56,43],[124,7],[-12,44],[62,14],[-84,-4],[-17,47],[-36,-19],[-21,36],[-60,-11],[-2,59],[-31,-37],[14,-56],[-71,-57],[-77,-5],[-49,24],[-32,-25],[37,4],[7,-22],[-117,-2],[-83,52],[148,35],[29,113],[-96,27],[5,29],[-73,75],[-54,-17],[-33,27],[139,36],[59,-14],[28,29],[57,-16],[12,54],[4,-17],[24,21],[-21,65],[37,36],[30,-2],[-45,22],[26,49],[163,-3],[9,-53],[55,-12],[48,31],[-9,75],[82,53],[51,4],[53,-29],[42,53],[70,-20],[44,18],[42,44],[5,45],[41,28],[-13,-16],[28,-26],[0,25],[44,-21],[53,34],[-5,38],[-58,18],[-12,45],[-43,-4],[-6,40],[-77,20],[54,41],[108,-33],[39,16],[1,36],[-23,12],[33,71],[72,-24],[102,65],[43,2],[-21,-36],[15,-13],[54,36],[-25,0],[20,50],[-47,104],[-86,-9],[-42,19],[57,41],[-29,95],[-44,12],[-74,-37],[-84,13],[23,57],[-20,33],[24,29],[-8,28],[-25,33],[-97,8],[-43,131],[-110,4],[-36,-20],[-41,55],[-130,7],[-4,36],[-58,-10],[-46,26],[-54,-42],[-17,25],[-54,-13],[-12,-30],[-45,21],[-3,-20],[-44,-10],[-15,47],[-117,70],[48,29],[37,-54],[42,-7],[80,93],[-7,18],[10,-14],[38,44],[50,15],[30,-58],[18,24],[-18,-11],[-13,30],[18,-15],[4,25],[37,6],[-37,84],[-1,-44],[-109,11],[24,98],[-20,13],[54,60],[-4,-71],[32,-8],[22,85],[42,17],[-11,42],[12,-34],[67,-11],[12,22],[-31,-11],[-13,30],[-28,-6],[29,7],[53,107],[-1,149],[48,78],[97,-37],[3,-44],[187,-35],[18,-49],[26,62],[33,-65],[56,20],[-28,82],[-60,44],[38,98],[-55,-95],[-66,1],[-36,51],[45,70],[-25,131],[-27,-14],[5,-47],[-49,-41],[-81,31],[51,53],[-12,34],[18,23],[127,33],[277,8],[55,-53],[104,16],[13,-54],[40,-6],[28,68],[82,58],[27,-7],[15,31],[19,-10],[30,30],[36,-19],[7,22],[44,4],[28,-15],[7,21],[49,-25],[52,9],[45,36],[19,-8],[-21,13],[-55,-33],[-7,48],[40,47],[126,-17],[-39,49],[-103,-4],[-57,-48],[-178,-5],[34,120],[108,20],[-26,33],[-41,2],[12,-18],[-51,-26],[-57,28],[17,26],[-25,188],[-61,129],[32,128],[-87,17],[-23,-72],[114,-234],[-58,117],[-125,162],[-87,13],[-85,-47],[-11,-28],[-33,27],[23,-23],[-24,4],[0,-19],[-21,24],[-31,-12],[-8,55],[27,13],[-12,20],[-19,-15],[16,18],[-18,16],[-40,-49],[-48,25],[2,37],[-27,3],[34,31],[-128,338],[24,-22],[53,-174],[56,17],[48,-59],[-27,-55],[35,19],[22,-27],[37,0],[6,91],[-66,7],[-55,136],[44,19],[-1,31],[-61,-2],[5,35],[63,9],[-17,72],[-28,-3],[-13,32],[-45,-39],[-19,17],[76,53],[37,-2],[9,71],[-221,-41],[-254,38],[-47,25],[-94,119],[50,24],[194,-34],[73,-91],[39,2],[30,-39],[62,42],[-132,193],[-37,-20],[-19,26],[25,16],[-63,52],[-31,-33],[67,-77],[-321,218],[18,50],[27,-11],[1,22],[-174,72],[-189,-11],[-119,18],[-37,29],[74,213],[7,-28],[32,14],[-8,14],[43,-23],[27,52],[-35,-20],[-9,20],[39,16],[-3,71],[-81,27],[57,45],[-53,59],[85,221],[71,47],[60,-30],[52,17],[76,76]],[[167379,166403],[104,3],[56,-26],[-228,-92],[-157,54],[63,53],[118,2],[23,-18],[21,24]],[[255876,3129],[14,58],[52,46],[183,-49],[-3,-145],[-44,-95],[-133,-39],[-58,11],[-24,64],[13,149]],[[428998,3996],[23,-138],[-13,-36],[-201,57],[178,207],[13,-90]],[[254135,12432],[25,8],[-1,-26],[151,-177],[87,-271],[-12,-68],[-45,-66],[-95,-66],[-181,-5],[-198,-166],[-195,-113],[-84,-114],[-52,-8],[11,134],[79,162],[33,141],[-18,191],[-48,50],[-41,-29],[-1,48],[18,20],[51,-4],[193,109],[119,148],[108,48],[11,64],[85,-10]],[[253622,22363],[-52,-46],[-121,-33],[-43,16],[-28,56],[-22,124],[14,158],[81,107],[47,27],[84,-29],[28,-103],[33,-39],[8,-190],[-29,-48]],[[265621,40752],[19,-140],[-43,-20],[-11,-59],[-35,7],[-15,49],[-29,-2],[-7,23],[18,9],[7,-20],[35,48],[-25,61],[25,14],[-27,13],[-15,48],[21,17],[-29,41],[18,33],[39,6],[6,-37],[64,-17],[8,-31],[-24,-43]],[[266278,40716],[-77,-17],[0,51],[38,55],[-15,34],[38,-7],[90,45],[81,-20],[-42,-104],[-113,-37]],[[265261,41571],[34,-95],[-34,-75],[-62,-29],[-16,53],[-10,-37],[-26,-6],[6,47],[25,18],[-29,14],[17,16],[-21,35],[-33,2],[9,56],[39,7],[-6,31],[20,14],[36,-27],[13,33],[28,-10],[10,-47]],[[265420,42670],[-12,31],[-107,73],[2,43],[-86,87],[-3,73],[-28,48],[5,64],[-80,92],[7,53],[-20,23],[23,51],[36,2],[-9,-16],[44,-40],[-12,-20],[37,-13],[-19,-15],[27,-9],[-3,-52],[41,-35],[9,-44],[29,17],[37,-13],[5,18],[48,-41],[-33,158],[21,11],[20,-37],[68,22],[29,-33],[13,19],[17,-12],[18,49],[59,-52],[6,-35],[32,-9],[11,19],[8,-24],[36,-7],[-21,-37],[-43,23],[-101,-50],[-30,-29],[-4,-42],[-38,6],[-2,-38],[1,32],[-21,-2],[5,-143],[75,-26],[110,56],[73,-2],[44,49],[-34,-92],[12,-56],[-83,-101],[46,-233],[141,-70],[107,19],[0,43],[95,-5],[-21,-33],[14,-29],[-51,9],[3,-39],[-14,17],[-53,-27],[-31,28],[-49,-6],[3,-108],[-48,-77],[33,-80],[-11,-29],[60,-34],[56,-91],[-11,-67],[25,-33],[-13,-132],[32,-43],[-70,-69],[-28,34],[-40,-24],[22,75],[45,44],[-28,11],[5,81],[-36,19],[32,31],[-35,10],[-39,98],[-24,24],[-79,-42],[-27,12],[-13,154],[-51,-49],[17,-34],[-59,16],[-10,102],[-26,47],[18,27],[-49,25],[-9,48],[-31,26],[33,14],[-26,27],[7,20],[-34,-1],[58,95],[1,63],[-36,27],[-36,-31],[-34,10],[40,64],[-11,35],[21,37]],[[265959,49088],[-26,1],[-4,36],[-1,27],[28,19],[45,-46],[93,50],[101,-14],[35,-26],[30,30],[-13,35],[32,20],[16,81],[-23,43],[-39,-21],[3,27],[-29,13],[25,99],[-18,35],[-45,8],[29,-3],[27,45],[-30,12],[-43,-16],[9,-32],[-57,-39],[17,-8],[-30,9],[-32,-32],[28,-47],[-94,-20],[-10,54],[-49,24],[14,74],[-25,47],[26,51],[55,35],[48,-18],[32,25],[17,-38],[33,33],[14,-18],[97,15],[13,-35],[95,1],[38,-52],[47,15],[-5,-64],[39,-18],[52,-103],[5,-37],[-30,-35],[30,-34],[-9,-27],[20,-16],[50,15],[50,-78],[-35,-127],[28,-102],[-37,-50],[107,-117],[-34,-27],[22,-19],[-34,-3],[-14,17],[16,7],[-70,58],[-13,39],[-48,-52],[-43,2],[59,-65],[-7,-70],[-33,12],[-10,-28],[32,-5],[-16,-23],[43,-25],[-23,-30],[41,-4],[20,-46],[-142,0],[17,13],[-27,14],[27,39],[-24,22],[-32,-2],[-35,-40],[-25,27],[-14,-42],[-13,41],[-35,-2],[-23,59],[-98,25],[-74,-71],[-93,55],[-11,-79],[-30,93],[17,44],[38,-4],[24,44],[-14,40],[14,37],[-26,11],[-23,-21],[24,41],[-8,60],[34,9],[40,-38],[33,30],[-27,57],[-30,-7],[26,56],[-57,8],[21,20],[-32,6],[-11,31],[-43,-20]],[[266203,49802],[53,24],[12,32],[-60,31],[-11,37],[-51,23],[-61,-3],[-39,-42],[-44,14],[51,55],[-56,90],[88,51],[-57,54],[32,67],[-2,51],[14,-20],[26,10],[-3,-47],[31,-7],[-21,-39],[69,-50],[7,-36],[48,32],[21,-12],[-1,18],[26,-14],[-29,-50],[4,-51],[152,73],[8,21],[41,-15],[-26,-58],[37,-36],[14,12],[33,-73],[41,10],[6,-34],[-20,-20],[25,-14],[-22,-54],[42,-30],[87,-3],[11,-39],[-8,-36],[-35,-10],[-97,35],[-78,-5],[-9,-34],[-103,15],[-45,-14],[-63,26],[-51,-9],[-2,24],[29,13],[-14,37]],[[265972,50301],[-16,24],[-44,-3],[-14,31],[16,40],[52,-21],[14,14],[-12,36],[21,41],[-72,41],[49,30],[-18,107],[25,71],[-16,22],[53,8],[-2,71],[-20,3],[0,33],[-23,-8],[45,61],[0,37],[-27,4],[-22,42],[32,0],[36,46],[4,-52],[45,-33],[42,3],[-15,-37],[72,14],[2,-37],[-41,-11],[12,-20],[-31,4],[-15,-53],[49,-123],[52,11],[3,-50],[-28,-13],[8,-42],[-43,-56],[26,-23],[-26,-38],[-69,-56],[-2,-30],[-61,-6],[11,-93],[-52,11]],[[247853,52074],[91,-4],[38,-31],[50,-4],[20,-129],[-20,-66],[-108,-29],[-80,30],[5,116],[-39,52],[43,65]],[[265885,58184],[61,-8],[16,-54],[21,-6],[1,-62],[23,-11],[-28,-44],[-51,63],[0,-24],[-20,14],[-36,62],[-8,-54],[-30,-19],[10,22],[-58,56],[19,40],[-43,80],[44,-21],[29,48],[13,-33],[30,-2],[7,-47]],[[265144,59073],[3,23],[80,36],[27,-6],[-6,-54],[51,29],[34,-28],[22,17],[-3,31],[33,4],[10,-40],[70,-49],[4,-170],[-41,-37],[-65,15],[10,21],[-31,-11],[-22,37],[24,28],[-20,12],[10,35],[-47,17],[-11,27],[-22,-12],[2,-34],[-21,13],[-8,-22],[-63,92],[-35,-9],[15,35]],[[240117,104482],[3,-30],[-68,-116],[-147,-28],[-109,97],[-56,95],[103,145],[137,38],[47,-15],[82,-92],[20,-38],[-12,-56]],[[232477,136761],[128,-56],[157,-191],[-15,-146],[-139,-84],[-38,-2],[-41,42],[-65,10],[-69,83],[6,330],[43,29],[33,-15]],[[233444,146083],[-162,191],[-50,12],[-2,-25],[-28,28],[-43,-26],[-104,92],[-84,-21],[-34,51],[-143,74],[-52,84],[0,277],[-51,115],[47,22],[-54,-14],[2,-39],[-16,23],[-24,-20],[-27,18],[-11,-34],[16,58],[-21,-18],[-23,38],[-132,14],[-66,44],[-28,153],[-102,112],[-83,275],[4,120],[40,29],[23,102],[51,41],[164,53],[135,-31],[53,20],[161,-168],[167,-100],[29,-143],[104,-23],[-9,-34],[-9,23],[-33,3],[50,-38],[22,18],[-9,30],[65,-62],[40,8],[41,-112],[37,13],[-39,-16],[3,-29],[75,-4],[76,-39],[255,-7],[-15,-12],[75,-169],[90,-110],[-41,-125],[72,-122],[-27,-54],[14,-23],[-272,-65],[-13,-84],[-63,-55],[18,-65],[-15,-122],[47,-91],[-39,-48],[-35,3],[13,-22],[-30,26]],[[231650,147227],[-29,-30],[-39,30],[-96,-20],[-64,31],[-46,122],[-80,84],[20,20],[-17,22],[19,49],[32,-35],[56,39],[59,-10],[35,-77],[102,-58],[48,-167]],[[230210,159191],[-97,10],[-148,82],[-30,101],[3,208],[80,155],[122,151],[183,48],[191,-141],[94,-141],[93,-226],[-102,-223],[-68,-71],[-321,47]],[[228774,163201],[22,61],[-65,120],[59,110],[67,35],[113,16],[56,-37],[41,2],[117,73],[47,-16],[86,12],[-15,-13],[23,-5],[-3,22],[54,-29],[51,16],[98,-75],[13,-48],[48,-8],[77,-70],[42,-7],[52,-142],[30,-8],[-18,-32],[28,-113],[-47,-39],[-29,-98],[30,-79],[65,6],[-65,-24],[-1,-161],[-28,-3],[-33,-72],[-50,-16],[3,-22],[-61,-59],[-62,-5],[-16,-21],[7,21],[-40,-29],[46,2],[-52,-7],[-14,9],[-40,-53],[-58,-8],[0,-52],[-35,-15],[0,-34],[-45,-6],[-51,52],[-51,-46],[-122,32],[-144,-55],[-83,55],[-42,-6],[-55,61],[-107,-4],[2,77],[-40,20],[3,116],[-20,36],[22,-31],[42,39],[-28,5],[-4,-28],[1,33],[-34,-6],[42,13],[-4,35],[-63,34],[-31,76],[124,96],[-3,42],[-21,4],[29,14],[1,53],[86,86],[-1,79],[54,19]],[[223777,164554],[-26,-8],[-9,40],[-41,1],[-6,42],[-29,0],[2,-23],[-37,18],[-12,27],[29,-24],[-29,70],[34,89],[147,42],[2,90],[-34,33],[-36,-1],[52,13],[18,-30],[-30,129],[48,29],[-77,34],[-2,42],[108,31],[12,54],[-38,126],[38,27],[8,80],[80,23],[82,-73],[100,0],[155,-84],[41,-47],[17,-191],[53,-46],[-31,-77],[37,-67],[-12,-54],[-48,17],[-19,-15],[-29,67],[-150,-58],[-46,-47],[48,-29],[-57,12],[11,-38],[15,28],[1,-37],[23,-10],[-30,-54],[-30,9],[14,-25],[-30,-10],[-37,66],[-20,-2],[-26,-147],[-25,34],[-19,-64],[-15,26],[-42,-34],[-72,30],[-31,-34]],[[224990,166758],[-14,-61],[-50,11],[-10,-30],[-31,19],[6,20],[-58,-11],[-8,64],[-37,3],[3,-29],[-21,14],[-31,-79],[-68,11],[34,15],[-42,9],[-13,31],[21,44],[84,47],[-13,61],[56,-46],[-1,43],[18,-24],[7,42],[27,-6],[-11,75],[-22,1],[36,3],[7,30],[27,-14],[24,18],[51,-44],[-24,-2],[-8,-30],[45,25],[4,-22],[78,-17],[-20,-8],[12,-13],[20,18],[40,-16],[-6,-73],[-26,-38],[-39,-1],[13,-35],[-21,25],[-28,-31],[24,-13],[-31,-4],[-4,18]],[[225667,170060],[36,81],[69,48],[8,49],[-2,-49],[61,2],[8,37],[-1,-44],[30,1],[-20,9],[13,20],[75,-45],[47,-40],[27,-64],[-38,-77],[-112,-115],[-67,-29],[-77,31],[-47,64],[-10,121]],[[227419,172699],[-45,-6],[-111,123],[-90,25],[-6,21],[-13,-12],[-47,48],[-53,2],[-80,42],[-57,-12],[42,141],[-120,145],[4,209],[14,32],[-4,-46],[45,67],[2,113],[-47,41],[-14,116],[-54,3],[41,3],[5,26],[-39,90],[-5,107],[46,56],[-40,154],[6,68],[42,29],[19,89],[81,61],[9,85],[97,-46],[73,33],[53,-64],[58,-3],[58,-72],[89,-7],[-28,3],[29,5],[-43,49],[14,8],[111,-86],[45,9],[103,-39],[68,12],[16,-48],[5,22],[51,-58],[68,-10],[172,-178],[80,-239],[-11,-47],[36,-77],[30,-2],[28,-38],[21,-62],[-7,-56],[-51,-48],[-13,-50],[22,-62],[-9,-48],[57,-86],[9,-74],[-18,-46],[-52,-38],[-14,-106],[89,-115],[-77,-121],[4,-74],[-29,-14],[-45,28],[-20,54],[-21,-19],[58,-68],[-6,-29],[33,-6],[-114,-54],[-58,14],[-18,37],[-61,30],[-111,-34],[-47,17],[-64,-18],[-58,30],[-40,-10],[-25,35],[-46,-8],[-22,54]],[[225329,167479],[2,42],[-43,38],[52,-24],[4,-23],[25,10],[2,36],[26,10],[-18,11],[-20,-21],[20,26],[35,-2],[17,27],[-22,15],[23,-13],[56,133],[36,205],[-34,37],[19,37],[-15,37],[47,15],[18,37],[96,66],[4,98],[31,36],[58,-1],[29,28],[-26,-31],[12,-14],[43,24],[-16,19],[22,-21],[21,24],[29,92],[-46,118],[66,-7],[10,-32],[51,-13],[12,-41],[37,-23],[16,-83],[-74,-70],[-8,-39],[69,-70],[-28,-26],[1,-75],[-60,-25],[-44,-64],[28,-14],[21,16],[-22,-27],[-28,23],[-55,-95],[-24,-230],[9,-450],[-47,-130],[-14,-169],[-196,90],[-190,203],[10,167],[-23,62],[-26,5],[22,46]],[[233189,187565],[114,72],[163,-299],[-205,-131],[28,22],[-81,120],[-110,-67],[-168,119],[144,92],[25,-37],[25,15],[-25,37],[90,57]],[[232891,187450],[110,178],[167,103],[116,-70],[-379,-242],[-14,31]],[[232885,187618],[-47,-71],[-160,232],[-29,-13],[28,14],[-30,38],[8,28],[-39,-24],[-41,54],[-1,61],[130,95],[-26,47],[-34,-33],[-25,8],[7,21],[71,32],[117,-162],[-55,-40],[161,-232],[-35,-55]],[[233490,187754],[-45,64],[32,20],[-17,24],[-60,-23],[-21,177],[197,22],[-21,-291],[-43,-27],[-22,34]],[[232626,187113],[34,-8],[-114,-157],[-98,57],[-11,98],[189,10]],[[234312,190495],[5,-77],[-166,-95],[-32,-87],[64,-164],[101,-132],[112,-79],[21,-96],[-47,-128],[1,-91],[144,-180],[112,-96],[39,-144],[-72,-133],[-92,-106],[-209,-44],[-70,-39],[-20,-105],[26,-79],[-7,-230],[-47,-140],[-134,-86],[-19,-41]],[[234022,188123],[-45,30],[-152,-1],[-117,55],[0,62],[-116,7],[-15,-213],[-258,-34],[-4,31],[172,20],[11,153],[-386,-61],[6,-56],[-78,-8],[-14,-86],[26,-79],[-46,-72],[-95,131],[-65,-43],[-120,162],[2,36],[-153,189],[-92,13],[-27,-104],[18,-7],[1,-134],[-29,-16],[18,17],[-67,34],[-30,-73],[91,-13],[8,-296],[30,-12],[21,-96],[184,-299],[-110,-131],[23,-18],[92,67],[9,31],[50,-23],[0,-20],[36,25],[-30,-26],[77,-81],[-56,-39],[-231,2],[-4,22],[41,25],[-25,23],[-70,-70],[-91,-2],[-24,21],[-113,-53],[-42,11],[-8,-45],[21,-27],[-25,-17],[32,10],[26,-26],[-15,-13],[22,8],[102,-118],[61,43],[71,-62],[101,137],[201,25],[328,-517],[-84,-42],[50,-80],[177,184],[47,24],[45,-38],[-329,-336],[-38,33],[27,28],[-17,28],[52,59],[-49,79],[-80,-46],[12,-141]],[[232963,186274],[-538,343],[-139,-11],[-99,22],[-81,-70],[-99,44],[-128,-91],[-115,-26],[-93,11],[-47,44],[-15,65],[80,92],[3,51],[-76,55],[-119,21],[-150,93],[-131,353],[-67,78],[-113,3],[-72,41],[-266,237],[-184,112],[-40,-7],[-82,50],[-60,-14],[-76,47],[-110,-12],[-95,54],[-117,15],[-150,85],[7,38],[-51,46],[-180,32],[-48,50],[-283,85],[-29,-62],[-33,-18],[34,-87],[-86,-30],[-16,-80],[-78,-36],[-97,-8],[-121,-91],[70,-192],[-84,6],[-60,-23],[-19,53],[-65,17],[-49,74],[-50,-1],[-8,105],[-105,14],[-67,69],[-83,-92],[-56,-13],[-51,-106],[59,-119],[60,49],[113,33],[5,-45],[64,-91],[96,-35],[32,-69],[49,9],[-10,-30],[19,12],[36,-67],[10,15],[39,-32],[41,3],[4,-105],[73,-28],[86,-101],[30,6],[-16,-57],[-81,-19],[3,-31],[-40,-12],[-23,-51],[-22,3],[-50,-55],[-29,10],[-36,113],[-48,38],[44,113],[32,2],[19,95],[-63,6],[-43,-50],[-57,-16],[-1,26],[-19,-3],[-43,-84],[-71,-223],[30,-44],[60,-13],[24,48],[74,-107],[10,-121],[-31,-87],[18,-52],[45,-29],[-5,-33],[32,-10],[-15,-71],[28,-53],[-40,-137],[-109,-130],[56,-98],[54,-23],[-118,-42],[-107,10],[-74,257],[-124,46],[54,120],[-137,119],[3,37],[-53,76],[-55,3],[-68,70],[-33,-8],[-135,160],[-9,57],[-94,35],[1,38],[-47,32],[-37,82],[-13,69],[-87,-2],[-44,147],[-51,-9],[-27,29],[-42,-7],[-34,54],[-40,-14],[-66,44],[-27,-6],[-61,71],[-64,3],[-89,70],[-72,-4],[-48,31],[-147,28],[-59,48],[-123,-17],[-10,-18],[-135,50],[-86,-36],[-111,19],[-33,-14],[-66,31],[-41,64],[-144,45],[-241,-60],[-31,-21],[-17,-88],[-98,28],[-75,-41],[-70,55],[-118,31],[-12,46],[-109,77],[-3,72],[-52,73],[-87,39],[25,58],[-84,123],[2,147],[-56,49],[-57,9],[-72,54],[-53,0],[-35,-28],[-24,8],[-58,-85],[-77,-24],[-71,8],[-57,70],[-111,19],[20,122],[-47,109],[-46,43],[-111,-31],[-89,13],[-144,91],[-75,-7]],[[223783,188686],[-54,73],[-56,17],[-242,218],[-116,22],[-74,-29],[-106,41],[-33,40],[-136,-3],[-20,36],[-75,4],[-36,47],[-146,67],[-66,72],[-117,31],[-57,61],[-137,77],[-38,48],[-16,75],[-99,125],[-119,251],[-66,1],[-108,79],[-44,132],[-69,69],[-10,73],[38,162],[-21,55],[-113,59],[6,57],[-74,101],[-22,96],[28,108],[-36,76],[2,243],[-98,-29],[-130,115],[-80,101],[15,111],[-64,85]],[[221194,191653],[-14,87],[51,70],[-20,56],[63,21],[66,92],[148,47],[37,71],[71,-1],[82,47],[91,-62],[44,-1],[99,54],[70,-7],[65,69],[16,87],[48,58],[118,19],[72,-18],[260,-189],[96,-110],[113,-23],[50,-62],[147,-33],[53,53],[54,8],[158,-103],[106,-5],[31,-48],[18,14],[230,-37],[222,18],[168,-44],[164,-91],[53,-99],[154,-43],[103,-74],[147,-57],[147,15],[44,77],[88,11],[104,-86],[60,-13],[93,-63],[107,63],[31,-8],[21,-56],[131,27],[113,-36],[153,59],[114,-6],[1,31],[70,-87],[81,33],[62,-68],[23,26],[56,-4],[20,-176],[34,-5],[-2,-24],[102,49],[39,-3],[17,-25],[-16,-153],[140,-303],[72,-20],[34,-40],[28,29],[111,6],[55,38],[52,-51],[83,4],[44,-30],[140,1],[-17,-23],[16,-44],[-37,-32],[80,-96],[-38,-23],[73,35],[61,-25],[-1,-31],[23,1],[-36,-100],[16,-71],[69,-21],[91,36],[-17,-56],[24,-11],[84,16],[31,61],[57,18],[206,-53],[37,31],[75,-22],[121,12],[31,39],[31,-43],[56,-5],[84,44],[97,-1],[46,67],[135,0],[35,42],[39,-10],[1,41],[86,51],[85,-33],[18,4],[-14,29],[49,-30],[12,36],[28,-2],[16,-50],[31,64],[107,13],[82,43],[12,44],[124,15],[3,39],[77,28],[184,226],[36,-11],[44,-77],[-39,-80],[-104,-87],[92,-55],[-11,-136],[-133,-98],[-146,-31],[-89,-102],[69,32],[123,13],[240,95],[-9,-226],[-36,-78],[33,-6],[5,-28],[68,42],[44,-4],[13,51],[78,12],[24,52],[28,-15],[76,24],[-15,36],[63,10],[-3,32],[35,-2],[18,45],[56,6],[24,59],[37,7],[29,53],[64,-22],[10,25],[43,-6],[-4,-31],[103,-23],[-82,-47],[-3,-48],[112,29],[33,-34],[35,36],[6,-28],[51,25],[25,-9],[7,-60],[73,4],[36,100],[-19,21],[4,105],[46,62],[53,28],[-2,30],[39,39],[47,9],[45,105],[46,20],[51,-28],[74,49],[213,4],[116,-24],[210,28],[39,-15],[-3,-63],[26,50],[131,-95],[204,-26],[49,-70],[110,43],[47,-11],[42,-37],[-14,-108],[100,48],[20,58],[39,-13],[82,23],[-4,44],[66,78],[8,43],[-136,142],[-6,49],[24,31],[40,-14],[6,39],[77,-3],[91,80],[66,-20],[117,-146],[159,-32],[76,9],[80,47],[157,-1],[81,43],[9,58],[50,-50],[-59,-99],[-17,-101],[45,-65],[63,-27],[47,11],[82,94],[37,8],[64,-23],[43,-59],[123,-79],[46,78],[59,-19],[128,41],[60,-43],[-82,-97],[19,-100],[58,-19],[138,49],[90,-10]],[[101874,155554],[85,-123],[10,-124],[-29,-8],[-15,-60],[-2,20],[-29,-10],[23,-11],[-31,-36],[-78,-33],[-44,5],[-64,96],[-4,63],[65,115],[-15,182],[30,40],[52,5],[50,-44],[-4,-77]],[[103279,156196],[-8,17],[102,67],[74,1],[54,-59],[40,-121],[-25,-37],[-121,-59],[-48,51],[-172,-83],[-30,46],[-37,-19],[-34,99],[172,98],[33,-1]],[[100735,156564],[56,34],[94,-37],[27,-55],[6,-93],[-3,-14],[-12,-5],[2,-10],[-31,-7],[40,24],[-5,19],[-33,-12],[-1,-17],[-32,10],[8,-22],[-85,87],[-36,61],[5,37]],[[102673,157637],[20,13],[-23,-38],[4,18],[-15,-4],[6,-53],[-32,8],[-43,67],[1,49],[56,75],[123,-35],[61,-44],[18,-43],[43,-1],[-36,-25],[-29,28],[-119,23],[-35,-38]],[[107633,161766],[-32,63],[27,31],[29,-2],[14,-55],[63,14],[83,-25],[-46,-146],[-84,24],[7,22],[-40,19],[-21,55]],[[109229,147010],[-51,24],[-75,-5],[-25,23],[-64,-16],[-54,15],[15,64],[-40,61],[-56,3],[-37,35],[-69,-10],[-204,125],[-81,-11],[-59,29],[-60,-26],[-44,31],[-48,-13],[-36,56],[-42,13],[-28,69],[-24,-21],[-65,14],[-40,82],[-225,139],[-43,120],[-29,18],[-65,-3],[-75,-41],[-139,57],[-62,-66],[-47,7],[-24,30],[-17,-20],[-58,21],[-70,-33],[-14,55],[28,81],[-32,67],[-77,81],[-72,37],[-30,-61],[12,-57],[-77,-46],[-91,-100],[-3,-190],[36,-71],[-19,-38],[-64,-38],[-41,-156],[-4,-149],[-66,1],[-7,-26],[6,-31],[50,-10],[16,-32],[-47,-15],[-77,30],[-22,-32],[-37,-1],[-13,64],[-58,-1],[-19,20],[-51,-31],[-51,31],[-37,-36],[-149,-2],[-66,-43],[-101,32],[-60,71],[-110,-26],[-125,45],[-120,-16],[-81,-99],[-3,-35],[-124,-42],[12,-63],[-20,-71],[58,-69],[3,-74],[-134,-16],[-48,-51],[-37,25],[-24,-61],[-92,20],[-20,-36],[-63,-28],[1,-65],[-24,-14],[-31,-149],[-85,44],[-117,-18],[-46,-62],[-119,-51],[-14,-45],[-99,-67],[-23,-50],[130,-192],[3,-159],[43,-59],[59,-22],[11,-85],[40,-45],[-44,-105],[-78,-22],[-13,-57],[-95,63],[-49,-26],[6,-17],[-163,-39],[-65,32],[-68,-33],[-257,41],[-153,-24],[-120,42],[-112,4],[-194,-49]],[[103347,145359],[-12,37],[-228,-75],[-17,33],[12,39],[183,79],[134,-27],[-27,73],[40,26],[47,-29],[-2,73],[-94,-51],[-33,55],[-83,-105],[22,32],[-28,82],[211,200],[-53,104],[44,247],[38,26],[-142,428],[-35,29],[-3,44],[23,24],[-57,47],[-300,121],[132,190],[-341,211],[-5,39],[63,90],[-46,121],[12,63],[48,13],[-10,33],[-142,-52],[-156,22]],[[102542,147601],[2,217],[-53,254],[14,178],[-86,26],[-35,74],[-53,30],[-13,260],[48,64],[178,18],[88,94],[222,97],[9,128],[-82,63],[-45,81],[48,101],[39,2],[35,-48],[93,-15],[74,105],[-22,176],[68,45],[92,-41],[19,-153],[156,43],[84,167],[-34,78],[14,49],[39,39],[77,-20],[43,55],[11,179],[-51,72],[60,47],[38,2],[65,-53],[-10,-99],[-37,-70],[16,-146],[86,-94],[101,18],[16,53],[-40,113],[10,50],[64,78],[109,9],[93,57],[-24,49],[-150,71],[9,109],[78,49],[309,15],[74,172],[-26,61],[-70,19],[-76,83],[36,74],[62,38],[41,-3],[46,-49],[126,-67],[83,83],[12,150],[34,55],[45,12],[91,-54],[103,-10],[92,98],[44,-52],[59,362],[24,18],[2,202],[-14,689],[-52,82],[-30,131],[2,49],[23,14],[-16,30],[-177,91],[-75,1],[-71,60],[-42,-94],[-81,53],[-119,-44],[-53,-73],[-53,9],[-21,-36],[-76,-32],[-50,38],[-34,-51],[-197,-133],[-26,-34],[1,-85],[-144,-13],[-75,-54],[-34,-72],[20,-23],[-58,-80],[16,-78],[-134,-51],[-91,26],[-44,42],[-61,-36],[-13,-47],[-33,-15],[-45,58],[0,56],[126,136],[-167,94],[-31,66],[-56,28],[9,46],[-33,41],[-100,-21],[-36,34],[-119,-53],[-23,66],[-82,67],[-25,51],[-25,-37],[-50,15],[-68,-23],[-25,16],[-12,-20],[-143,191],[-124,2],[-25,89],[-203,131],[-85,-11],[-39,65],[-68,21],[-50,-35],[-76,27],[-78,106],[-42,4],[-184,163],[-170,-27],[-176,-122],[-45,13],[-34,51],[-87,-5],[-14,54],[-49,24],[-90,-36],[-200,66],[-117,13],[-32,-25],[-40,19],[-2,-63],[-35,12],[-20,-32],[-42,6],[-37,-25],[0,-64],[-32,-2],[-4,-42],[-140,-38],[-17,24],[-138,29],[-13,51],[-66,55],[-116,31],[-30,-4],[-36,-47],[-44,0],[-53,-66],[-130,85],[-221,-8],[-91,43],[-53,-31],[-30,-82],[-150,-39],[-59,20],[-88,-20],[-40,26],[-42,-15],[-75,55],[-104,-35],[-44,13],[-32,-28],[-140,-32],[-74,37]],[[98173,152945],[74,243],[69,77],[-29,60],[-46,18],[12,33],[57,-20],[172,41],[125,82],[126,22],[47,55],[21,-37],[93,14],[100,64],[15,38],[-21,31],[36,32],[58,-27],[-36,-37],[60,-46],[45,24],[48,-49],[71,0],[105,37],[74,88],[31,98],[-113,37],[-25,29],[57,13],[35,43],[91,4],[80,90],[150,38],[10,87],[-16,9],[72,22],[-3,61],[55,9],[-5,24],[24,5],[17,103],[-16,67],[-116,-18],[-103,-128],[-65,-21],[-20,-44],[-86,122],[-135,18],[-81,-144],[-64,-23],[16,46],[-29,17],[37,15],[1,61],[41,58],[79,51],[17,-48],[66,-6],[40,57],[1,71],[26,21],[-70,14],[-22,-22],[-68,99],[-78,23],[-8,-37],[-150,-36],[-60,-87],[-80,-9],[-11,166],[-40,27],[-12,-23],[-76,52],[-6,66],[60,55],[104,14],[35,32],[29,-43],[53,-2],[14,64],[-37,45],[19,82],[139,-87],[115,-32],[182,37],[109,56],[125,116],[79,138],[-2,47],[-25,6],[12,16],[-20,4],[-3,-23],[-38,43],[-16,-26],[17,-22],[-18,22],[19,36],[-32,60],[24,24],[14,93],[143,70],[42,-50],[70,3],[38,42],[130,22],[161,109],[28,36],[-10,46],[81,15],[18,30],[-11,35],[29,26],[-1,42],[-30,-29],[19,28],[-24,149],[19,52],[34,13],[160,-140],[94,-34],[34,-24],[19,-71],[62,-34],[-39,-111],[-32,-27],[37,46],[-15,13],[-27,-35],[-36,-3],[5,-61],[-50,-15],[-20,-49],[47,-92],[42,-24],[-18,-59],[45,-72],[-16,-13],[13,-31],[212,-79],[201,-10],[72,34],[104,-46],[-14,-47],[21,-45],[-66,-132],[-27,0],[-20,-44],[11,47],[-28,15],[-6,-24],[-39,109],[-198,-53],[-45,-62],[91,19],[118,-92],[2,44],[62,15],[5,-92],[118,-107],[140,-27],[43,39],[83,-49],[112,36],[138,82],[-6,88],[9,-39],[33,44],[-24,24],[-24,-21],[-2,36],[45,41],[137,8],[4,-78],[24,-3],[26,2],[3,75],[38,18],[24,-29],[117,-18],[-20,16],[20,-5],[3,-28],[75,-12],[4,23],[17,0],[-18,-17],[28,-7],[37,23],[45,-10],[37,34],[27,-15],[21,38],[108,-120],[-66,95],[22,32],[-37,-1],[65,37],[20,-12],[24,29],[-12,-18],[38,-10],[20,68],[106,-39],[26,-97],[-40,10],[-12,-22],[22,-35],[37,9],[4,28],[24,-32],[30,16],[-1,35],[15,-29],[60,30],[-24,46],[-49,-24],[-45,22],[50,26],[-49,95],[72,37],[63,-121],[21,11],[12,-22],[-41,-20],[14,-27],[62,30],[-42,75],[45,-5],[0,-25],[33,26],[-84,85],[38,45],[95,-76],[35,41],[-20,16],[-14,-17],[-79,71],[19,54],[44,15],[133,-40],[6,22],[5,41],[-17,4],[-11,-38],[-6,28],[-128,47],[31,90],[38,10],[19,54],[-76,26],[45,130],[43,-14],[12,35],[132,-43],[16,100],[-65,31],[-56,-19],[-95,31],[-19,37],[283,137],[101,-27],[24,54],[-6,43],[-53,37],[-67,128],[102,66],[-10,90],[-28,39],[-29,16],[-6,-26],[-128,-2],[-38,-35],[-129,-24],[-51,-54],[39,-57],[28,0],[-127,-78],[-418,-101],[-106,-116],[-16,-149],[39,-59],[-69,-25],[-95,82],[-150,58],[-74,-44],[-115,163],[-175,50],[-49,-44],[27,-12],[-173,21],[-20,45],[-37,12],[-12,52],[-36,20],[-35,97],[8,54],[-46,33],[60,81],[0,46],[131,33],[65,-36],[98,-175],[28,-121],[34,-47],[-17,-3],[7,-33],[28,6],[-19,-6],[6,-24],[110,-37],[304,28],[93,62],[255,83],[230,142],[187,152],[64,70],[-8,19],[13,-12],[20,24],[-15,18],[29,-7],[95,106],[3,95],[68,170],[33,16],[10,-42],[56,-31],[161,82],[176,162],[151,242],[76,229],[7,67],[-20,7],[32,62],[5,92],[-68,203],[-67,41],[-56,-29],[65,109],[-24,48],[12,87],[89,53],[-20,22],[-75,-21],[-26,-132],[-38,-48],[38,-20],[-12,-49],[-45,-57],[-57,-18],[-60,91],[-10,66],[57,54],[29,76],[-20,59],[-52,41],[14,61],[-45,40],[62,43],[29,-33],[5,-71],[99,0],[24,-24],[89,36],[85,88],[79,167],[55,264],[-2,86],[-45,41],[-19,98],[33,-1],[32,-69],[30,-3],[-5,-25],[67,-12],[165,25],[234,127],[93,97],[73,163],[-12,69],[17,34],[-17,7],[15,3],[-40,35],[-5,-60],[1,59],[-35,54],[15,22],[52,-37],[150,-7],[44,29],[46,-20],[119,42],[96,-12],[28,22],[43,-54],[-18,2],[16,-32],[-21,-6],[15,-54],[43,-33],[94,-28],[201,-11],[151,5],[413,94],[273,129],[49,62],[-9,31],[28,-13],[25,28],[37,16],[-22,16],[14,0],[16,-26],[-4,-7],[19,-3],[64,-68],[86,-50],[26,84],[-109,2],[-84,121],[11,50],[-67,46],[44,5],[-13,-15],[30,-24],[9,34],[19,-16],[18,31],[-39,44],[-1,60],[33,-34],[39,2],[21,26],[-9,34],[39,-17],[157,107],[44,129],[-56,23],[-1,24],[15,-7],[-17,32],[19,-9],[4,23],[65,-53],[174,80],[116,-27],[69,21],[157,-73],[51,28],[11,-49],[-23,-34],[49,6],[15,-39],[35,-5],[-37,-17],[48,-16],[-29,13],[39,41],[17,-3],[-24,-39],[28,-5],[14,81],[187,0],[0,216],[223,32],[1,-108],[-120,-17],[0,-91],[120,0],[0,-79],[-152,-68],[-73,16],[-15,-48],[55,-10],[-26,-42],[300,121],[30,114],[415,-43],[-13,-32],[82,-52],[36,9],[48,-64],[-18,-99],[-105,18],[-43,-54],[-5,-32],[27,-5],[28,36],[91,-7],[-31,-193],[-95,-40],[-148,-149],[-126,1],[2,28],[-4,-28],[-60,-1],[-5,24],[-24,-27],[-5,40],[-4,-42],[-22,-2],[-1,27],[-6,-29],[-22,-3],[-4,26],[-22,-36],[-79,1],[-87,-57],[11,-16],[75,47],[188,7],[11,-36],[-416,-126],[-41,13],[-56,150],[-17,0],[-15,-15],[66,-152],[-18,-28],[-89,-21],[21,-22],[70,24],[28,-18],[319,91],[-27,-90],[64,107],[94,22],[-38,-79],[34,9],[44,86],[168,43],[80,97],[21,-161],[-64,-126],[69,19],[52,61],[-39,220],[140,80],[-5,39],[71,47],[-16,69],[44,-52],[12,49],[-32,67],[28,140],[22,20],[271,116],[45,9],[14,-28],[-20,-12],[24,10],[-15,30],[122,9],[9,-73],[25,11],[19,-20],[-174,-75],[19,-47],[47,18],[-46,-20],[10,-21],[222,91],[37,-50],[-276,-127],[-14,-69],[47,6],[24,-30],[50,44],[-30,34],[124,68],[21,-39],[26,14],[-16,32],[81,42],[104,-106],[-46,-24],[15,-29],[59,24],[37,-39],[-179,-94],[-57,22],[-53,-77],[35,0],[21,41],[94,-59],[-7,37],[196,79],[77,-95],[-125,-2],[-91,-107],[45,10],[8,30],[120,26],[33,-7],[-66,-75],[52,-15],[43,74],[106,31],[-10,-39],[-31,-16],[22,1],[54,27],[8,30],[209,53],[155,169],[30,73],[25,9],[18,78],[10,-12],[-8,29],[63,115],[-17,29],[75,172],[117,62],[-13,18],[52,39],[12,-16],[58,49],[8,-26],[21,14],[-33,29],[-1,83],[18,-35],[6,36],[26,-25],[-26,73],[-34,1],[21,86],[111,-12],[63,-64],[27,3],[-15,30],[217,45],[-37,-63],[-59,-4],[60,-9],[76,80],[-16,15],[118,105],[85,-40],[-40,-43],[-31,17],[-31,-30],[84,-37],[52,61],[127,-51],[-38,-37],[90,-7],[-15,-67],[-45,-37],[-22,-54],[55,-45],[-3,-80],[-82,3],[-24,-18],[-6,31],[-43,-24],[-5,-64],[-33,-47],[41,-76],[-115,-103],[21,32],[-41,-18],[34,36],[-43,-15],[27,-66],[46,-5],[35,25],[51,-50],[57,-9],[-33,-60],[-125,-21],[-13,-32],[21,-4],[-42,-41],[26,-66],[33,-3],[-13,-26],[-77,-13],[-38,68],[-43,-32],[5,-45],[-97,-43],[26,-88],[54,5],[-11,-14],[137,-32],[-7,-32],[24,-8],[16,32],[-22,24],[25,-23],[-69,-292],[-79,24],[17,161],[-65,10],[-15,-90],[-18,55],[-27,-31],[9,-151],[-65,-83],[30,-50],[61,76],[132,-6],[-67,-281],[-53,4],[-16,58],[-23,2],[3,-89],[-62,-58],[19,-28],[-46,-16],[11,-34],[-14,28],[-28,-5],[-2,30],[-26,-29],[17,-56],[35,20],[-50,-97],[-218,74],[-53,-154],[135,-324],[186,38],[56,-50],[38,38],[345,138],[100,-236],[39,-28],[-39,22],[-45,-18],[-89,73],[-71,-30],[-77,15],[-33,45],[54,-153],[-35,5],[-87,-68],[-47,-2],[-14,-78],[28,-7],[-52,-106],[49,21],[67,143],[75,31],[41,-26],[-87,-66],[36,8],[23,-29],[15,25],[7,-54],[-54,-38],[56,28],[28,-65],[-10,-37],[-143,-110],[26,-24],[93,34],[10,-12],[-59,-50],[22,-27],[171,132],[84,-154],[-238,-177],[53,-83],[159,-18],[43,-69],[-6,-83],[-39,31],[30,-73],[-59,-80],[3,-39],[-9,30],[-25,-37],[13,-12],[90,35],[30,-32],[21,-95],[28,-24],[42,-204],[62,-115],[29,17],[28,-17],[-26,3],[-16,-51],[30,3],[6,-55],[69,-122],[120,-22],[88,30],[8,-20],[-86,-58],[39,-3],[-11,-13],[56,-63],[58,-139],[-10,-24],[33,20],[17,-32],[-29,19],[64,-101],[7,-115],[-41,-60],[130,34],[105,-138],[51,-183],[-20,-16],[28,-29],[52,23],[82,-120],[-14,-66],[53,-8],[47,-86],[100,-17],[17,22],[-14,92],[73,1],[10,-106],[45,30],[-18,-4],[8,94],[-17,7],[-5,85],[80,-4],[31,-49],[-11,-44],[22,0],[1,28],[35,-1],[56,-12],[8,-40],[28,1],[-79,97],[0,36],[22,0],[0,-40],[42,-31],[107,-8],[8,-33],[29,13],[-21,16],[18,17],[34,-43],[113,-42],[73,-66],[134,-17],[-9,-84],[53,121],[117,14],[-21,12],[4,24],[85,2],[-79,-20],[37,7],[75,-52]],[[111820,159012],[-35,212],[130,21],[101,-599],[-131,-23],[-65,389]],[[103563,159720],[-49,-7],[-237,101],[9,43],[-47,14],[-8,25],[37,35],[-35,18],[43,65],[-40,31],[23,14],[-17,15],[21,1],[2,36],[35,-17],[52,12],[13,26],[108,-14],[81,-39],[28,24],[-16,35],[37,39],[36,-23],[39,30],[25,-18],[21,18],[65,-15],[31,-42],[-5,-33],[-79,-62],[15,-30],[-39,9],[-38,-36],[-3,-49],[29,-28],[-28,-3],[-20,27],[7,-27],[-19,19],[-14,-25],[29,-15],[-48,4],[-44,-158]],[[108421,160585],[-55,-1],[0,91],[311,1],[120,51],[16,-36],[32,13],[31,-71],[250,104],[176,-173],[-315,-145],[-109,63],[-30,-47],[-33,22],[-355,39],[-1,89],[-38,0]],[[104468,159990],[-17,28],[-27,-21],[-15,60],[-71,53],[40,37],[111,-23],[32,-93],[102,-87],[30,-82],[-44,19],[-17,-31],[-29,19],[0,-22],[-28,8],[-30,54],[-35,-14],[-2,95]],[[221194,191653],[-239,-96],[-216,62],[-27,-33],[-148,-73],[-84,-104],[-91,119],[-110,12],[-114,153],[-60,32],[-85,-29],[-42,124],[-147,38],[-154,-83],[-46,11],[-4,28],[-37,17],[-115,-5],[-81,-50],[-73,123],[-89,7],[-137,82],[11,105],[-30,162],[-156,130],[-113,10],[-76,-23],[-110,57],[-118,-16],[-142,69],[-62,-30],[-74,84]],[[218225,192536],[23,92],[-36,48],[59,26],[73,127],[21,97],[-24,49],[25,46],[-112,98],[-9,84],[-51,104],[-79,38],[-22,62],[-73,43],[-39,103],[16,218]],[[217997,193771],[59,123],[135,30],[126,112],[23,43],[-9,35],[98,59],[13,58],[62,50],[3,87],[48,73],[21,129],[74,5],[128,64],[62,0],[97,-31],[21,-46],[64,-15],[16,-42],[43,-19],[160,68],[152,-1],[31,31],[174,31],[51,168],[35,41],[41,-4],[74,97],[43,174],[65,42],[55,-12],[61,23],[78,121],[179,85],[124,26],[66,54],[46,0],[42,51],[137,22],[41,-21],[77,49],[209,-92],[92,78],[96,28],[73,77],[10,54],[94,80],[-25,74],[33,196],[78,27],[76,-25],[108,-128],[56,9],[45,-24],[63,38],[65,115],[101,0],[74,72],[-40,44],[16,21],[72,-24],[73,35],[65,-49],[63,49],[26,-19],[-7,-45],[34,-4],[47,-47],[67,-16],[66,24],[23,55],[-31,83],[26,198],[54,12],[19,54],[170,-1],[27,16],[-17,33],[35,64],[-20,48],[-54,41],[14,28],[-27,56],[-17,199],[25,38],[88,41],[-13,151],[239,281],[139,285],[231,348],[51,96],[-47,52],[145,121],[157,231],[83,-81],[315,-10],[75,18],[111,-90],[324,-165],[36,-16],[100,15],[78,-27],[11,-85],[171,33],[156,-174],[121,-51],[143,26],[102,-51],[72,-3],[-1,128],[435,-121],[-12,-26],[172,-69],[154,-11],[94,14],[3,53],[167,51],[-11,35],[79,36],[30,89],[50,11],[39,-47],[76,28],[118,-104],[122,-38],[187,-221],[-2,-27],[230,-102],[27,8],[143,-110],[11,-92],[57,-1],[68,-38],[216,-194],[143,-88],[97,-26],[170,-3],[395,68],[352,-34],[96,24],[263,126],[245,48],[218,108],[184,-79],[194,-218],[135,-89],[20,107],[37,37],[111,31],[154,-19],[39,22],[-27,205],[44,43],[137,27],[31,-47],[-48,-56],[43,-9]],[[231143,197378],[50,-14],[90,38],[44,-123],[65,-10],[48,49],[33,-68]],[[231473,197250],[6,-70],[82,-79],[-47,-247],[62,-280],[83,-178],[121,-180],[48,-158],[176,-223],[27,-363],[21,-38],[53,-24],[181,13],[152,-81],[136,-27],[59,29],[8,93],[52,45]],[[232693,195482],[90,-333],[119,-196],[139,-142],[44,-77],[139,-113],[36,-84],[2,-39],[-55,-108],[49,-329],[-38,-95],[172,-226],[-14,-173],[114,-72],[53,-234],[137,-233],[183,-114],[70,-79],[73,-177],[217,-320],[84,-188],[20,-128],[81,-217],[-58,-182],[-85,-145],[-20,-192],[-7,-146],[50,-79],[-39,-182],[27,-119],[-35,-84],[71,-181]],[[225583,197972],[8,22],[25,-11],[-4,-18],[-29,7]],[[231375,223984],[97,-1],[43,30],[87,0],[126,118],[128,-30],[3,-112],[41,-36],[28,-87],[91,-71],[29,-70],[43,-3],[49,-44],[70,-127],[195,30],[105,74],[276,86],[73,-86],[9,-58],[60,-37],[24,-52],[117,-40],[11,-158],[80,-35],[45,12],[115,130],[45,20],[24,-22],[80,57],[76,-15],[274,196],[120,-56],[85,-102],[53,8],[-3,-66],[45,-48],[39,10],[60,-28],[34,31],[135,-13],[52,57],[66,26],[64,-26],[177,-5],[45,97],[-10,27],[38,22],[1,48],[-34,10],[3,24],[47,29],[79,-17],[53,-106],[124,-87],[111,-25],[58,-147],[-38,-127],[11,-38],[119,-116],[-20,-78],[84,-128],[77,-36],[-13,-119],[70,-30],[47,-64],[84,-28],[87,43],[43,-32],[112,75],[39,-36],[57,18],[34,-14],[33,53],[132,58],[30,-25],[54,10],[97,80],[51,97],[44,8],[42,-70],[-13,-68],[75,5],[84,-57],[56,-159],[155,-29],[89,32],[207,-325],[74,3],[114,-62],[170,-7],[83,74],[97,-7],[-8,35],[82,203],[110,11],[172,63],[458,-73],[72,-85],[36,23],[112,-13],[57,-38],[219,1],[48,38],[20,86],[55,79],[146,101],[6,58],[105,78],[-6,36],[48,62],[142,44],[27,49],[-20,46],[77,74],[-3,98],[59,43],[54,7],[24,44],[93,62],[-42,52],[-30,1],[-1,38],[-30,25],[-55,-18],[-125,117],[-40,-6],[-89,50],[-95,173],[43,72],[-42,24],[7,27],[64,90],[-28,118],[29,41],[-27,78],[62,71],[-19,74],[19,53],[-70,84],[-2,104],[35,9],[-13,39],[61,30],[-64,145],[-22,199],[27,25],[2,58],[76,46],[61,105],[-9,31],[34,29],[14,57],[-17,93],[40,33],[-79,96],[38,87],[-26,67],[-51,19],[-16,144],[64,123],[56,37]],[[239653,226089],[57,-57],[81,-13],[23,-32],[149,-22],[84,-88],[78,13],[31,-102],[155,10],[78,-114],[38,55],[83,-55],[91,-25],[99,32],[-31,43],[21,49],[53,19],[73,-4],[31,-28],[59,0],[27,-28],[163,-50],[21,56],[-5,150],[39,69],[136,85],[127,-11],[23,-160],[69,-6],[80,-43],[127,-104],[130,-5],[85,47],[49,-98],[108,-9],[77,36],[59,-56],[124,-39],[-103,-139],[29,-145],[-16,-90],[16,-95],[99,-178],[87,-52],[2,-32],[79,-37],[131,15],[70,85],[171,-34],[15,59],[70,27],[135,-58],[21,23],[194,30],[37,24],[125,-1],[65,37],[-18,30],[28,22],[-25,44],[52,76],[46,-29],[3,-36],[56,-18],[19,-52],[74,-35],[50,-55],[33,19],[64,-64],[73,2],[57,69],[131,9],[-2,41],[32,27],[86,-44],[67,-187],[54,-32],[239,-59],[36,55],[176,33],[36,-10],[60,-84],[319,-111],[12,-74],[-111,-67],[-14,-59],[77,-73],[-22,-56],[77,-107],[20,-66],[-29,-72],[17,-32],[-88,-65],[17,-78],[-105,-93],[71,-94],[-12,-36],[42,-136],[-16,-71],[60,-38],[29,-92],[47,-47],[-12,-23],[116,-1],[131,-47],[67,-87],[81,-39],[55,-179],[83,32],[70,61],[98,20],[53,-51],[136,1],[227,-58],[233,-139],[80,25],[24,52],[49,31],[-114,16],[-108,132],[-49,8],[-10,33],[-48,-10],[-6,39],[-65,13],[-21,51],[-62,8],[-33,-29],[-19,15],[14,28],[105,42],[27,83],[113,-30],[124,-71],[118,-37],[73,3],[60,-41],[156,55],[122,-67],[150,21],[143,-12],[42,33],[44,89],[-58,68],[3,77],[60,52],[-64,98],[32,127],[-50,15],[38,65],[-23,25],[12,105],[-52,121],[6,28],[36,9],[72,79],[37,91],[-11,86],[-84,118],[90,79],[-62,50],[2,67],[44,33],[-51,36],[109,34],[83,56],[136,18],[148,78],[80,2],[52,30],[-8,-70],[20,-38],[149,-18],[41,24],[65,-56],[9,-42],[50,3],[5,47],[94,18]],[[248647,224783],[32,-269],[49,-82],[-8,-40],[30,37],[-13,-38],[27,-107],[25,-69],[57,-60],[14,-67],[47,78],[175,44],[75,-23],[-75,21],[-90,-23],[13,-47],[-106,-18],[3,-37],[44,-111],[75,19],[4,-54],[-45,-26],[-26,9],[11,-38],[18,20],[99,-4],[-46,1],[3,-37],[-58,-14],[61,-117],[42,-13],[11,137],[58,91],[-54,-94],[-8,-120],[71,-60],[27,-2],[25,51],[24,-10],[-11,-26],[39,-11],[-41,-84],[-49,-12],[5,-20],[28,3],[-30,-4],[-49,24],[-154,20],[-75,-72],[89,30],[-7,-63],[59,-7],[45,30],[46,-26],[68,1],[29,-167],[-65,-27],[17,-9],[1,-132],[-80,-117],[52,-46],[42,10],[17,-43],[109,-79],[10,17],[6,-26],[-3,186],[50,164],[7,162],[-2,121],[-37,12],[38,31],[-9,30],[-64,-20],[-69,45],[37,78],[-6,-23],[36,8],[-8,-19],[27,-11],[9,18],[-54,38],[-30,105],[16,27],[21,-129],[43,-19],[19,-60],[66,-28],[-7,-495],[32,-313],[33,-94],[32,-6],[47,-60],[44,0],[-1,-69],[51,-69],[14,-71],[44,-8],[42,-160],[-3,-395],[25,-80],[-21,-67],[-2,-247],[18,-76],[66,10],[-66,-11],[66,-4],[-49,-8],[-7,-26],[21,-146],[40,-56],[200,27],[123,-136],[-123,133],[-178,-26],[43,-118],[96,1],[52,42],[-51,-44],[-152,-30],[-6,-25],[13,-61],[21,6],[-14,-23],[70,-224],[-28,-365],[66,-287],[-44,-273],[69,-503],[24,-397],[109,-431],[5,-215],[24,-88],[-38,6],[-6,-18],[55,-5],[-4,-32],[31,2],[-35,-41],[28,-12],[-45,-4],[-36,-119],[-13,-218],[28,-67],[-5,-89],[-23,-35],[-26,-236],[30,-12],[5,-68],[54,-41],[-56,39],[-22,68],[-6,-102],[34,-1],[-9,-66],[88,57],[-79,-61],[-47,-10],[7,-525],[13,-60],[29,-9],[-21,-8],[-3,-222],[16,-51],[35,-19],[-31,-10],[13,-19],[-21,-2],[-18,-76],[-23,-11],[-27,-121],[19,-23],[-10,-59],[-27,-2],[1,-42],[-28,-9],[-15,-49],[33,-33],[-32,1],[-2,-23],[36,-3],[-44,-7],[-14,-146],[33,-39],[61,-12],[53,-41],[-120,51],[3,-52],[33,6],[31,-64],[-34,38],[-7,-51],[6,67],[-23,0],[-1,-82],[48,-1],[98,81],[-95,-85],[-87,-3],[-13,-273],[-91,-304],[-73,-421],[4,-176],[109,-5],[0,-88],[35,-6],[-95,0],[61,-5],[-61,0],[0,-71],[81,-15],[89,142],[-88,-145],[-140,1],[-1,-100],[-68,-117],[-66,-253],[-23,-429],[-23,-46],[41,-70],[-20,-187],[61,-125],[-36,60],[-37,-33],[79,-75],[-29,13],[-26,-19],[-35,-125],[-9,-262],[31,-48],[-3,-31],[-27,-3],[18,-43],[-13,-64],[-56,-47],[29,-9],[-64,-21],[-55,-70],[-64,-144],[-81,-318],[-55,-358],[-14,-408],[39,-196],[28,-25],[32,17],[16,-10],[-23,-3],[0,-35],[35,22],[-34,-52],[9,-103],[40,-74],[-69,-35],[-8,-21],[31,17],[-11,-19],[-71,-10],[-43,-55],[-51,-173],[36,-67],[-53,-16],[19,-26],[-15,-14],[-70,-14],[33,28],[-60,-9],[12,-37],[-30,-41],[15,-7],[41,51],[-28,-40],[-14,-12],[-22,10],[-73,-83],[13,35],[-42,-23],[-6,-29],[26,11],[-24,-55],[26,-17],[20,17],[-24,-23],[-124,-4],[-108,-78],[-117,-144],[18,-35],[-27,-15],[-3,-45],[-88,-16],[-55,62],[-40,12],[23,20],[16,-21],[23,31],[-17,21],[-20,12],[-8,-30],[-50,35],[39,-23],[16,20],[-78,42],[-34,-71],[9,35],[-37,24],[-18,-55],[-29,0],[3,41],[-27,-11],[-11,-52],[-29,-14],[9,55],[-35,-12],[-28,-79],[-38,48],[-47,-24],[45,-63],[-57,-39],[-33,42],[-38,-26],[51,-65],[-31,-21],[-63,89],[-14,-10],[-32,-54],[35,-21],[-14,-22],[-35,20],[-34,-25],[67,-41],[-24,-23],[-72,43],[-74,-56],[46,-87],[-30,26],[-29,-30],[29,30],[-49,46],[-33,-36],[28,-26],[-68,55],[-120,-121],[-23,10],[20,-27],[-51,-51],[-23,30],[-28,-14],[-22,40],[0,-28],[-31,20],[-29,-27],[-56,44],[-157,-71],[-216,-227],[-116,-206],[-42,-240],[38,-81],[-37,-35],[29,-2],[10,28],[0,-35],[17,3]],[[246746,207954],[-51,-44],[-49,-5],[4,96],[-105,36],[-14,48],[-59,-16],[-21,37],[0,-57],[-68,42],[63,-52],[-2,-23],[-74,-21],[-17,13],[31,-4],[2,45],[-25,38],[5,-53],[-24,-17],[7,58],[-24,-37],[-45,41],[11,53],[21,3],[-26,32],[-30,0],[29,-22],[-23,-60],[-50,42],[-126,23],[-66,69],[-92,-64],[-67,46],[-73,-7],[-11,-48],[-124,28],[-61,71],[-61,20],[9,50],[-100,36],[-52,83],[-37,-20],[-48,10],[-122,84],[-93,-3],[-125,55],[-114,9],[-16,64],[-56,-22],[-55,21],[-6,-26],[-142,-30],[-76,39],[-37,47],[-30,-15],[-143,22],[-17,86],[-98,68],[-59,117],[-29,15],[6,31],[-117,61],[25,93],[-29,60],[27,33],[-71,24],[-44,94],[-54,-42],[-93,-3],[-7,-57],[-53,5],[-51,-43],[10,-55],[34,-32],[-78,-300],[47,19],[25,-37],[22,12],[62,-95],[62,-36],[-12,-175],[36,-8],[46,-109],[56,-30],[47,-73],[-18,-114],[-44,31],[-115,-131],[-71,36],[-42,-81],[-93,-1],[-7,-30],[-62,21],[-50,-56],[-36,23],[-103,-52],[-83,22],[-39,-12],[-40,-109],[-100,-61],[8,-136],[-130,-61],[-31,-152],[-40,-56],[-46,-25],[-85,21],[-41,-81],[-50,17],[-59,-16],[-11,20],[-66,-18],[18,-143],[-53,-22],[-68,-73],[-27,-110],[-199,-90],[-30,36],[-2,57],[-66,22],[-6,58],[-46,15],[-43,95],[-40,4],[-122,202],[-32,-2],[-72,-71],[-46,57],[-63,0],[-13,57],[-87,73],[-11,57],[-66,-29],[-40,34],[-61,-16],[-82,29],[-58,-12],[-79,28],[-22,32],[-117,31],[-17,55],[26,28],[-11,63],[-87,131],[-31,100],[17,33],[-14,62],[53,67],[-100,212],[-63,22],[-73,-21],[-57,34],[-67,-23],[-274,102],[-36,35],[-31,236],[-59,83],[-136,100],[-63,123],[-61,43],[-22,-10],[-59,69],[-55,1],[-50,37],[-168,-87],[-121,51]],[[239435,209156],[-34,69],[-89,13],[-25,47],[-88,8],[-90,72],[8,96],[46,81],[118,96],[-10,60],[-120,119],[7,81],[94,71],[-10,86],[-87,44],[6,45],[-49,38],[-9,61],[48,20],[32,60],[-15,82],[86,-19],[13,19],[-43,134],[7,115],[-225,-41],[-118,12],[-64,-86],[-32,37],[-79,-15],[-41,50],[-82,17],[-52,71],[3,68],[-54,64],[40,28],[18,154],[-126,145],[54,58],[-17,79],[-122,68],[-94,-4],[-45,43],[-23,-23],[-99,137],[-117,44],[-59,77],[63,47],[-17,38],[-95,19],[20,29],[-51,70],[-134,126],[-38,-47],[-88,8],[-33,62],[-94,35],[-140,106],[-49,66],[-109,61],[-55,-2],[-62,-44],[-326,97],[-80,-33],[-31,9],[-113,88],[-50,86],[-98,44],[-138,2],[-73,61],[-86,-61],[-89,36],[-87,-2],[-121,36],[-70,-19],[-159,68],[-84,3],[-44,27],[-92,-4],[-25,78],[-102,28],[-112,-16],[-26,-24],[-139,19],[-54,-40],[-72,10],[-57,-22],[-58,-47],[-72,3],[-68,31],[-52,73],[-110,-17],[-237,-116],[-153,19],[-122,-147],[-79,-16],[-56,37],[-107,-63],[-13,-39],[-100,8],[-50,-76],[3,-38],[-128,-79],[-6,-47],[-50,-37],[16,-90],[71,-44],[-43,-186],[23,-155],[31,-36],[-152,14],[-23,-18],[-297,95],[-138,-31],[-42,50],[-57,-134],[-78,-57],[-28,-70],[-113,-25],[-43,-66],[-167,39],[-33,0],[-62,-64],[-55,21],[-30,-20],[-53,11],[-50,25],[-18,-43],[-96,2],[-41,-69],[-34,-4],[-71,-75],[-116,53],[-212,-95],[-47,17],[-29,-155],[-38,-32],[-9,-67],[-44,-37],[-121,35],[-54,-73],[-115,-24],[-67,-63],[-85,3],[-22,24],[-76,-9],[-34,-69],[34,-49],[-96,-104],[10,-47],[-36,-24],[-75,-24],[-118,37],[-56,-64],[-40,-5],[-111,61],[-79,-7],[-34,-163],[-43,-48],[-62,-7],[-102,-77],[-108,-1],[-32,-71],[-91,19],[-174,-211],[-33,19],[-83,-26],[-45,21],[-34,-35],[-87,-26],[-150,-131],[-136,-28],[-137,123],[-160,-67],[-159,-11],[-38,-80],[9,-109],[-27,-78],[-152,-107],[-60,-1],[-12,-45],[-89,-48],[8,-94],[-70,-111],[5,-53],[-43,-28],[-96,-2],[-114,58],[-55,-18],[-119,-100],[-85,-156]],[[227402,208791],[-138,10],[-26,42],[-116,71],[-224,-26],[-74,-27],[-28,-34],[9,87],[-106,149],[-53,1],[-74,-50],[-289,38],[-108,-17],[-139,143],[-113,-7],[-62,-50],[-131,70],[-84,93],[-156,-142],[-194,-50],[-27,79],[-58,2],[4,49],[-61,-7],[-8,51],[26,6]],[[225172,209272],[49,31],[86,-13],[-12,31],[35,15],[11,57],[-31,33],[64,97],[47,-1],[-18,89],[36,11],[3,30],[-47,33],[18,27],[-22,56],[69,41],[-8,49],[-68,64],[17,31],[65,19],[35,84],[-42,89],[-22,169],[-106,170],[71,143],[1,113],[64,55],[15,48],[-20,42],[93,56],[10,72],[-42,33],[1,108],[-33,19],[-5,77],[-104,138],[26,167],[-85,58],[-55,85],[29,59],[-68,128],[-12,147],[33,147],[88,141],[31,295],[52,84],[2,83],[41,28],[-1,48],[-36,38],[49,20],[-103,21],[13,56],[-57,11],[-5,45],[33,36],[0,29],[-23,2],[12,70],[-49,42],[4,45],[-77,25],[-89,131],[-49,27],[13,81],[-72,26],[-10,70],[-42,4],[-58,-152],[-69,-69],[-43,-25],[-120,-3],[1,88],[-31,84],[-101,82],[-35,102],[-148,124],[-41,79],[-69,60],[-16,85],[77,209],[61,99],[43,5],[17,50],[142,145],[35,11],[16,65],[62,32],[113,138],[91,38],[75,309],[-27,62],[84,91],[33,86],[-44,61],[-10,127],[-34,42],[55,24],[87,124],[76,5],[16,116],[-17,123],[62,232],[-44,101],[-47,23],[0,124],[-60,13],[13,35],[-76,39],[-101,-32],[-43,13],[-62,67],[-1,71],[-42,90],[-99,80],[26,37],[126,56],[-23,116],[11,81],[83,122],[-6,39],[28,51],[49,53],[50,13],[18,50],[165,-70],[151,66],[69,59],[67,-26],[31,-64],[202,54],[78,47],[35,-51],[36,-3],[38,40],[81,18],[169,87],[82,-52],[65,61],[152,49],[15,-39],[105,-36],[146,40],[77,86],[5,41],[58,-14],[93,45],[53,-25],[29,-49],[73,-25],[155,-2],[173,-63],[122,100],[-24,35],[0,111],[73,139],[-41,47],[23,43],[-10,54],[85,70],[-46,84],[7,52],[42,81],[189,19],[18,54],[137,-24],[159,68],[90,8],[11,-33],[78,-47],[34,-74],[79,-32],[60,-62],[94,59],[39,66],[152,37],[233,-64],[82,81],[53,15],[66,-35],[152,-20],[54,15],[27,-44],[54,-6],[87,-47],[12,-32],[77,-3],[42,-37],[281,183],[-10,30],[33,37],[19,102],[41,32],[-7,44],[-88,-4],[-76,36],[-32,77],[-85,70],[10,77],[-72,38],[63,72],[-38,200],[67,121],[-28,41],[18,24],[-17,82],[-31,9],[-29,52],[19,24],[-45,62],[22,31],[-12,114],[-74,71],[-75,13],[-78,115],[-6,65],[45,37],[12,43],[-60,51],[-25,116],[21,81],[107,117],[-48,39],[-35,90],[190,78],[75,-11],[156,124],[69,25],[54,80],[37,6],[34,-42],[36,13],[62,47],[2,41],[54,46],[14,57],[-21,27],[68,81],[114,73],[132,-8],[14,67],[-34,13],[-58,112],[26,39],[9,125],[120,101],[-14,55],[90,22],[65,104],[92,24],[35,141],[73,53],[19,64],[-13,163],[122,33],[27,101],[123,109],[38,88],[224,158],[122,179],[113,46],[112,169],[105,69],[129,30],[40,36],[-76,165],[-48,42],[-42,4],[-34,69],[-89,74],[-28,87],[-40,34],[-14,96],[-81,16],[-152,-101],[-92,11],[-28,-28],[-114,5]],[[231143,197378],[13,43],[69,57],[-39,48],[-25,110],[-87,-37],[31,58],[-23,61],[48,33],[-70,-9],[16,23],[-70,3],[17,37],[-26,50],[-40,35],[-29,-20],[-41,42],[-55,-81],[7,106],[-108,174],[-48,34],[80,114],[79,36],[11,33],[-18,14],[-67,-48],[-61,116],[-102,6],[-84,47],[-43,-12],[-101,-91],[-332,19],[-107,-40],[-89,21],[-112,-19],[-120,112],[32,46],[-36,46],[-44,-19],[-21,40],[-63,-81],[-59,21],[-7,60],[-37,17],[-27,-45],[-120,92],[-74,-62],[-76,4],[-32,-47],[-132,46],[-36,-78],[-113,-41],[-28,33],[-38,2],[-91,-74],[-75,31],[0,39],[-24,11],[-33,-10],[5,-82],[-126,23],[-59,77],[62,41],[76,-2],[-105,96],[0,33],[-52,33],[-186,-14],[-1,87],[-74,51],[-24,-11],[-18,-66],[-66,58],[15,90],[-64,39],[32,41],[-82,28],[-58,90],[-28,-2],[-18,42],[25,17],[-28,35],[38,38],[-34,18],[-13,43],[58,31],[37,-75],[20,46],[13,-26],[36,16],[-54,123],[-67,69],[-338,182],[-75,119],[-137,80],[-132,119],[-29,52],[23,31],[-25,110],[-73,74],[96,142],[25,82],[78,44],[-1,89],[43,139],[51,66],[40,15],[17,44],[76,38],[7,64],[37,42],[-7,56],[111,40],[34,133],[96,81],[1,75],[-52,54],[39,7],[51,56],[45,-20],[36,-59],[73,38],[73,-29],[-21,64],[94,73],[22,145],[-98,-56],[-18,170],[-52,43],[30,94],[-88,0],[12,53],[-64,17],[15,123],[68,66],[-31,43],[83,27],[35,41],[36,94],[25,10],[1,42],[72,52],[40,101],[-115,33],[46,38],[-23,48],[23,25],[-13,28],[30,138],[62,30],[120,-48],[67,58],[51,1],[64,166],[62,36],[36,-9],[22,29],[-3,101],[120,79],[13,63],[-134,139],[13,67],[-46,135],[-85,60],[-39,-17],[-65,13],[-69,-45],[-24,47],[-77,16],[-99,-52],[-30,-42],[-115,-11],[-43,40],[-100,19],[-69,56],[-120,12],[39,-65],[-116,-45],[-159,161],[-102,19],[-108,-19],[-113,38],[-57,-12],[-95,25],[-71,72],[-20,103],[-223,29],[-20,97],[33,144],[-54,133],[27,31],[-26,73],[55,108],[54,31],[5,143],[61,64],[-36,60],[35,50],[-32,116],[163,121],[105,118],[-5,55],[37,44],[34,5],[-19,53],[70,46],[1,56],[28,25],[-30,95],[38,65],[9,119],[60,73],[-142,26],[-87,44],[-20,44],[11,113],[-62,53],[52,93],[-20,70],[94,26],[34,92],[72,48],[33,-14],[70,30],[24,50],[-16,50],[34,18],[-34,134],[38,44],[-10,20],[89,26],[63,-10],[70,72],[-37,74],[39,59],[108,62],[70,85],[-19,63],[-94,57],[-81,1],[-24,-28],[-62,49],[-134,51],[-32,-13],[-37,34],[-75,18],[-35,99],[-152,27],[-59,61],[99,94],[-8,50],[35,63],[8,109],[-29,91],[27,0],[40,-60],[20,55],[66,-8],[42,19],[-22,26],[47,54],[-20,105],[122,136],[203,88],[20,56],[-32,64]],[[239435,209156],[-89,-10],[-60,-48],[-70,-136],[24,-68],[-19,-134],[25,-45],[11,-147],[24,-15],[16,-73],[-19,-95],[32,-35],[-18,-98],[39,-70],[-34,-62],[2,-147],[-39,-132],[16,-46],[57,-26],[-20,-118],[25,-36],[56,-6],[23,-31],[-9,-53],[48,-64],[23,-180],[-10,-73],[-47,-49],[52,-177],[-35,-77],[26,-67],[-40,-73],[-48,3],[-88,-45],[52,-100],[-52,-44],[103,-113],[-62,-26],[-24,-96],[64,-82],[37,-109],[33,-7],[63,-93],[20,8],[39,-46],[56,-16],[81,-75],[60,-142],[-8,-117],[71,-91],[-91,-3],[-69,-80],[-55,-7],[-23,18],[-52,-22],[-42,-74],[-115,-16],[-49,29],[-133,-12],[-39,-76],[-133,47],[-39,-13],[-64,-119],[-88,-85],[-5,-43],[47,-15],[22,-98],[-49,-1],[1,-51],[140,-73],[14,-70],[-47,-52],[160,-185],[-25,-87],[34,-42],[17,-101],[-125,-38],[24,-107],[-11,-65],[22,-13],[47,33],[122,-233],[9,-180],[-74,-181],[-7,-61],[32,-41],[-14,-103],[-28,-24],[38,-36],[23,-121],[-44,-29],[107,-134],[-2,-38],[-61,-65],[10,-223],[78,-119],[-10,-40],[104,-117],[-122,-44],[-55,3],[26,-114],[-93,-6],[-19,-80],[-74,33],[-5,-28],[-82,-14],[24,-76],[-19,-102],[-44,-36],[7,-48],[-77,-89],[-69,-24],[-63,-130],[14,-60],[-78,-79],[-1,-90],[-65,-45],[4,-60],[45,-64],[-67,-135],[27,-282],[-67,-81],[-80,-180],[-51,-15],[-52,-88],[-62,-14],[-208,43],[-126,-35],[-110,141],[-59,120],[-46,-33],[-126,47],[-245,-67],[-68,-70],[28,-138],[-141,-63],[-16,14],[22,35],[-81,26],[-46,48],[-59,-55],[-95,88],[-203,1],[-17,-112],[55,-129],[-90,-121],[-200,-95],[-116,-10],[-64,53],[-111,-23],[-8,-23],[-72,17],[-78,-11],[-3,-18],[-8,26],[23,3],[-20,15],[-32,-16],[-24,-56],[-27,35],[-119,25],[6,-49],[42,-51],[-23,-40],[-145,26],[-34,-41],[-95,54],[-44,-11],[-13,44],[-52,34],[-14,65],[-60,-130],[-54,-50],[-11,-268],[-253,-29],[-40,-39],[-111,-23],[-1,-30],[-173,-31],[-115,-79],[-37,-66],[15,-105],[-34,-261],[66,-18],[-65,-131],[-84,-49],[-51,19],[-9,39],[-34,-22],[-44,30],[0,37],[66,34],[-33,55],[-69,-10],[-91,45],[-53,-38],[-34,19],[-4,53],[56,108],[-26,38],[-83,3],[8,-41],[-43,-39],[5,-51],[-33,-20],[-75,28],[-93,-78],[-110,16],[-27,-16],[-175,-280],[87,-286],[-93,-90],[-46,-93],[-58,-256],[-77,-147],[-854,-334],[-162,-132],[-287,-154],[0,69],[-102,30],[1,59],[-36,3],[-24,-30],[-123,15],[20,-56],[-27,-86],[-55,35],[-51,-2],[-2,42],[-84,1],[-64,-111]],[[259032,266235],[-92,-29],[-27,-44],[11,-38],[-68,-101],[-121,-54],[-16,-45],[-70,-42],[-111,-5],[-97,-83],[-118,-47],[-210,-1],[-50,-77],[-202,-37],[-108,-98],[-44,-3],[-25,-94],[-53,-44],[-2,-106],[48,-38],[-25,-75],[55,-69],[-16,-38],[-62,-32],[4,-41],[-64,-51],[-60,-20],[-7,-59],[-114,-71],[-106,-4],[-114,-104],[-31,-58],[-31,3],[-84,-66],[-76,66],[-63,-24],[-124,31],[-124,121],[-23,58],[-50,15],[-68,-27],[-29,27],[-6,58],[-116,79],[-37,-4],[-74,71],[-187,18],[-47,-39],[-92,-7],[-29,-27],[-113,17],[-61,33],[-55,-41],[-52,3],[-30,-92],[-32,-6],[-31,-49],[1,-46],[-51,-16],[-11,39],[-49,4],[-168,-103],[-77,149],[-59,15],[-58,-110],[-54,-20],[9,-101],[-89,-98],[-25,-79],[-68,-52],[0,35],[-46,34],[-44,-75],[-264,-121],[-2,59],[-65,16],[31,41],[-21,31],[-120,37],[-58,51],[40,99],[-8,138],[-33,28],[-52,-2],[-35,56],[-35,5],[-10,70],[-55,2],[-61,43],[-77,-94],[-166,-17],[-68,-41],[33,-41],[-54,-46],[5,-101],[-177,-112],[-50,-7],[-125,82],[-61,1],[-33,-51],[1,-72],[-162,-14],[-51,-64],[-91,-46],[-78,-96],[-87,-8],[-104,-159],[-2,-46],[-128,-19],[-164,-104],[-113,-8],[-226,48],[-57,-55],[-107,-14],[-96,-74],[-123,-27],[-93,14],[-55,-93],[-203,-79],[-177,-134],[-97,-11],[141,-323],[-81,-85],[-137,-15],[-83,-51],[-66,25],[-98,-10],[-100,-63],[-130,-172],[-133,-27],[-114,6],[-4,-43],[-204,-124],[-12,-80],[-49,-23],[-84,-8],[-7,-28],[-82,15],[-56,-17],[-56,44],[-73,-24],[-75,60],[-160,-50],[-49,62],[0,36],[-101,10],[0,106],[-35,35],[13,47],[-48,43],[-70,19],[-49,51],[2,43]],[[248980,262945],[-12,48],[-68,40],[-50,82],[22,104],[76,110],[21,138],[44,43],[-10,38],[-34,0],[-26,43],[-108,12],[-9,132],[33,46],[105,36],[41,55],[29,240],[-23,81],[32,16],[20,-42],[20,4],[0,82],[67,89],[11,82],[-84,136],[45,52],[41,9],[49,-116],[125,-7],[99,92],[75,25],[-10,21],[36,25],[-32,122],[-26,3],[17,30],[-20,67],[34,7],[22,44],[-13,101],[-57,39],[-77,157],[45,140],[-26,99],[-60,40],[18,128],[-16,31],[-39,9],[93,90],[-5,92],[-178,59],[-127,-63],[-163,-11],[-128,63],[-62,-42],[-25,-73],[-38,-29],[-92,0],[-86,97],[-118,-64],[-66,31],[-70,0],[-72,-2],[-60,-30],[-285,206],[110,1028],[-15,190],[-356,-94],[-54,39],[-51,-4],[-43,-34],[2,-28],[-90,0],[-118,-121],[-96,-13],[-74,-111],[-56,-22],[-14,-96],[25,-68],[-39,-117],[-12,-194],[-56,-149],[-144,12],[-29,80],[-55,47],[-204,-97],[-46,42],[-92,-45],[-18,-54],[-59,-35],[-66,-111],[-145,-14],[-42,26],[-64,0],[-16,-57],[38,-32],[-59,-47],[64,-53],[-23,-73],[19,-64],[-27,-58],[-146,13],[-17,45],[-60,28],[1,76],[-27,34],[-79,29],[-13,-29],[-87,-12],[-47,37],[-104,-42],[-58,3],[-16,-74],[28,-13],[-50,-85],[-89,-18],[-70,-62],[-100,0],[4,-32],[-66,-82],[-87,6],[-35,-24],[-109,-4],[-52,33],[-96,-46],[-22,27],[53,89],[-33,25],[-12,107],[-105,64],[4,40],[-201,-2],[-99,56],[-7,45],[-60,47],[-131,50],[0,-57],[-34,-53],[-145,0],[-40,-52],[-132,-6],[-31,21],[-61,-22],[-59,-83],[83,-150],[91,-79],[-3,-48],[50,-45],[-32,-34],[-114,-25],[-114,63],[-39,49],[-100,-21],[-64,111],[-49,28],[-120,-11],[21,44],[-12,103],[77,11],[-3,166],[-149,4],[-69,-36],[-76,0],[-82,48],[-59,79],[-234,88],[31,20],[12,51],[-46,88],[-83,31],[-126,7],[-21,40],[-68,0],[-100,-49],[-46,10],[-77,-59],[-44,-6],[3,40],[-40,50],[-6,161],[-49,36],[-3,67],[56,108],[-21,24],[-120,43],[-132,-43],[-122,-79],[-89,-3],[-10,42],[-68,14],[-34,108],[-31,-5],[-58,39],[-55,-32],[-33,-94],[-47,-45],[-74,-6],[-156,36],[-102,-99],[-19,-56],[-65,-21],[2,-82],[-67,-24],[11,-140],[-38,-39],[-7,-110],[-75,-63],[-41,13],[-156,-25],[-46,17],[-32,-35],[-63,-20],[-35,23],[-25,79],[-62,5],[-42,55],[-108,5],[-36,-27],[-133,18],[-165,-85],[-186,11],[-47,25],[-64,-79],[-110,-16],[-239,-97],[-151,121],[-54,-35],[-155,-27],[-91,78],[-28,60],[-156,-48],[-45,-37],[-39,28],[-78,-7],[-145,-71],[-65,51],[-75,-6],[-70,30],[-261,-75],[-44,21],[-42,-14],[-56,8],[-36,82],[-80,49],[9,26],[-34,59],[29,63],[-81,95],[-90,56],[-50,-1],[-59,72],[-70,-35],[-83,69],[-123,-27],[-78,10],[-16,-21],[23,-36],[-75,-68],[-173,24],[-27,-60],[-38,-1],[-18,-44],[-102,-63],[-37,-72],[82,-128],[-10,-38],[-38,-20],[-6,-90],[-65,-45],[28,-117],[-67,37],[-39,62],[-36,-7],[-32,25],[-49,78],[-81,15],[-33,37],[-18,-41],[-118,-75],[-55,-8],[-157,1],[-79,46],[-8,40],[-55,34],[-120,-64],[-201,-44]],[[234905,265876],[52,40],[-19,23],[25,107],[-29,119],[53,60],[-22,39],[59,187],[-18,71],[33,31],[15,138],[-15,135],[35,36],[-11,41],[30,81],[-26,113],[9,97],[-29,38],[12,200],[-102,470],[-54,59],[-54,-25],[-43,33],[40,5],[-29,29],[47,53],[-1,52],[-84,178],[-121,148],[-73,18],[-31,-11],[2,-26],[-10,24],[-46,4],[-142,-73],[-159,43],[-132,-48],[-90,39],[-57,110],[5,50],[-57,32],[45,-1],[13,22],[-43,77],[-36,18],[32,18],[-24,61],[39,21],[-45,41],[12,66],[168,86],[159,129],[94,36],[6,34],[24,-10],[-14,49],[72,60],[66,105],[40,10],[12,-30],[81,-40],[55,16],[20,31],[22,-21],[83,16],[-23,-20],[19,-25],[67,24],[2,32],[-25,-6],[-22,32],[44,91],[-29,28],[65,-19],[68,37],[-16,33],[23,46],[-25,12],[19,10],[-22,28],[41,18],[13,49],[-48,33],[7,35],[77,-64],[84,25],[224,222],[26,70],[25,2],[-30,9],[46,129],[-19,47],[104,64],[45,-4],[52,61],[72,147],[-44,84],[44,7],[30,34],[59,192],[82,40],[1,55],[-41,30],[42,45],[81,-28],[190,107],[86,1],[80,101],[-2,47],[153,89],[7,-20],[71,21],[30,52],[46,18],[163,-41],[150,-117],[193,-48],[-22,-65],[26,9],[77,-105],[219,-81],[129,5],[292,137],[255,195],[100,127],[221,82],[77,105],[79,41],[62,-15],[65,38],[38,-75],[25,16],[63,-52],[97,8],[43,37],[71,11],[126,88],[71,114],[-37,21],[15,20],[54,-24],[105,141],[208,390],[199,496],[258,907],[207,1151],[72,664],[30,554],[-51,482],[-39,67],[-62,26],[-99,169],[-52,11],[-55,103],[-85,24],[-4,33],[-45,7],[-17,40],[-213,17],[-76,-25],[-3,33],[-125,-10],[-122,48],[28,75],[-20,12],[29,12],[-28,58],[25,-6],[42,34],[-1,43],[59,25],[-8,17],[107,-84],[33,45],[59,-23],[90,49],[84,-65],[28,14],[-8,35],[31,-16],[-8,-25],[27,-1],[21,-48],[48,-29],[48,-14],[-25,32],[13,18],[91,-41],[88,61],[-2,42],[38,1],[-19,129],[91,-12],[59,52],[86,193],[0,50],[-25,10],[37,21],[-5,56],[32,23],[22,77],[-22,26],[41,69],[-2,61],[-14,-22],[-4,16],[46,76],[-2,75],[-34,43],[-24,-6],[17,16],[-28,55],[54,84],[-29,23],[23,-6],[12,23],[-35,38],[8,67],[-14,-27],[-20,111],[-26,23],[23,0],[-14,38],[21,3],[-10,82],[17,4],[-19,24],[40,36],[-2,99],[39,-9],[16,22],[53,6],[-17,21],[29,23],[-23,5],[43,63],[-2,81],[-66,66],[22,19],[-6,62],[12,-17],[32,30],[39,-5],[22,-33],[36,2],[37,-62],[102,-29],[25,-50],[45,13],[23,-29],[122,-29],[28,-48],[67,-23],[39,-56],[40,10],[96,-87],[34,6],[7,-52],[59,-65],[18,-102],[168,-93],[65,-78],[90,-55],[71,-144],[71,-11],[-78,11],[-3,-35],[26,-22],[54,9],[131,-109],[183,-24],[29,-72],[34,-17],[253,16],[187,82],[328,277],[34,57],[-18,60],[29,24],[2,24],[-28,2],[54,14],[-16,28],[46,47],[138,1],[-6,-43],[41,-12],[73,63],[23,65],[31,15],[-13,25],[35,23],[-6,-32],[41,-10],[32,-43],[104,-2],[13,39],[53,-50],[34,18],[7,-25],[90,5],[171,-109],[207,-38],[189,-285],[210,-99],[105,-162],[55,-141],[-60,-163],[4,-63],[-28,-33],[14,-126],[-88,-302],[-23,-518],[44,-315],[38,-92],[4,-138],[64,-115],[9,-69],[18,1],[0,-50],[49,-12],[-33,-5],[-5,-41],[21,-2],[-24,-32],[29,-328],[105,-589],[58,-76],[-45,46],[18,-19],[-16,-14],[20,7],[-17,-17],[29,4],[-40,-14],[92,-654],[36,-116],[31,1],[-20,-26],[19,-2],[-4,-55],[40,-88],[168,-791],[136,-236],[85,-95],[32,4],[-17,-15],[34,-43],[77,-57],[23,29],[83,-52],[-11,-34],[54,37],[-18,-28],[33,-41],[29,2],[88,-113],[102,-49],[-29,-11],[12,-40],[14,37],[63,26],[-48,-69],[79,19],[64,-17],[1,82],[34,-11],[10,-37],[-26,-31],[35,-7],[82,36],[20,-25],[67,80],[40,-28],[152,-5],[-1,-26],[35,-2],[252,79],[115,71],[4,37],[20,-14],[32,25],[97,129],[14,-13],[67,59],[14,103],[72,11],[-55,58],[61,-54],[40,60],[54,13],[0,92],[96,32],[1,-32],[44,16],[61,71],[11,104],[132,70],[-8,60],[34,20],[-42,8],[16,51],[-68,109],[67,19],[44,-17],[53,24],[-14,20],[21,61],[20,-3],[7,73],[-14,70],[-51,29],[61,80],[-38,96],[9,152],[75,53],[-29,35],[-62,-10],[-53,33],[-67,-58],[-32,29],[-41,-4],[-51,54],[-45,5],[-6,32],[-26,-18],[-54,23],[14,17],[-23,17],[90,-3],[38,22],[28,-14],[25,22],[25,-9],[30,39],[55,-14],[52,24],[17,85],[-56,6],[-5,-30],[-5,24],[11,146],[55,38],[38,-2],[15,53],[32,2],[8,26],[-5,-24],[25,-7],[14,34],[-27,69],[-96,0],[-12,25],[69,40],[39,-7],[69,91],[63,192],[-25,90],[46,-21],[102,35],[183,-45],[72,-49],[25,-50],[24,3],[7,-32],[68,-51],[-29,11],[8,-30],[63,-17],[-46,4],[50,-32],[186,0],[79,34],[61,-42],[65,-3],[33,-140],[151,-180],[314,-211],[-38,10],[2,-80],[-61,-104],[8,-55],[18,16],[5,-38],[22,6],[-24,-15],[25,-36],[-26,34],[-39,-36],[15,-20],[-37,27],[-30,-12],[-33,-79],[13,-21],[101,-27],[3,16],[122,1],[0,19],[48,-12],[10,21],[22,-16],[64,36],[114,-82],[191,-37],[52,-97],[144,-104],[77,-2],[-9,-26],[23,-12],[185,34],[139,-62],[78,-156],[118,-121],[55,-146],[254,-231],[66,-11],[67,19],[29,-47],[13,16],[-27,38],[42,2],[-24,-71],[33,28],[129,26],[3,22],[45,-36],[49,7],[96,75],[57,-2],[70,32],[212,187],[246,284],[168,248],[181,330],[271,656],[179,764],[47,443],[-10,390],[78,109],[-18,240],[39,121],[66,46],[16,106],[45,28],[21,60],[69,2],[33,72],[74,73],[90,375],[-123,431],[-99,240],[-29,-7],[11,48],[-189,348],[-197,288],[-167,198],[-327,301],[-156,73],[25,41],[-46,-40],[-23,19],[-39,-22],[-46,14],[137,119],[42,72],[131,45],[-124,-25],[-58,-83],[-178,-105],[-16,17],[7,-23],[-32,18],[-37,-29],[-8,24],[-46,7],[-60,-24],[-44,-50],[-23,-101],[-58,-96],[-135,-156],[-15,-73],[-55,-14],[37,-14],[-75,-52],[14,-67],[137,16],[35,72],[151,131],[17,70],[-30,82],[36,-37],[-4,-93],[-95,-222],[-108,-83],[-1,-33],[-55,-16],[-364,-313],[-207,-10],[-325,-192],[-190,-188],[-48,-99],[-35,-14],[-181,43],[-136,5],[-305,191],[-72,8],[-117,-43],[-71,25],[-32,-11],[-23,32],[-102,19],[-226,-127],[-93,-87],[-16,-58],[-149,-138],[-107,32],[-113,-42],[-72,35],[-106,11],[-100,-33],[-79,-97],[-161,-75],[-211,56],[-94,-19],[-143,-71],[-69,1],[-107,-69],[4,-27],[-198,-94],[-79,-82],[-22,11],[-33,-45],[15,-24],[-33,-39],[-45,-1],[-8,-61],[-41,-21],[-7,-50],[-43,-48],[-61,36],[-43,-22],[-68,6],[-100,76],[-119,-35],[-78,67],[25,51],[-56,6],[-21,52],[-61,-23],[-28,77],[-18,-21],[-23,24],[41,92],[-22,43],[36,56],[-20,53],[28,67],[-28,44],[28,19],[-16,14],[20,38],[-70,368],[68,110],[146,123],[-17,20],[15,105],[45,83],[41,210],[-31,53],[18,35],[-39,37],[-29,171],[76,47],[6,91],[82,157],[-31,61],[89,66],[-13,56],[43,67],[-15,18],[27,94],[6,-21],[39,8],[-51,103],[23,0],[-19,21],[15,34],[34,9],[-32,17],[49,127],[39,38],[-52,83],[-52,34],[115,109],[-84,-2],[55,71],[125,55],[87,166],[61,294],[-8,81],[21,37],[2,-22],[25,15],[-17,7],[15,287],[54,122],[-3,65],[7,-34],[23,34],[-8,77],[45,13],[-7,76],[48,43],[-52,38],[42,27],[-9,46],[61,-14],[75,21],[102,182],[-10,19],[84,50],[-72,-50],[8,-16],[79,37],[38,-9],[27,31],[18,113],[-30,52],[79,82],[31,-13],[84,51],[4,41],[-26,17],[102,167],[-40,21],[105,25],[63,65],[-3,27],[34,-6],[29,24],[7,92],[39,26],[39,128],[34,14],[-33,18],[53,8],[0,38],[-34,23],[46,79],[-16,82],[-20,38],[-88,13],[54,-2],[23,47],[-103,130],[-18,63],[24,12],[20,-35],[46,91],[33,-21],[26,20],[-33,60],[27,-9],[17,31],[-22,39],[15,76],[30,5],[3,44],[35,23],[54,-10],[35,-76],[21,13],[-15,-22],[64,-108],[172,-84],[37,12],[69,-99],[106,-25],[62,-97],[37,3],[45,-37],[3,-59],[70,-73],[19,7],[-19,-33],[68,-85],[259,-115],[137,-99],[121,-4],[136,-38],[633,-12],[46,-18],[14,-45],[133,-73],[83,-10],[25,-42],[32,9],[-11,-20],[69,-45],[69,1],[37,-35],[49,14],[25,-40],[69,-10],[-15,-56],[56,-64],[36,-17],[22,19],[20,-121],[189,-216],[118,-31],[147,-225],[82,-67],[87,-26],[0,-28],[34,11],[-15,-24],[147,-123],[-12,-38],[49,-70],[236,-215],[222,-148],[328,-166],[472,-159],[320,-59],[256,17],[413,119],[610,270],[205,121],[118,136],[149,96],[49,70],[120,80],[14,20],[-23,21],[40,-4],[35,67],[182,166],[63,29],[60,97],[55,-25],[-19,-88],[73,-91],[-79,-15],[-30,-36],[-10,-99],[46,-115],[-100,-4],[-51,-94],[6,-29],[104,-85],[-30,-91],[26,-42],[-36,-53],[-38,-2],[9,-39],[-75,-23],[8,-60],[-23,1],[10,-22],[-60,-60],[-57,-161],[-465,-1727],[-65,-469],[-157,-600],[-39,-552],[50,-199],[-17,-53],[34,-29],[30,13],[-25,-29],[23,-3],[-17,-21],[27,-34],[-35,-68],[-16,-143],[20,-167],[-20,-7],[15,-50],[62,5],[6,-41],[-91,-321],[-98,-1056],[17,-677],[10,-27],[34,0],[57,-86],[-59,76],[-47,0],[-1,-35],[43,-4],[-61,-4],[22,-39],[48,-1],[-42,-55],[5,-286],[43,-83],[53,-16],[-97,-1],[-27,-27],[-45,24],[0,25],[-25,0],[0,-25],[-58,0],[0,-39],[73,-25],[17,-31],[38,1],[3,25],[63,-41],[13,-26],[-75,34],[25,-72],[-31,-4],[31,0],[0,-23],[107,-1],[-61,-80],[-8,-56],[109,-1093],[365,-2261],[96,-358],[36,-57],[42,3],[-31,-9],[13,-49],[26,-2],[-24,-5],[7,-29],[41,-3],[-29,-9],[71,-324],[102,-374],[180,-426],[-13,-50],[55,-62],[66,-207],[70,-43],[54,-102],[-29,-12],[72,-158],[91,37],[42,-80],[-1,-26],[-115,-54],[51,-74],[78,35],[97,-35],[16,-25],[-60,-31],[19,-32],[46,24],[51,-22],[-68,-47],[19,-31],[80,39],[35,-52],[-68,-33],[17,-27],[23,-13],[86,29],[45,-41],[-31,-29],[127,-101],[-54,-43],[-349,55],[-17,-46],[33,20],[96,-10],[-1,-20],[5,20],[77,-9],[114,-40],[145,55],[89,1],[-88,-6],[39,-29],[-44,12],[-7,-21],[101,-27],[20,62],[41,13],[-33,-21],[6,-54],[64,1],[29,5],[-9,56],[30,2],[3,-25],[53,4],[17,59],[21,2],[-17,-59],[23,-9],[51,107],[32,12],[-45,-7],[42,60],[23,-25],[79,48],[-27,14],[90,10],[39,-19],[43,20],[14,-35],[64,-26],[-19,-73],[48,-23],[-24,-35],[73,-139],[67,-61],[96,21],[-13,-14],[29,-10],[-17,-20],[34,0],[4,-21],[134,-69],[-10,-79],[24,-27],[33,-19],[32,15],[-19,23],[41,-35],[41,21],[-27,-19],[23,-91],[142,-85],[-19,-60],[47,-29],[1,-60],[46,-62],[122,-70],[0,-25],[28,-9],[-11,-31],[35,-20],[-20,-8],[110,-41],[11,-34],[49,-4],[2,-43],[29,3],[-10,-13],[86,-96],[43,-4],[23,-45],[41,18],[34,-32],[54,-3],[1,-35]],[[102542,147601],[-677,94],[-261,14],[-51,145],[25,94],[-101,36],[-13,90],[-244,169],[-118,166],[55,110],[50,3],[-72,85],[-103,11],[11,-184],[-188,38],[-58,-60],[27,-27],[11,-86],[-136,-297],[-447,-309],[31,-71],[-331,-202],[-264,-274],[-117,-293],[73,-128],[-43,-56],[-37,-3],[39,-8],[-6,-40],[49,-49],[1,-45],[-21,-18],[61,-22],[6,-64],[55,-32],[31,-62],[43,-17],[-12,-59],[48,-37],[49,-2],[22,-48],[43,-4],[-12,-114],[38,-42],[-7,-99],[73,-92],[-5,24],[28,-14],[-15,-24],[27,5],[16,-75],[36,-3],[-52,-24],[25,6],[-19,-43],[40,-53],[-43,1],[34,-18],[-14,-14],[41,-58],[59,-11],[-6,-107],[22,-67],[-30,-18],[78,-7],[17,-68],[-35,-82],[58,-27],[69,50],[59,-28],[6,17],[4,-39],[77,-50],[-3,-28],[-47,-31],[27,-45],[82,15],[111,-102],[15,-187],[-34,18],[-8,-32],[-30,9],[23,-35],[-52,-1],[64,-23],[21,15],[24,-55],[-51,-28],[-26,16],[-13,-16],[20,-29],[-30,-27],[-64,61],[40,31],[14,51],[-44,0],[-62,71],[40,-99],[-118,-9]],[[100440,144625],[-71,41],[-150,-12],[-202,53],[-106,-20],[-145,40],[-66,-13],[-38,101],[-47,47],[-76,-54],[-98,-1],[-119,42],[-54,-8],[-60,33],[-73,-11],[-85,48],[-111,11],[-88,-22],[-34,22],[-5,62],[-114,86],[-21,50],[-224,-16],[-118,97],[5,32],[-32,54],[-35,9],[4,51],[-34,39],[-35,3],[-54,72],[-141,62],[18,56],[-18,67],[-52,20],[-128,-61],[-91,36],[-38,88],[-66,12],[-18,101],[-84,113],[40,94],[-28,50],[-23,-7],[-33,54],[-37,9],[-65,93],[-67,5],[-63,57],[-23,-12],[-105,67],[-131,27],[-103,59],[-18,35],[-88,18],[1,80],[-63,54],[-25,113],[-151,39],[54,124],[-15,123],[19,31],[32,-7],[54,63],[82,27],[175,-45],[73,131],[-6,172],[-39,61],[-28,-7],[-35,31],[-18,148],[-37,53],[-46,184],[24,112],[-65,14],[-55,-34],[-96,12],[-141,-65],[-46,42],[-28,-4],[-87,-69],[-101,-3],[-43,31],[-103,-59],[-35,94],[-89,1],[-26,45],[-60,6],[-47,63],[-83,32],[-73,-4],[-74,99],[-131,1],[-75,-60],[-285,183],[5,37],[-26,26],[15,152],[-92,65],[12,23],[-39,61],[13,33],[-30,36],[35,58],[4,66],[47,34],[-44,150],[51,49],[25,96],[-13,51],[-66,9],[-156,171],[-109,71],[-166,186],[-142,270],[-28,6],[-40,68],[-60,8],[70,246],[39,22],[-9,63],[52,95],[-11,37],[103,221],[68,39],[8,27],[120,54]],[[94736,150846],[8,-37],[70,-62],[45,0],[-75,48],[137,18],[41,-39],[-55,-44],[-4,-33],[82,-71],[-15,-65],[110,-9],[-68,-34],[31,-50],[-9,-45],[74,10],[15,27],[25,-15],[-35,-57],[-65,-7],[7,-48],[106,27],[135,-227],[-41,-12],[40,-10],[28,-74],[33,18],[31,-58],[-13,-22],[75,0],[22,105],[56,-12],[75,-77],[17,-106],[18,-15],[22,24],[26,-6],[7,33],[-24,10],[-61,156],[-103,132],[-101,43],[-109,-6],[-38,88],[-1,50],[97,-20],[18,81],[37,8],[-1,27],[-44,9],[1,63],[82,-93],[-3,101],[23,3],[-4,32],[55,12],[-5,24],[27,3],[10,27],[-49,-18],[-67,65],[-64,-30],[20,-45],[-62,12],[-41,122],[-22,-10],[-17,34],[73,32],[40,-82],[38,18],[-22,47],[79,45],[81,-72],[2,34],[-23,-2],[-16,52],[-25,2],[51,22],[-49,10],[9,23],[-39,22],[24,5],[-2,31],[93,-18],[7,58],[-73,44],[29,40],[14,-40],[28,-1],[-29,58],[30,38],[-16,-7],[-10,43],[-31,-1],[43,47],[49,-25],[4,32],[66,35],[1,77],[13,21],[53,6],[-3,33],[28,-2],[49,-53],[-36,93],[19,75],[-27,-11],[-11,43],[27,30],[-15,23],[43,-19],[-3,-19],[32,36],[-21,7],[12,17],[-23,40],[-50,19],[73,4],[8,-36],[15,36],[-30,31],[15,17],[-60,-10],[-9,42],[41,21],[-29,22],[19,20],[-19,26],[57,12],[-56,5],[26,12],[-3,36],[-61,-33],[39,55],[-39,-21],[10,40],[-25,28],[-53,-15],[25,-21],[-27,-45],[34,-2],[2,-21],[-83,0],[-11,-41],[-30,31],[-108,19],[-28,29],[-26,-19],[-40,10],[6,55],[-71,46],[-36,4],[-32,-38],[-65,2],[-20,42],[17,76],[79,6],[36,39],[-57,-12],[-44,48],[-20,-22],[-19,26],[-34,-3],[17,41],[-50,-5],[-39,35],[10,71],[-46,-1],[-1,39],[-9,-16],[-107,27],[-26,26],[6,53],[-24,16],[-46,-18],[16,44],[-72,-1],[-34,-25],[21,44],[-30,32],[27,23],[-9,25],[-17,25],[-2,-35],[-39,-13],[-39,51],[16,77],[76,47],[40,-7],[13,24],[19,-20],[-12,-25],[61,0],[1,-70],[22,31],[42,-26],[3,31],[60,49],[-22,62],[-112,29],[-50,73],[15,48],[-29,13],[32,56],[65,-15],[10,50],[36,-1],[35,133],[89,-103],[13,24],[20,-21],[-4,62],[56,-12],[15,18],[10,-42],[76,-28],[-6,-51],[-35,-33],[35,-95],[101,-44],[16,-29],[39,5],[27,-33],[-4,-61],[-54,-91],[22,-122],[-23,-49],[40,48],[-19,61],[31,26],[40,-21],[40,-84],[44,34],[24,-27],[42,64],[-15,27],[-38,-6],[41,25],[-15,22],[36,56],[24,19],[56,-53],[-36,68],[21,29],[-21,33],[11,44],[-65,63],[57,4],[29,-41],[-25,49],[-55,7],[-31,36],[-2,-45],[-25,-15],[20,39],[-34,40],[36,-14],[-3,47],[-44,-7],[-53,-62],[-37,5],[4,-25],[-49,49],[-27,-12],[-7,41],[-41,7],[5,20],[52,0],[63,49],[71,5],[-63,47],[0,35],[-39,15],[-21,66],[-27,-3],[26,44],[21,-22],[49,7],[-17,55],[-25,2],[-71,126],[-53,45],[60,42],[-16,62],[39,-10],[1,40],[-71,22],[1,29],[-35,25],[37,25],[99,-20],[34,-33],[31,22],[74,-57],[-1,-31],[34,-3],[1,-90],[31,12],[65,-33],[-21,75],[30,31],[-13,25],[-65,-1],[-50,36],[-20,34],[22,67],[-125,8],[4,39],[52,-13],[43,20],[61,-32],[21,-47],[55,-16],[-46,42],[10,43],[-27,23],[55,120],[-114,68],[52,35],[-6,30],[-40,27],[-28,-14],[26,27],[-17,54],[25,2],[-18,17],[33,15],[18,70],[-44,26],[-28,-13],[-4,24],[69,6],[19,-45],[80,-37],[19,-69],[-41,-19],[34,-42],[74,-17],[20,-49],[47,-34],[117,-8],[42,-139],[-29,-19],[-5,-55],[-38,-10],[-15,-114],[26,9],[37,101],[69,-33],[42,24],[-67,25],[2,31],[23,8],[-25,27],[23,42],[-24,62],[38,59],[-27,44],[116,16],[27,-35],[-27,-33],[12,-19],[35,17],[-3,54],[-59,83],[92,61],[90,-73],[41,1],[-15,56],[59,14],[23,-90],[96,-34],[143,69],[-8,67],[30,15],[3,-22],[42,-8],[-60,-172],[15,-33],[231,-136],[53,2],[12,40],[87,-19],[2,-55],[-27,-20],[28,-63],[-21,-48],[72,-66],[96,-12],[8,-35],[-44,-71],[-57,-38],[-37,27],[-82,-26],[-24,-75],[-105,-109],[41,-94],[-15,-46],[-82,-44],[-8,27],[-25,-54],[59,-71],[-27,-25],[39,6],[51,-32],[20,-2],[-1,87],[35,10],[78,-173],[0,33],[20,0],[-47,78],[40,24],[19,-38],[-17,-20],[28,-31],[25,39],[-42,80],[23,75],[16,18],[72,-17],[73,-121],[-34,-50],[-25,0],[5,-37],[-98,-18],[61,-88],[-42,-29],[-27,62],[-11,-5],[25,-63],[-19,-7],[22,0],[69,43],[7,-30],[30,-10],[-26,9],[-47,-32],[65,-57],[149,-10],[18,-40],[-14,-12],[33,-14],[6,30],[207,-101],[202,-17],[187,16],[157,70],[57,53],[17,43],[-63,66],[-11,-15],[-7,89],[54,66]],[[97299,154114],[26,-50],[-18,-121],[-42,-45],[-90,-24],[-41,44],[79,96],[-4,46],[27,13],[-30,25],[-58,-58],[-13,12],[94,80],[38,12],[32,-30]],[[95917,154239],[-29,37],[21,46],[-25,80],[72,62],[-6,50],[49,18],[103,-127],[-18,-61],[37,10],[32,-24],[-37,-7],[-1,-40],[-73,-66],[-63,-19],[4,-39],[-107,-1],[-23,42],[29,-5],[35,44]],[[95571,155109],[29,17],[-13,47],[28,47],[73,47],[-52,64],[89,12],[4,24],[28,-26],[3,-44],[-31,-22],[8,-40],[-61,-25],[61,-11],[-51,-90],[38,-102],[84,-8],[-50,-75],[16,-19],[-23,-48],[-32,-9],[-45,28],[-16,-15],[15,71],[-94,46],[-50,70],[9,20],[43,-19],[-10,60]],[[94060,154641],[39,29],[-41,49],[63,51],[50,-8],[-12,-47],[25,11],[43,-27],[27,53],[63,27],[117,-11],[57,-86],[6,-52],[-20,-39],[-85,-36],[-41,-84],[-37,-14],[-67,15],[-19,46],[-38,7],[-11,29],[-63,9],[-94,64],[38,14]],[[74800,128967],[32,80],[-87,133],[24,18],[40,-31],[108,61],[29,-86],[-42,-24],[2,-40],[-34,-1],[-19,-54],[48,-103],[-10,-14],[-33,42],[-42,-38],[-16,57]],[[75636,129911],[58,0],[9,41],[45,-31],[-37,-9],[11,-52],[-27,2],[-43,-44],[-57,-123],[-79,88],[-109,-70],[-55,32],[-26,-27],[-35,20],[-38,-19],[-4,41],[153,29],[16,192],[126,-74],[22,16],[44,-36],[26,24]],[[78671,139483],[11,-44],[-99,7],[8,23],[-75,115],[7,81],[-29,59],[33,13],[-28,25],[32,62],[27,-4],[6,70],[46,25],[2,45],[41,3],[14,117],[94,46],[33,-79],[51,-35],[-40,-53],[-34,27],[-16,-34],[88,-85],[-80,-3],[-14,-19],[-84,27],[39,-85],[73,-5],[-115,-62],[100,-8],[13,-83],[-59,-9],[66,-34],[-36,-30],[-32,31],[-21,-13],[17,-35],[-42,-7],[19,-22],[-16,-27]],[[78156,140871],[24,71],[46,17],[-3,32],[64,58],[14,49],[107,7],[16,-52],[-20,-64],[-116,-67],[44,-171],[-32,-41],[3,-52],[-31,-25],[-115,32],[10,45],[-30,46],[23,31],[-4,84]],[[82919,143891],[-34,37],[16,28],[-55,59],[62,15],[-17,34],[51,51],[40,-27],[19,15],[10,-22],[72,21],[13,-90],[59,-12],[34,-146],[25,-28],[25,12],[5,47],[52,-8],[32,50],[26,-45],[30,-11],[7,22],[11,-19],[-15,-25],[-82,-23],[-16,-55],[-78,47],[-30,40],[-48,-6],[-6,-34],[-44,-28],[-65,69],[-56,-7],[-43,39]],[[83210,143941],[25,123],[-13,81],[38,57],[49,24],[75,-45],[0,-66],[-48,-51],[18,-65],[-58,8],[-31,-46],[-45,-1],[-10,-19]],[[82266,143231],[4,102],[31,-15],[48,31],[97,-139],[56,27],[18,52],[63,-44],[9,-41],[62,10],[62,-110],[-35,-45],[68,-36],[3,-57],[46,-25],[-28,-100],[39,5],[21,-40],[-23,-39],[20,-57],[52,-21],[7,158],[54,30],[-56,30],[17,30],[-36,16],[19,19],[-17,92],[-59,26],[11,30],[-71,32],[-6,63],[27,47],[43,-16],[22,-77],[77,-81],[-13,-52],[77,-120],[-3,-45],[44,-1],[15,133],[-21,40],[25,71],[35,23],[8,94],[33,35],[-36,80],[-76,38],[-10,56],[16,9],[89,-48],[24,-49],[35,-18],[10,-49],[72,-89],[15,-98],[37,-45],[0,-82],[36,-61],[-36,-31],[-68,25],[-12,-35],[1,30],[-37,-74],[10,-34],[20,5],[24,-32],[-49,-136],[48,-34],[42,10],[-3,-34],[-28,-31],[-48,-6],[-78,62],[5,21],[-32,7],[-80,-104],[-6,-45],[59,-103],[66,13],[27,-48],[-57,-47],[-66,-214],[-37,-6],[-13,31],[29,30],[-18,32],[35,37],[-47,2],[-4,22],[-4,184],[20,23],[-28,16],[21,16],[-43,20],[-22,60],[3,-113],[-43,-68],[-113,15],[-50,42],[-85,-4],[13,71],[74,-56],[93,1],[20,24],[-25,47],[41,33],[-31,64],[-64,36],[-9,44],[-34,-11],[20,36],[-18,74],[-48,-11],[-29,-52],[-24,6],[13,73],[-81,8],[36,50],[-134,49],[35,78],[-102,38],[-55,98],[-51,-33],[0,-51],[26,-28],[-12,-24],[44,-31],[-30,-28],[-69,40],[-61,-18],[-23,41],[20,18],[-17,70],[-92,6],[94,100],[131,-31],[16,42],[-27,44]],[[83511,144657],[30,27],[59,-20],[70,102],[23,-48],[49,11],[26,-30],[-8,-60],[-39,-32],[19,-46],[-19,-30],[-38,3],[-33,38],[-1,-47],[-25,-9],[-27,40],[-33,-33],[16,-114],[-79,74],[40,17],[-30,157]],[[96276,144114],[-26,45],[53,13],[144,-162],[37,29],[121,-130],[-35,-35],[44,-56],[-44,-37],[-35,27],[-30,-56],[-34,14],[-51,95],[-87,90],[12,86],[-69,77]],[[92193,143487],[-50,-81],[-46,-29],[-132,13],[2,32],[158,135],[76,-16],[-14,-38],[-9,20],[-43,-29],[58,-7]],[[83361,143230],[-21,48],[88,8],[37,60],[-79,69],[5,51],[-74,144],[7,31],[-54,51],[11,65],[60,-22],[34,25],[42,-6],[-15,-90],[19,-35],[29,1],[15,43],[38,-44],[23,28],[13,-32],[40,-10],[17,-55],[-21,-35],[47,-149],[23,62],[-30,91],[74,81],[37,-14],[-6,-78],[36,-7],[2,-34],[42,-36],[-5,-95],[77,51],[-81,98],[-1,87],[-24,36],[49,55],[13,68],[-115,-94],[-23,46],[-42,-29],[-74,101],[-33,-1],[-3,44],[37,1],[5,40],[48,-41],[20,23],[-45,47],[13,40],[-48,18],[-37,-17],[24,56],[-45,-3],[-8,31],[63,41],[9,-20],[55,2],[12,78],[38,-29],[5,39],[-114,75],[70,13],[21,32],[33,-11],[102,-78],[35,-129],[37,39],[28,-7],[62,72],[48,-19],[33,-34],[2,-49],[-49,-37],[33,-18],[73,20],[41,-79],[2,-127],[-35,-41],[57,1],[33,26],[-32,-112],[66,66],[41,-96],[-71,-24],[1,-23],[-43,11],[8,-40],[-56,-35],[58,-21],[25,32],[64,19],[-10,-61],[-72,-22],[35,-128],[-40,-43],[-76,-20],[92,0],[26,-48],[-33,-23],[31,-10],[-31,-49],[29,-16],[-4,-31],[-73,19],[43,-49],[-11,-54],[34,0],[-1,-47],[33,0],[-23,-42],[14,-23],[-31,-24],[3,-65],[-27,-5],[-29,61],[-63,-49],[-17,44],[31,22],[-33,6],[47,35],[-57,-16],[-20,32],[-21,-20],[-12,17],[-1,17],[53,19],[39,-12],[6,23],[46,-4],[-30,38],[-29,-22],[-39,31],[-30,-28],[-48,2],[31,70],[68,26],[44,-28],[22,20],[-57,24],[-9,37],[-38,-2],[-25,43],[-23,-38],[-47,10],[18,-32],[-26,-74],[-24,10],[-8,58],[-14,-14],[-36,23],[-3,50],[-54,-4],[-20,32],[-36,-66],[-59,27],[-48,-14],[-72,-128],[-57,16],[14,72],[65,77],[-12,44],[-114,11],[-59,-33],[-18,18]],[[92013,144237],[3,40],[-23,6],[31,82],[-14,40],[19,28],[29,-8],[11,47],[69,42],[-63,-60],[20,-60],[8,41],[27,-90],[46,-17],[17,10],[-13,24],[48,-25],[34,9],[-31,36],[15,15],[6,-22],[25,19],[37,-19],[-20,-22],[18,-35],[36,22],[75,-24],[-1,-46],[22,-13],[-24,-14],[33,-114],[-125,-151],[-78,-18],[-78,34],[-84,73],[-44,85],[-1,67],[-30,18]],[[94518,138239],[55,90],[54,-5],[45,-57],[-5,59],[43,6],[34,-198],[-114,-25],[-59,-78],[-50,-26],[-18,33],[13,31],[-24,8],[24,47],[-14,46],[16,69]],[[82415,138192],[-40,2],[-51,42],[-2,95],[79,30],[95,-22],[-4,21],[-26,-1],[18,21],[51,-95],[-12,-46],[-26,-34],[-82,-13]],[[94270,139895],[35,-32],[-57,-81],[41,-62],[-17,-63],[-41,-38],[3,34],[-114,176],[67,95],[16,-45],[27,1],[8,23],[32,-8]],[[81504,138907],[43,-17],[48,22],[31,-106],[-22,-53],[-130,19],[-55,35],[-6,36],[44,29],[16,45],[31,-10]],[[97283,141413],[23,19],[10,-26],[12,30],[32,-9],[-39,-120],[41,-38],[62,38],[35,-36],[-5,42],[28,-26],[-37,-65],[-39,-21],[-10,39],[-65,-19],[-64,45],[-59,-24],[9,55],[-43,27],[13,18],[-38,42],[-16,80],[36,-40],[94,7],[20,-18]],[[78972,140378],[-41,37],[25,14],[-13,24],[29,12],[-5,18],[39,20],[68,1],[-2,-46],[96,5],[-75,81],[47,41],[-25,41],[-63,-14],[12,43],[-19,51],[-37,-11],[-90,104],[-11,50],[37,114],[-16,34],[18,55],[72,38],[0,81],[-17,41],[-46,11],[-27,57],[19,107],[-25,16],[-28,-22],[-53,64],[76,42],[17,86],[61,75],[-7,29],[43,20],[43,62],[80,38],[20,32],[33,-36],[-1,-40],[98,12],[49,-36],[59,5],[7,-60],[-29,-23],[53,-74],[49,7],[12,-27],[60,8],[62,-31],[19,-43],[-21,0],[16,-59],[-22,-105],[25,-95],[-38,6],[18,-54],[-45,-2],[-21,-92],[23,12],[57,-41],[37,24],[24,-24],[60,15],[17,27],[-39,78],[44,31],[-12,24],[26,27],[15,-43],[27,-8],[24,44],[58,-8],[3,61],[47,-16],[58,63],[83,-8],[75,38],[46,-20],[-49,-27],[-2,-23],[-41,27],[-4,-28],[-21,16],[-12,-27],[-28,25],[-5,-16],[-21,13],[2,-23],[-36,6],[40,-30],[61,2],[-109,-67],[106,26],[9,-19],[16,24],[36,-16],[9,24],[68,26],[-17,-17],[11,-34],[-39,-2],[1,-26],[-35,7],[-18,-42],[4,-101],[42,-14],[-2,104],[29,-2],[22,47],[42,13],[-1,50],[32,-7],[26,38],[-12,16],[24,11],[-13,19],[-138,-39],[75,38],[6,55],[30,-15],[19,34],[25,-20],[44,16],[-45,76],[32,13],[-7,67],[41,15],[51,-13],[4,-54],[50,-45],[-26,-23],[24,-19],[-3,-74],[26,19],[60,-55],[0,-29],[-25,7],[13,-18],[-25,-77],[18,-12],[30,56],[-2,-63],[-27,-46],[36,-22],[1,-87],[59,-14],[8,40],[53,-35],[-36,53],[27,20],[-16,94],[-49,90],[28,1],[77,95],[165,75],[75,-113],[-26,117],[-46,67],[-57,-37],[-40,11],[-21,-30],[-43,37],[3,-53],[-91,-91],[-30,28],[-62,1],[-36,73],[41,64],[33,-7],[26,29],[9,91],[45,1],[-16,91],[54,-1],[31,-40],[46,23],[3,-29],[25,-8],[73,36],[18,35],[-60,38],[56,27],[28,-14],[27,43],[-66,7],[-43,64],[151,22],[14,33],[46,-5],[32,74],[47,17],[0,-57],[-44,-46],[45,-61],[-44,-126],[22,-32],[-51,-7],[-15,-46],[101,-38],[20,-50],[55,-17],[78,-107],[47,-27],[-19,-54],[-33,-10],[-21,34],[-10,-38],[-17,2],[10,66],[-22,-43],[-38,36],[15,-28],[-16,-27],[-54,10],[6,24],[-22,-30],[-40,17],[29,-52],[-42,-4],[-35,-37],[92,0],[43,-81],[14,60],[42,-2],[13,21],[24,-16],[27,29],[9,-17],[79,39],[-30,45],[96,66],[26,-7],[46,-70],[-34,-34],[-16,20],[33,8],[-34,22],[-70,-42],[-5,-50],[-43,-44],[0,-58],[-30,-2],[33,-89],[33,1],[-30,29],[13,28],[47,-24],[0,56],[-34,64],[47,47],[44,-21],[9,-93],[30,15],[-10,22],[94,8],[8,33],[-30,9],[72,46],[5,-51],[52,4],[20,-52],[31,-16],[-15,-28],[36,-15],[-27,-24],[-117,8],[-16,31],[-18,-8],[-32,-80],[30,-11],[5,-48],[-67,-170],[47,-137],[-10,-33],[-42,4],[23,-84],[25,-11],[11,-48],[35,-13],[23,18],[21,-26],[-44,-29],[69,-30],[-50,-68],[23,-14],[57,39],[-31,-69],[21,-38],[-26,-19],[-27,13],[5,-39],[114,60],[11,-103],[36,-1],[14,-31],[129,-74],[190,-196],[13,-65],[-29,-26],[28,-92],[124,-9],[29,-25],[9,-56],[-28,-69],[-33,-15],[21,-27],[-24,-50],[-65,18],[-25,-23],[-25,25],[-26,-39],[-105,0],[-10,-24],[-34,17],[-13,74],[-36,11],[-57,-37],[-130,9],[-81,-23],[-17,-26],[-44,16],[-71,-52],[-119,4],[-58,-35],[-37,41],[-32,-31],[-45,17],[-29,105],[25,42],[-94,5],[-27,66],[31,-12],[8,55],[-40,33],[-83,-15],[-28,-54],[-31,23],[-38,-7],[-64,-63],[-70,11],[-64,-68],[-159,1],[-64,-104],[39,-12],[-46,-49],[35,-87],[-11,-53],[-73,-33],[3,-65],[69,-54],[-12,30],[40,24],[-29,30],[22,19],[47,-49],[-32,-27],[1,-30],[66,-3],[-6,-28],[-26,3],[22,-32],[10,17],[26,-24],[19,29],[124,-87],[76,14],[-30,-11],[-13,-70],[28,-6],[2,-62],[40,-17],[-21,-25],[11,-102],[-58,-55],[-86,53],[15,-61],[-56,-27],[-23,-74],[-51,-38],[26,-19],[-27,0],[-33,-63],[-83,27],[-38,-14],[-29,37],[-107,23],[13,53],[-29,15],[1,36],[-52,64],[36,-33],[-12,30],[25,25],[-188,203],[28,-3],[-21,52],[-48,28],[-102,3],[-102,-39],[-34,18],[-30,-40],[-143,23],[-77,-15],[-11,19],[-22,-17],[-23,18],[-24,-44],[-82,-5],[-129,76],[-72,-18],[-113,37],[-139,-106],[-3,-42],[42,-19],[16,18],[-16,-23],[33,-45],[-53,-37],[-6,-37],[-48,3],[-29,33],[-12,-21],[-63,56],[-64,-37],[-37,3],[-34,27],[10,29],[-51,14],[30,38],[-39,14],[-16,75],[-90,62],[-45,-13],[-39,42],[-29,-33],[-44,7],[-42,39],[-75,7],[-8,46],[-55,-40],[-27,17],[33,101],[53,46],[2,41],[64,45],[-21,80],[21,38],[-32,27],[62,76],[3,95],[54,-29],[-6,-80],[52,11],[6,-25],[-26,-6],[16,-27],[-41,-25],[99,-27],[-129,-76],[-30,-59],[19,-76],[24,-23],[27,9],[-14,78],[48,91],[62,-49],[43,-5],[2,-18],[-42,-9],[14,-15],[-18,-19],[79,-28],[-65,-38],[15,-34],[75,37],[35,-52],[-14,-18],[60,-19],[33,-76],[78,44],[43,-27],[-81,-118],[69,6],[12,85],[26,-13],[87,72],[-71,123],[87,92],[126,22],[21,46],[-52,56],[-27,-39],[-119,-26],[-80,-78],[-15,-70],[-31,-9],[14,65],[-41,-79],[15,72],[-83,16],[35,49],[-56,17],[9,99],[103,19],[-54,21],[3,52],[80,-10],[-33,59],[56,-4],[69,-60],[34,47],[-76,77],[-47,9],[-33,107],[43,-6],[27,-52],[54,-13],[29,-38],[30,-5],[6,34],[15,-36],[67,-37],[52,7],[12,21],[-85,46],[24,9],[-6,59],[-19,-10],[-24,31],[-11,-31],[-43,-4],[-42,64],[-27,-10],[-19,24],[36,14],[52,-23],[39,46],[172,-135],[13,19],[-123,168],[-2,68],[76,-8],[35,38],[60,-7],[2,57],[46,1],[-128,9],[-11,-44],[-19,-3],[-32,41],[-59,-12],[-44,94],[-24,-12],[-83,43],[-11,38],[58,54],[-19,40],[12,65],[-46,67]],[[82383,140378],[-44,207],[19,47],[46,13],[26,-42],[-28,-24],[11,-31],[55,2],[-11,27],[22,7],[30,-52],[-15,-38],[-85,-3],[40,-40],[-44,-32],[52,-33],[-29,-17],[-24,16],[-12,-30],[-9,23]],[[94447,140519],[-115,80],[-24,105],[55,-15],[24,-41],[42,16],[-22,-45],[39,1],[30,-34],[40,28],[77,-87],[-69,-47],[-82,21],[5,18]],[[83701,141804],[-46,64],[49,69],[92,-75],[119,-245],[-3,-27],[-68,-37],[30,-127],[-55,-84],[71,22],[18,-16],[-22,-9],[-14,-65],[-52,-11],[-79,30],[-27,-23],[-42,88],[-32,-16],[-4,-79],[-34,-19],[36,-68],[-23,-7],[7,-38],[-51,17],[5,23],[-45,9],[-6,21],[-96,-37],[13,21],[-21,51],[-60,-46],[-57,20],[14,17],[-23,45],[27,37],[43,27],[51,-11],[-21,46],[45,-14],[24,48],[50,-20],[9,49],[122,-63],[18,116],[-25,17],[3,43],[57,37],[-81,67],[-9,72],[36,65],[64,-17],[-7,33]],[[83360,141561],[6,-72],[-24,-31],[-125,11],[-23,26],[-24,151],[60,56],[51,-85],[79,-56]],[[81560,141804],[-18,54],[33,51],[-34,92],[-41,44],[39,3],[7,35],[51,21],[-28,42],[36,57],[-35,22],[34,58],[-61,63],[23,6],[-9,80],[18,14],[-19,49],[27,18],[12,57],[-101,-17],[72,142],[45,-3],[-2,-29],[46,-44],[84,9],[-31,-75],[32,16],[21,-14],[17,34],[38,-16],[6,95],[92,-50],[-23,-25],[50,-25],[-18,-38],[-27,-3],[51,-79],[-35,-18],[-9,-88],[24,-8],[-6,-51],[40,-75],[72,-28],[-133,-38],[12,-37],[97,10],[44,-64],[48,-13],[11,70],[30,28],[-36,-10],[-48,86],[77,44],[-33,39],[37,19],[-28,21],[20,30],[-113,30],[-37,36],[29,16],[-4,25],[-51,48],[29,4],[-15,42],[34,12],[-55,30],[15,34],[-64,144],[43,14],[86,-49],[36,-58],[56,-10],[41,-51],[50,-7],[11,-118],[27,-40],[50,-11],[10,29],[62,-8],[72,-58],[-11,-106],[78,-19],[-38,-67],[-2,-33],[29,-25],[-28,-47],[69,-32],[35,-63],[-87,-12],[-42,-154],[-36,11],[-78,-48],[-37,-66],[8,-29],[-72,-51],[2,-113],[-40,-63],[-52,-18],[-33,23],[-49,-18],[-43,21],[-77,-24],[-62,47],[-13,69],[-25,18],[-11,-23],[-23,26],[-54,100],[-99,8],[-28,35],[26,22],[-41,43],[-26,-90],[11,-8],[-3,-13],[43,1],[-27,-8],[-31,7],[-47,69],[31,15]],[[92633,157270],[-19,-35],[-64,-3],[-19,-35],[-25,26],[-9,-21],[19,52],[-28,105],[12,32],[53,-28],[49,9],[-1,44],[34,-23],[-13,-39],[43,-5],[21,34],[26,-13],[-16,-81],[-42,38],[-1,-68],[-20,11]],[[93849,159115],[62,4],[33,-26],[131,-20],[146,5],[45,-36],[77,-15],[79,34],[64,-63],[-30,-56],[-38,-17],[-10,-61],[-28,-7],[2,-47],[27,-25],[-46,-68],[3,-94],[-36,-17],[10,-34],[-28,-5],[59,-80],[-70,-49],[7,24],[-40,4],[23,11],[-29,17],[0,-22],[-26,7],[-19,-36],[-63,2],[0,-33],[96,-5],[26,-61],[36,38],[-5,17],[-35,-10],[40,21],[6,-35],[31,-7],[18,-59],[50,-49],[114,-51],[31,38],[0,-30],[75,-96],[102,-27],[105,24],[7,-47],[-45,-102],[-64,38],[35,1],[-5,25],[-46,-11],[-5,14],[-28,1],[-5,-18],[3,33],[13,11],[-55,13],[-42,-27],[-60,22],[-31,-27],[-28,34],[-46,-33],[-62,9],[-22,-47],[-63,-48],[12,-26],[-28,-46],[49,-18],[64,-101],[86,18],[8,85],[36,-1],[26,-31],[14,31],[120,-69],[42,-99],[89,10],[33,-33],[-38,-73],[28,-32],[-25,-4],[16,-17],[-60,13],[20,24],[-15,14],[-77,-29],[-14,-111],[38,-27],[-31,6],[-20,-51],[47,-38],[-9,-12],[-97,36],[-52,-49],[-180,0],[-8,-38],[-51,40],[10,35],[-48,-5],[-8,23],[-14,-44],[6,45],[-43,6],[-5,-70],[-49,22],[-153,-50],[-57,26],[-21,-15],[10,-47],[-21,-35],[29,-88],[-88,-33],[-14,-69],[-71,-40],[-4,-34],[-43,-12],[19,-73],[45,-16],[-52,-12],[-13,-40],[9,55],[-22,4],[-13,-119],[-22,59],[-79,50],[-38,-10],[-90,27],[-29,-35],[-21,11],[4,50],[-67,-21],[27,58],[-68,20],[-8,22],[38,21],[48,-20],[-20,37],[46,20],[18,50],[-28,33],[-8,-42],[-43,-2],[-20,-51],[-90,41],[9,57],[-43,17],[0,-34],[-59,27],[34,84],[38,16],[-53,28],[4,18],[27,-16],[82,46],[-49,33],[84,22],[-21,20],[-51,-14],[17,32],[-31,-24],[-17,31],[28,22],[-33,2],[4,26],[-28,-35],[22,-19],[-55,38],[44,15],[-55,43],[5,47],[-65,0],[-8,17],[36,76],[-88,-25],[8,-61],[-60,-54],[47,-40],[-80,25],[42,-44],[-68,6],[-9,-30],[-28,23],[16,-74],[-19,-69],[-51,49],[9,36],[-21,3],[18,60],[-49,57],[-33,3],[12,21],[-31,-8],[56,68],[14,51],[-19,19],[59,3],[3,33],[-100,3],[-7,26],[41,36],[-67,-25],[-5,25],[53,44],[-80,-26],[45,100],[74,6],[3,-34],[15,15],[23,-27],[31,11],[-22,-47],[24,-14],[16,13],[32,-22],[-24,40],[25,-1],[0,34],[26,-41],[17,17],[-4,-34],[24,9],[-4,-56],[27,39],[55,-30],[-2,51],[13,-23],[38,3],[6,-47],[41,-5],[39,-39],[0,-48],[27,-27],[35,39],[21,-11],[-10,26],[-46,1],[-2,58],[-33,3],[39,54],[-52,-19],[8,27],[-40,10],[46,-2],[-21,35],[42,-7],[-36,27],[-41,-8],[-16,25],[44,6],[6,62],[-63,-34],[-138,27],[-47,-24],[-56,76],[3,150],[74,-22],[-52,93],[-43,41],[-11,-12],[2,31],[-35,2],[-13,33],[40,-3],[49,-57],[0,42],[110,-8],[35,34],[-246,108],[97,117],[29,-2],[-27,-13],[21,-22],[47,20],[5,-77],[20,41],[43,-6],[-19,-28],[29,-12],[-9,-79],[23,-13],[12,41],[30,0],[-3,-93],[63,-40],[16,22],[-52,26],[54,48],[7,38],[46,11],[32,-18],[44,29],[33,-18],[-65,97],[-32,-17],[-7,45],[-48,44],[-1,46],[-36,10],[-20,-18],[-13,29],[56,36],[-20,47],[-23,-7],[-11,22],[-28,-16],[-14,25],[24,14],[4,70],[24,20],[-27,83],[45,58],[-1,36],[27,29],[31,-20],[-30,3],[47,-83],[-9,69],[59,12],[-61,39],[90,78],[-5,36],[48,23],[1,31],[3,-21],[50,-12],[-31,-22],[44,-44],[4,49],[28,12],[-12,14],[134,-17],[-132,41],[28,44],[29,-1],[-6,27],[70,-19],[-21,12],[18,34],[85,-11],[-48,-33],[23,-62],[44,-29],[112,28],[67,-99],[30,-10]],[[88199,166050],[-81,111],[81,5],[-40,4],[-2,22],[60,62],[-66,-42],[3,30],[49,37],[-53,-31],[-9,20],[48,22],[-7,23],[60,15],[-41,25],[-22,-22],[3,42],[33,-4],[-52,33],[60,-18],[51,-75],[58,48],[51,-21],[-16,23],[24,13],[-33,1],[13,21],[46,-27],[15,20],[26,-33],[-30,-39],[26,-6],[-42,-10],[21,-30],[-41,2],[39,-29],[42,67],[57,1],[-35,11],[34,29],[-52,18],[11,41],[89,-60],[-27,-4],[7,-18],[29,12],[-35,-61],[50,24],[-5,53],[21,24],[-1,-44],[16,13],[-15,-46],[36,-51],[-65,-57],[70,-71],[22,-78],[-150,11],[-91,-102],[-13,54],[-34,-3],[-33,27],[1,-35],[-29,-27],[21,-28],[-58,-53],[34,-75],[-40,-14],[-19,30],[-2,-45],[-47,36],[-35,-32],[49,-33],[40,15],[14,-33],[-24,-60],[-53,-4],[-26,-69],[14,-64],[-32,-54],[39,-60],[36,15],[36,-80],[-37,-3],[-43,-41],[83,-9],[-6,-25],[35,-7],[2,-58],[-70,-17],[-33,30],[4,-52],[-83,-41],[6,-40],[-86,-45],[-29,15],[-1,75],[-27,19],[-27,-20],[-2,27],[-45,-24],[22,2],[11,-26],[-34,3],[-18,-85],[56,-55],[62,-17],[-53,-41],[1,-102],[-32,5],[25,-40],[-32,-30],[19,-53],[-10,-15],[-48,44],[-30,-4],[-35,38],[4,27],[-25,-2],[11,-71],[-46,-58],[15,-21],[-63,-54],[60,-4],[14,59],[51,5],[35,-81],[38,9],[5,-20],[-16,-95],[-70,-2],[-37,-57],[84,-6],[33,-45],[-35,-41],[31,-34],[-19,-121],[-72,28],[-52,52],[-48,-15],[-18,-30],[22,1],[18,-87],[-34,3],[-22,-66],[65,-142],[-65,6],[-13,-17],[-77,36],[-4,-29],[75,-104],[-4,-62],[41,-19],[8,-42],[-42,1],[-40,40],[-24,-47],[23,-26],[-32,-21],[-136,-22],[-77,45],[-61,-40],[-2,-20],[68,-44],[43,3],[2,-100],[-26,-48],[-80,-63],[-66,51],[-42,-9],[-23,-43],[9,-64],[-68,-18],[-13,-47],[-36,20],[18,36],[-25,21],[-12,102],[-67,23],[-19,-312],[-44,-2],[-42,47],[-58,-22],[-11,-44],[26,-87],[-66,-36],[-15,-33],[-27,13],[3,59],[61,113],[5,81],[-53,40],[2,28],[-31,5],[55,88],[4,28],[-25,18],[-24,2],[-37,-55],[28,-25],[-34,-29],[-25,24],[0,-38],[-24,30],[-40,-67],[-17,38],[-64,1],[-7,116],[-143,52],[17,31],[-51,10],[-13,-33],[31,-9],[-33,5],[-23,-50],[-54,-1],[-40,-54],[-7,-63],[-84,-71],[-8,61],[35,27],[-16,32],[35,40],[12,102],[-21,18],[13,80],[-47,104],[-2,190],[31,84],[85,24],[-43,57],[18,26],[-24,34],[32,35],[-25,21],[13,62],[-17,36],[19,42],[40,26],[-15,-14],[29,-14],[17,21],[-40,114],[36,68],[6,71],[33,37],[-22,54],[-2,-30],[-24,5],[34,362],[-14,137],[33,131],[89,48],[39,48],[-1,54],[-57,69],[-27,76],[2,58],[94,159],[31,134],[67,47],[-26,18],[34,44],[-83,5],[57,132],[-40,60],[24,31],[-7,106],[37,119],[-40,170],[69,29],[-40,70],[77,83],[12,123],[31,-24],[15,21],[50,-69],[14,20],[36,-26],[82,55],[-15,20],[18,6],[31,-45],[26,2],[-5,-26],[39,-49],[-14,-60],[31,-28],[-86,-157],[23,-22],[32,17],[-22,-55],[-38,-8],[16,-46],[-15,-73],[45,-27],[-36,-2],[-15,-89],[35,70],[34,-3],[9,54],[37,-19],[-19,-58],[38,-14],[50,27],[-11,48],[32,-14],[-24,47],[37,10],[-2,19],[68,-49],[25,8],[-15,23],[34,-4],[7,39],[23,-17],[-13,32],[39,47],[60,21],[21,79],[9,-81],[50,30],[20,-28],[-50,-34],[-34,18],[35,-32],[-17,-23],[-44,-4],[-19,23],[-8,-75],[116,27],[-3,-65],[-22,4],[12,-16],[-33,-60],[73,-28],[13,14],[-24,46],[29,63],[-16,30],[39,-10],[-18,35],[45,24],[-7,36],[187,17],[35,-47],[-52,-93],[25,-27],[68,-12],[-10,-38],[-33,2],[20,-15],[-25,-118],[76,-33],[51,-65],[1,56],[-36,48],[-35,7],[18,41],[-41,32],[78,29],[24,-38],[-7,26],[30,-1],[-28,10],[5,22],[-22,-4],[-11,55],[-35,-2],[-7,36],[-41,3],[28,63],[-14,38],[70,-1],[-45,24],[8,27],[-24,19],[-38,-50],[-77,60],[57,66],[-38,-1],[-39,-58],[-26,14],[-3,19],[28,7],[-62,67],[10,16],[34,-19],[9,21],[-27,24],[-39,-17],[-21,23],[-17,-11],[-21,40],[17,115],[10,-111],[50,4],[-6,37],[49,-44],[-5,24],[31,-29],[-5,24],[30,-8],[-46,29],[36,13],[2,42],[8,-59],[47,-11],[10,-33],[-42,-48],[19,-30],[29,-8],[3,26],[11,-25],[29,81],[38,-3],[5,-43],[-43,-56],[19,-10],[44,63],[43,2],[20,43],[-12,-83],[-42,-15],[39,1],[-12,-89],[32,38],[52,-21],[-4,-69],[-35,-4],[32,-24],[-25,-54],[37,41],[32,-2],[-21,21],[25,17],[-28,3],[24,70],[23,-55],[42,63],[5,-33],[50,1],[-20,-19],[25,-14],[-74,-8],[-51,-80],[-21,-68],[40,10],[36,-19],[6,-28],[-24,29],[-33,-12],[39,-11],[-61,-83],[-26,-122],[33,11],[1,-31],[24,24],[15,-61],[22,-27],[17,7],[-21,33],[31,10],[-36,7],[-5,41],[35,-26],[-19,30],[40,11],[-33,8],[26,12],[-35,23],[49,44],[-19,-45],[39,33],[-11,-73],[60,-101],[60,-26],[-6,18]],[[89025,166275],[-36,64],[27,-2],[-26,30],[40,-7],[-21,8],[16,11],[-29,3],[-14,18],[26,8],[-48,26],[28,11],[-10,29],[51,-20],[-8,25],[28,-16],[19,14],[32,-67],[-1,74],[62,-4],[17,-60],[31,19],[39,-20],[-8,-58],[-66,-56],[-57,-112],[-108,-59],[-32,-66],[-80,-2],[-84,-65],[-35,-58],[-86,116],[-35,89],[-46,38],[18,22],[27,-17],[15,20],[7,-20],[5,17],[31,-4],[-34,42],[26,16],[-27,1],[15,17],[-36,23],[10,27],[44,-19],[-20,21],[47,56],[53,-72],[-37,84],[49,17],[16,-38],[41,-1],[-37,29],[54,21],[11,-22],[20,57],[36,-56],[-20,-13],[11,-28],[19,25],[5,-59],[65,-57]],[[88383,166537],[19,59],[-19,12],[5,-27],[-22,19],[-2,-37],[-15,24],[-5,-39],[-41,-37],[-59,3],[0,17],[92,25],[-19,26],[12,26],[30,1],[-28,12],[36,13],[-41,-3],[-10,-24],[-10,13],[-5,-46],[-29,-8],[13,32],[-48,-50],[17,30],[-22,45],[41,14],[10,27],[40,-8],[-34,14],[38,31],[-17,22],[-55,-78],[-63,-20],[-7,48],[73,55],[-76,-26],[-5,34],[-47,-58],[31,75],[-37,12],[22,10],[-12,15],[32,-16],[-2,26],[51,-8],[-47,18],[6,15],[-50,-5],[-19,25],[-2,-49],[-43,-54],[3,94],[-17,-56],[-40,-19],[-33,14],[38,90],[-40,-15],[-21,33],[33,23],[-22,-11],[-3,25],[-28,-12],[-44,-122],[-60,14],[44,129],[54,55],[-6,37],[57,-14],[-26,-48],[28,7],[22,-46],[47,2],[11,-21],[33,18],[39,-77],[73,-6],[15,15],[18,-15],[14,33],[-68,17],[53,-3],[8,24],[-23,-6],[-7,29],[62,5],[-23,40],[73,33],[20,-44],[-52,8],[61,-65],[-26,-29],[41,10],[20,-30],[-18,10],[-31,-49],[-50,1],[45,-10],[13,-44],[-5,39],[18,5],[-12,-106],[21,-43],[42,-26],[20,36],[-34,-9],[-6,24],[63,-9],[-40,-117],[8,-71],[-21,6],[8,27],[-49,1],[23,14]],[[88991,166604],[-20,8],[2,40],[40,14],[6,29],[-45,6],[-9,-47],[-20,3],[3,45],[-25,28],[16,63],[-15,-37],[-33,13],[28,-23],[-18,-1],[24,-73],[-24,52],[-28,-5],[7,37],[-15,-28],[-4,25],[-8,-21],[-17,19],[-42,-28],[98,-31],[53,-82],[-48,-26],[-56,67],[25,-53],[-29,-16],[36,-31],[-2,-29],[-43,-7],[3,-49],[-85,-35],[-59,-88],[2,39],[-18,-24],[-21,24],[14,46],[-37,-34],[-4,37],[65,97],[35,-11],[20,51],[-16,20],[6,-38],[-42,12],[-16,-30],[-22,17],[-15,-44],[-6,30],[-2,-64],[-27,-4],[-13,-50],[-29,40],[14,29],[-23,-13],[10,50],[-29,-38],[26,93],[-23,-18],[-10,42],[-11,-93],[-21,52],[-32,-74],[-32,18],[36,26],[49,105],[-23,-6],[-5,53],[-52,-149],[1,87],[27,17],[14,58],[-27,-3],[17,16],[-22,15],[-32,-4],[24,27],[29,-15],[-7,28],[32,-40],[41,35],[-38,-4],[33,15],[-40,3],[14,19],[-19,-5],[1,19],[89,-1],[24,-40],[109,-44],[-17,49],[-25,-10],[0,35],[-28,3],[13,18],[-26,-17],[10,32],[-23,-1],[-2,31],[-59,-8],[51,59],[11,-20],[5,34],[13,-21],[-19,54],[58,-35],[-2,38],[-34,23],[27,27],[-71,-31],[-33,38],[35,25],[82,-3],[1,-41],[25,-16],[-6,48],[62,-20],[-5,19],[32,12],[-23,12],[38,14],[-105,-19],[29,17],[-19,7],[32,19],[-5,19],[-67,-37],[-4,31],[29,2],[-13,13],[31,28],[23,-7],[-23,20],[-60,-20],[-11,-40],[-4,32],[-18,-41],[18,60],[73,30],[-43,8],[-1,24],[-59,-54],[54,55],[-23,3],[-4,39],[25,22],[-86,-10],[23,17],[-17,9],[11,21],[35,18],[-56,0],[23,24],[-74,-20],[42,23],[-23,21],[38,-4],[-22,15],[18,7],[-11,17],[32,-20],[-16,32],[62,15],[21,-29],[-7,28],[33,13],[7,30],[-48,-28],[-20,26],[15,9],[-32,25],[30,69],[66,34],[40,-9],[-20,27],[-35,-22],[-17,24],[-16,-14],[-15,44],[-25,6],[12,-25],[-23,-45],[-28,31],[-12,-26],[26,-29],[-50,31],[28,-83],[-47,19],[39,-40],[-24,8],[-8,-22],[-44,52],[-52,-97],[-13,132],[83,84],[-13,64],[-108,-122],[0,-38],[-22,2],[12,-52],[-38,12],[30,-70],[-28,47],[-90,53],[60,-66],[-31,-5],[30,-16],[-22,-22],[40,0],[-21,-16],[62,-47],[-16,-22],[-11,24],[-25,-9],[-31,53],[-22,-31],[65,-74],[0,-88],[-40,-12],[-28,46],[16,8],[-20,7],[4,49],[-18,1],[1,-161],[-15,-23],[-14,135],[-48,-224],[-44,-1],[-31,-49],[-19,6],[45,50],[17,110],[-53,-93],[-32,-4],[29,40],[-16,30],[0,-31],[-58,-42],[-29,58],[22,37],[-21,4],[-9,41],[30,31],[44,-16],[4,32],[76,31],[-11,61],[32,27],[-11,16],[-88,-102],[-3,75],[-23,0],[-14,31],[23,85],[-30,13],[51,11],[-18,21],[-21,-13],[-9,32],[-35,-65],[-17,60],[35,13],[9,40],[62,-28],[-6,39],[-40,9],[35,34],[24,-26],[-2,32],[21,8],[-16,14],[33,-10],[-10,39],[29,-10],[-40,59],[42,-20],[31,19],[-58,47],[-50,-32],[-22,43],[-11,-31],[30,-41],[-44,-27],[-51,27],[-19,42],[-24,-1],[21,-51],[46,-26],[-50,-27],[-26,-46],[-22,5],[7,49],[-32,-39],[-23,22],[19,34],[-32,-9],[-30,27],[2,36],[39,32],[-24,59],[-30,-12],[31,-49],[-49,-4],[-2,-32],[-39,12],[48,-26],[-3,-67],[25,12],[34,-63],[53,-22],[-41,-22],[-14,-100],[-34,-5],[-8,58],[-24,-43],[-27,37],[7,-30],[-44,7],[12,-24],[-30,-29],[19,-30],[30,51],[27,-9],[19,-22],[-2,-53],[-21,-1],[15,-23],[32,24],[30,-17],[-1,-26],[51,21],[45,-69],[25,20],[20,-16],[-32,-22],[-51,19],[35,-24],[-16,-26],[-73,45],[-16,40],[-8,-71],[67,-52],[-8,-67],[-51,-95],[-13,65],[26,3],[-30,41],[31,25],[-29,28],[-43,-5],[0,30],[-36,19],[-1,42],[-22,-4],[6,-41],[32,-24],[-37,-33],[71,-9],[-12,-65],[-40,8],[-31,48],[9,49],[-29,68],[-108,8],[56,9],[-37,13],[11,27],[-100,-52],[9,-41],[-35,50],[-105,-47],[-9,-38],[-97,43],[-36,1],[-8,-35],[-18,26],[-35,-13],[-89,34],[-8,46],[-58,28],[11,38],[-31,36],[73,66],[47,-19],[55,35],[0,-25],[19,-1],[33,56],[3,-50],[-32,-24],[35,4],[8,-78],[49,-18],[5,-51],[33,-18],[-4,48],[80,57],[-44,2],[-24,28],[-1,37],[54,-5],[-35,32],[69,-17],[24,9],[-1,33],[53,-34],[-3,33],[54,27],[51,73],[47,12],[32,-39],[-2,64],[-25,21],[35,61],[-24,79],[6,-58],[-22,-18],[-24,4],[-2,39],[-57,13],[54,77],[-12,63],[46,165],[-6,72],[-29,30],[0,84],[60,-7],[2,-41],[14,29],[37,-30],[-11,40],[27,-19],[-3,22],[57,-2],[-26,4],[19,25],[-130,7],[9,24],[-36,21],[42,1],[0,17],[-45,0],[14,27],[-48,27],[36,9],[-43,13],[13,26],[130,-14],[6,16],[-98,44],[91,25],[-107,33],[1,55],[36,18],[-18,41],[27,17],[30,-23],[1,54],[39,4],[22,-31],[0,18],[41,0],[16,-45],[15,25],[40,-46],[-17,-90],[68,-17],[-1,29],[-25,4],[4,40],[27,3],[-42,69],[4,49],[55,-24],[9,33],[-41,21],[63,30],[41,-11],[-41,39],[15,50],[46,36],[83,-35],[-3,-36],[47,-20],[-28,48],[9,42],[-47,-17],[-18,17],[65,86],[-24,46],[-40,-13],[-20,19],[-17,-10],[24,-31],[-7,-35],[-28,33],[1,-36],[-64,-33],[-56,-90],[-169,-53],[41,40],[-8,22],[-82,12],[5,22],[-45,3],[-18,42],[58,97],[-12,30],[-53,18],[8,51],[48,39],[5,59],[30,8],[3,86],[64,-16],[-10,45],[48,11],[29,42],[48,4],[-37,23],[52,124],[-11,25],[48,42],[-3,116],[40,56],[41,-9],[-14,18],[26,10],[-27,62],[91,193],[39,-66],[-23,-89],[15,-55],[10,68],[22,-46],[34,2],[-10,45],[-33,22],[38,76],[31,1],[-23,20],[29,0],[-37,47],[97,22],[-56,48],[23,3],[18,38],[-32,-2],[-3,26],[43,15],[57,-46],[-8,-84],[50,-32],[84,12],[-18,18],[64,85],[52,-27],[16,-37],[28,19],[-8,30],[-86,65],[-67,-10],[-18,-88],[-51,23],[-6,132],[34,39],[-47,3],[-5,71],[24,33],[-40,14],[-71,-59],[-50,32],[-33,-10],[2,63],[33,16],[-9,71],[-50,28],[-35,-54],[-33,58],[29,57],[-47,9],[3,57],[-27,-4],[-79,-149],[-49,-40],[-88,1],[-43,107],[15,105],[18,20],[57,-6],[-5,24],[76,99],[7,92],[67,62],[1,27],[44,5],[-16,41],[24,20],[9,73],[-32,30],[-1,56],[113,182],[5,123],[62,88],[23,82],[-2,147],[25,19],[-20,83],[34,36],[46,-10],[60,39],[18,-29],[36,4],[19,-119],[22,-11],[-19,3],[-12,-34],[12,-28],[41,14],[53,106],[154,75],[72,-11],[55,-54],[7,-103],[22,-15],[132,133],[61,-68],[64,7],[37,-51],[52,-25],[23,33],[39,-24],[39,11],[-132,49],[-3,44],[-47,14],[-3,54],[62,18],[6,64],[37,3],[38,-57],[20,18],[-32,62],[11,26],[32,-7],[-17,64],[26,14],[-23,13],[103,18],[7,23],[-28,14],[45,51],[-54,-24],[-2,34],[103,52],[-16,49],[27,2],[-3,28],[29,14],[24,-41],[83,5],[16,-22],[82,61],[59,-39],[-16,-75],[57,33],[34,-19],[-41,58],[11,30],[-57,16],[13,34],[-87,17],[-76,-58],[-40,53],[56,105],[-63,10],[10,42],[21,-5],[16,57],[82,54],[-19,-34],[31,-5],[-37,-48],[-16,4],[-6,-22],[10,17],[9,-16],[3,11],[12,-8],[2,23],[48,-12],[24,33],[26,-50],[21,11],[2,-27],[18,23],[52,-1],[-15,16],[31,33],[35,-40],[-10,49],[23,7],[-30,32],[63,6],[-22,18],[28,9],[-42,9],[70,34],[-3,22],[18,-13],[-8,20],[15,-9],[-2,32],[22,8],[-6,-60],[36,-26],[-41,-29],[-5,-42],[19,-24],[-2,30],[32,23],[6,-49],[29,86],[60,16],[-38,-31],[11,-43],[-25,-20],[38,-64],[26,91],[30,-22],[31,75],[27,-42],[-21,-12],[17,-17],[-17,-28],[86,7],[14,-39],[31,4],[-28,-64],[27,5],[15,40],[39,-7],[17,35],[33,-13],[20,22],[-11,-27],[-37,-21],[10,-56],[-37,17],[-82,-39],[2,-51],[57,21],[-59,-63],[52,16],[13,-19],[-62,-49],[51,-89],[21,76],[42,-3],[-17,-74],[46,63],[15,-18],[50,11],[6,125],[103,-1],[-37,-48],[42,-14],[1,-28],[-98,2],[26,-55],[-59,0],[-15,-58],[23,-26],[-24,-30],[85,-26],[4,-20],[90,77],[2,-38],[-25,-36],[-91,-26],[-70,-56],[4,-19],[33,14],[-17,-25],[-51,-8],[37,-27],[-50,-57],[-23,68],[-13,-16],[-83,19],[-14,47],[-8,-61],[-71,-26],[100,-7],[21,-39],[19,3],[-13,-25],[28,4],[-21,-21],[51,29],[-50,-53],[2,-43],[-34,12],[-14,-27],[16,15],[41,-13],[46,48],[-27,-50],[67,25],[-8,-77],[23,53],[18,-7],[-1,40],[1,-24],[53,9],[6,-23],[32,23],[-8,-46],[-46,-28],[26,-5],[-42,-86],[-19,-18],[-24,16],[16,-32],[-36,-11],[2,-18],[47,-7],[-38,-42],[-52,19],[42,-36],[-70,40],[-77,-33],[4,-36],[40,-21],[-15,-15],[30,5],[9,-27],[24,13],[21,-48],[19,15],[-13,-50],[-23,-11],[3,30],[-39,10],[30,-20],[-24,0],[10,-40],[-27,25],[-32,-8],[4,35],[-63,1],[14,-26],[-21,-27],[-50,19],[-47,-47],[-9,40],[-41,4],[-40,160],[-33,-3],[-6,-28],[-18,11],[14,63],[-32,-3],[-25,49],[-19,-52],[34,-11],[-13,-39],[-35,25],[-32,-37],[47,6],[17,-33],[67,-19],[16,15],[-32,-46],[15,-42],[90,-77],[-29,8],[-28,-34],[-14,47],[-89,78],[-36,-29],[-30,49],[-43,-31],[-9,58],[33,30],[-40,15],[-34,-43],[20,-68],[-42,-4],[65,-21],[-14,-45],[32,-21],[55,44],[2,-24],[28,24],[24,-37],[29,37],[32,-104],[-37,-16],[40,-26],[19,29],[6,-76],[34,15],[-4,57],[44,4],[15,32],[27,-49],[-37,0],[-5,-19],[93,24],[-10,-28],[28,4],[56,51],[-7,-124],[48,6],[8,-60],[-32,-30],[60,-24],[38,23],[7,-39],[-119,-86],[65,-49],[-66,-155],[71,-49],[-9,-35],[-72,3],[-19,-31],[20,-10],[-12,-51],[29,-51],[-32,-27],[17,-11],[-12,-51],[51,4],[-3,-18],[-35,-11],[12,-21],[-42,-50],[-46,45],[14,20],[-77,-30],[-66,32],[42,-50],[19,-83],[-32,-7],[4,-27],[75,-3],[-107,-190],[-28,-5],[-17,54],[-20,-7],[14,-69],[-97,5],[-5,-17],[58,-32],[23,10],[8,-84],[-107,-61],[-26,-82],[-68,30],[-21,-41],[59,0],[-58,-32],[33,-50],[-44,-65],[-87,-41],[1,-29],[-73,-56],[-41,2],[0,-42],[-45,-45],[-52,-25],[-20,28],[-47,-8],[42,-48],[-22,-18],[-49,9],[32,-35],[-108,-121],[11,-18],[-26,-1],[5,-25],[-28,51],[13,34],[-21,3],[7,-25],[-22,-13],[30,-41],[-8,-41],[-33,-25],[-38,22],[22,-40],[-69,-77],[28,-30],[-108,-50],[39,-60],[-116,-64],[4,-35],[-12,23],[-56,7],[33,35],[-22,22],[-77,-71],[71,-59],[4,-22],[-31,-17],[43,4],[-3,-55],[30,-19],[-11,-29],[114,-3],[-8,-27],[-39,-8],[22,-42],[-18,-34],[27,4],[39,-91],[-21,-5],[11,-28],[-28,-35],[-5,70],[-31,-15],[-5,46],[-32,-2],[15,78],[-32,-62],[-22,1],[5,90],[-19,23],[-14,-59],[-28,84],[-9,-13],[-17,26],[25,-83],[-43,12],[48,-44],[-39,-17],[-29,42],[-21,-6],[20,-10],[-5,-101],[-24,20],[46,-69],[-32,-32],[1,-43],[33,-29],[3,57],[54,32],[-45,51],[8,29],[55,-57],[-8,25],[43,-4],[55,-161],[-15,-23],[16,-48],[-40,38],[-4,-28],[-25,7],[38,-46],[-31,7],[13,-56],[-33,20],[17,-32],[-47,3],[13,-38],[-52,53],[8,-75],[-46,-2],[22,-29],[-53,-11],[43,-19],[-67,-22],[4,-41],[-27,19],[1,-18],[-37,-1],[7,-30],[-17,8],[-59,-76],[-11,-50],[39,12],[31,53],[30,-35],[-13,40],[32,-8],[-11,29],[22,-20],[20,21],[25,-17],[4,24],[26,-17],[137,121],[31,-3],[-24,-58],[31,7],[39,58],[38,-51],[0,52],[16,-32],[26,37],[-56,73],[54,-8],[-4,-24],[34,-13],[23,110],[105,84],[-54,-79],[18,-25],[-32,-60],[20,-22],[-52,-72],[33,-54],[-56,24],[51,-39],[-40,-14],[-6,19],[-43,-51],[2,-50],[51,-58],[-73,-3],[-40,40],[-14,33],[40,58],[-89,-86],[-7,41],[-60,13],[97,-151],[-72,39],[17,-60],[58,-31],[29,-64],[-71,-26],[-38,20],[5,-29],[88,-59],[37,83],[19,-12],[-14,-18],[53,8],[5,-27],[-45,-25],[-4,-28],[15,-27],[65,-3],[33,-29],[-4,-34],[-65,-59],[21,-18],[-28,-9],[12,-30],[-18,-35],[-40,43],[-27,-18],[40,-29],[-22,-32],[-128,-43],[-133,25],[-5,-40],[92,-3],[-4,-33],[12,27],[43,-2],[19,-24],[8,19],[57,-12],[17,20],[23,-45],[10,40],[21,-25],[-7,61],[30,16],[0,-103],[-32,4],[43,-20],[4,41],[39,0],[-34,11],[27,24],[-20,-3],[-4,38],[65,-50],[-56,86],[49,50],[-31,31],[32,47],[42,-41],[-26,84],[36,0],[47,-59],[-20,-14],[42,-20],[-27,-37],[-12,12],[-22,-54],[72,57],[31,-24],[-11,38],[24,17],[-27,17],[32,15],[-27,-1],[3,33],[-21,-28],[1,44],[-25,7],[26,24],[47,-30],[36,56],[37,4],[-26,-43],[11,-72],[-27,10],[22,-51],[-33,-37],[1,36],[-27,-9],[0,-33],[-24,-1],[23,-24],[-73,-38],[11,-18],[-52,-60],[25,12],[11,-26],[6,46],[46,10],[-2,-53],[36,-50],[-19,-45],[-34,-3],[-5,36],[-40,-1],[-21,-22],[12,-24],[-21,11],[-29,-21],[49,69],[-58,-46],[39,47],[-31,-18],[24,58],[-16,-26],[-3,26],[-22,-57],[-7,45],[-12,-35],[-20,12],[10,22],[-24,-12],[-12,24],[-16,-14],[16,-34],[62,-43],[-37,-20],[-15,23],[-1,-88],[-19,-11],[-8,93],[-31,-76],[0,59],[-26,-47],[28,99],[-43,-27],[-9,-36],[-36,22],[3,56],[-15,-37],[-50,2],[-5,22],[-7,-28],[-7,39],[-25,-26],[-5,30],[-12,-46],[-8,42],[-18,-15],[5,33],[-14,-28],[-67,22],[47,-41],[-18,-15],[32,1],[39,-39],[-94,-15],[-15,-24],[132,16],[54,-70],[-72,-28],[47,-17],[46,24],[-23,-96],[-16,54],[-4,-50],[-34,32],[-3,-29],[-10,23],[-13,-16],[105,-48],[-8,-54],[18,4],[3,-30],[-66,-22]],[[93847,152045],[-104,-1],[8,91],[62,48],[96,9],[38,72],[147,19],[11,28],[-30,10],[20,51],[-58,23],[-14,31],[71,58],[-2,42],[23,-35],[57,34],[-6,106],[37,-23],[9,61],[40,-7],[56,42],[-22,27],[-29,-29],[-56,4],[33,37],[-46,45],[66,26],[-72,31],[-3,61],[34,47],[52,-1],[-11,-38],[30,-49],[56,21],[83,-71],[39,-5],[-42,-83],[32,8],[48,-32],[4,-41],[-54,-13],[-16,-51],[25,-47],[-59,-89],[29,8],[18,42],[37,-28],[23,12],[-10,-49],[66,-5],[7,-73],[111,-2],[5,-55],[26,39],[31,-11],[27,-36],[-61,-4],[24,-21],[-2,-61],[-51,38],[-57,9],[-17,-20],[-159,38],[-71,40],[-18,36],[-42,-40],[36,-1],[14,-28],[-34,-68],[-36,-7],[-13,31],[18,7],[-36,18],[-3,-68],[38,-46],[-27,-24],[12,-70],[-54,23],[-8,39],[25,17],[-72,-8],[-42,25],[3,-44],[54,-51],[-12,-70],[-29,-3],[-51,-67],[-84,27],[-58,-47],[-42,11],[-22,57],[-53,16],[7,57]],[[91092,152663],[49,33],[-11,-61],[189,-117],[18,-49],[-23,22],[-82,9],[-55,-53],[48,5],[8,-39],[-68,20],[1,-40],[-49,22],[-131,-54],[-85,-47],[5,-81],[-93,-25],[-28,56],[28,121],[238,117],[41,161]],[[91419,152942],[-111,45],[25,31],[-20,29],[-31,-36],[-15,26],[-22,-29],[-14,32],[-33,-15],[2,54],[-71,60],[6,47],[-24,30],[-6,-29],[-53,-38],[-60,31],[-21,-65],[-70,8],[4,-31],[74,-59],[6,-41],[36,-1],[-8,-17],[-143,21],[-33,26],[-67,-50],[-98,9],[73,81],[18,53],[68,-2],[20,48],[109,92],[63,96],[63,22],[15,57],[64,35],[9,31],[31,-19],[113,42],[60,46],[-5,17],[31,-12],[93,44],[-4,-110],[-30,-75],[33,-39],[-40,-69],[6,-56],[105,-25],[8,32],[72,32],[-33,44],[38,7],[12,25],[-57,61],[15,20],[84,-68],[13,20],[32,-34],[73,15],[49,-32],[-48,-16],[-16,-87],[-52,-15],[7,-106],[-38,2],[-108,-65],[-40,-72],[-69,14],[-3,62],[-1,-40],[-40,-13],[-4,-84],[-42,3]],[[87147,145610],[-1,22],[64,22],[17,45],[19,-40],[-30,-55],[14,-44],[35,-25],[66,5],[6,92],[39,30],[42,-9],[-56,-91],[-17,-88],[-40,-34],[20,-77],[20,-3],[-10,-37],[-40,24],[-20,-73],[-61,13],[-10,-75],[-161,-74],[-12,23],[56,28],[43,63],[-74,26],[58,16],[14,43],[-31,-29],[-68,26],[-74,-6],[-61,-36],[-20,45],[140,108],[-1,66],[22,-7],[47,69],[65,37]],[[84930,146081],[1,84],[-46,17],[-5,-22],[-44,79],[36,19],[-7,22],[51,-18],[35,17],[40,278],[53,40],[170,24],[85,131],[-34,82],[64,89],[-6,42],[-27,27],[-30,-14],[-101,39],[8,43],[51,16],[30,86],[-29,39],[-29,-16],[-83,107],[68,57],[-56,74],[77,59],[2,107],[99,218],[-9,94],[42,74],[63,9],[43,-44],[-5,-78],[-84,-98],[-12,-54],[4,-44],[42,-44],[-49,-162],[-105,-124],[113,-140],[86,-14],[47,-123],[-24,-120],[16,-13],[-38,-58],[24,-13],[-31,-78],[12,-49],[-19,-30],[-55,-16],[28,-64],[-60,-65],[19,-72],[-40,-56],[0,-66],[77,-17],[-97,-32],[-12,25],[-8,-33],[-20,7],[-8,-57],[-61,-29],[-1,-81],[75,-7],[6,-20],[-64,-8],[-29,-109],[-98,-52],[29,-45],[-4,-56],[63,4],[9,-110],[-121,-131],[36,-147],[39,-52],[-33,11],[3,-50],[44,-7],[8,-32],[-36,-108],[-11,14],[-15,-19],[-14,-82],[-55,-73],[72,-57],[12,31],[-20,35],[39,23],[22,-70],[34,-15],[46,21],[-18,28],[13,16],[69,3],[15,-11],[-14,-34],[28,-23],[71,73],[-44,44],[70,2],[-87,25],[69,-8],[11,19],[49,-16],[-20,-22],[40,-10],[-28,-22],[37,-33],[30,21],[-20,35],[52,-7],[25,64],[34,-12],[42,24],[34,139],[-24,29],[36,0],[29,-52],[46,6],[44,63],[33,7],[37,-57],[15,20],[37,-24],[21,25],[49,-21],[35,37],[-26,2],[17,44],[18,-5],[-7,34],[30,-5],[17,-37],[15,72],[21,-82],[24,12],[12,-20],[-1,-74],[12,90],[20,35],[38,-19],[3,32],[116,-81],[-77,-43],[16,-21],[-62,-18],[48,-44],[-1,-44],[-42,-18],[7,-34],[31,16],[-12,-36],[44,-17],[16,-78],[36,-42],[-19,-31],[12,-64],[-49,-40],[-97,5],[-38,-97],[-39,14],[-22,-50],[-79,-14],[-5,-23],[-46,-4],[-16,-39],[-61,0],[-32,-26],[25,-12],[-20,-2],[-61,-104],[-19,-147],[-31,-48],[-21,24],[-32,-11],[-77,120],[-38,-90],[-40,-18],[-28,36],[-36,-41],[-40,8],[5,39],[-67,99],[16,27],[-56,32],[-25,54],[-33,-9],[1,25],[-47,9],[-2,39],[35,3],[-27,53],[-23,-1],[-3,-185],[32,30],[42,-21],[64,-151],[-13,-72],[-57,-32],[11,-26],[-30,-3],[60,-23],[1,-84],[-38,-25],[-51,49],[-24,-13],[0,-30],[-23,12],[-32,-31],[-73,-4],[-82,5],[12,53],[-37,-9],[-5,-33],[46,-31],[16,-42],[16,37],[86,-55],[-12,-53],[25,-17],[-31,-14],[-21,-57],[-26,21],[-25,-32],[54,-22],[-10,-17],[25,5],[-16,-39],[28,-4],[5,-30],[-71,-9],[-73,29],[5,-72],[-23,-1],[12,-20],[-47,-47],[23,-27],[72,-6],[-42,-60],[103,12],[-29,-99],[-30,-27],[-83,-16],[151,-38],[-4,26],[26,8],[-13,-72],[44,-17],[8,-36],[-33,6],[12,-31],[-46,-1],[14,-26],[59,-17],[-22,-11],[35,-35],[-19,-22],[37,-8],[-27,-10],[26,-76],[-62,-28],[-18,-54],[-46,0],[-48,11],[-137,98],[-75,-36],[-58,65],[-29,-10],[-19,-84],[16,-29],[-41,-65],[6,-48],[-13,-20],[1,16],[-65,19],[-9,-38],[46,-46],[21,34],[-8,-30],[24,-15],[26,52],[-29,-61],[27,-57],[-47,-14],[92,-24],[11,-146],[-59,-14],[28,-58],[-26,-101],[-72,-25],[14,19],[-48,35],[-14,-19],[-35,16],[-19,-14],[-121,62],[0,50],[22,-27],[15,16],[56,-15],[26,56],[-91,32],[38,93],[32,12],[-3,61],[-61,-9],[-17,88],[29,14],[-19,88],[50,44],[-69,108],[-35,-11],[45,25],[36,-7],[5,125],[-27,11],[-9,65],[-28,8],[-10,-18],[2,23],[-25,-19],[-3,35],[16,-13],[25,22],[-48,105],[46,-48],[16,10],[17,-61],[20,27],[41,-46],[29,27],[-33,2],[-13,26],[61,-7],[-11,27],[-67,20],[38,12],[-100,75],[55,18],[31,-14],[-3,-26],[42,9],[24,-77],[15,16],[38,-48],[-16,59],[34,0],[-16,75],[-33,5],[-2,22],[50,-4],[16,20],[-45,-1],[-9,29],[21,11],[-37,64],[-10,-81],[-26,-31],[-32,25],[35,46],[-49,3],[-3,35],[-77,-39],[-25,29],[20,16],[-35,10],[18,26],[-28,-1],[-13,27],[57,14],[-11,50],[-35,-10],[30,79],[-38,-14],[-12,30],[63,14],[44,-26],[13,-20],[-27,-39],[33,-27],[28,41],[57,-98],[14,58],[-33,76],[67,-33],[32,22],[33,-47],[-57,-45],[35,-1],[16,-60],[-15,-21],[38,-15],[2,29],[32,20],[-13,40],[16,17],[-30,5],[-1,42],[34,2],[19,-25],[12,24],[-84,24],[22,59],[-97,-24],[-61,44],[-10,72],[-41,19],[9,44],[39,2],[-8,37],[-94,31],[-58,-19],[-15,44],[-31,11],[-43,-116],[-102,17],[4,46],[68,62],[-19,41],[32,65],[13,-43],[34,-5],[29,-41],[18,18],[-10,32],[35,-5],[-33,67],[-4,95],[-32,10],[-7,77],[-24,1],[-27,-147],[-26,-6],[-27,60],[-29,-88],[-31,4],[-11,-40],[-24,12],[-32,97],[-69,-30],[44,41],[11,49],[-28,57],[20,24],[-41,28],[-19,3],[-5,-58],[-80,-90],[-30,31],[-28,-43],[-44,30],[-43,-1],[-27,32],[-27,-15],[-8,25],[25,34],[65,0],[18,-25],[75,17],[-103,61],[61,25],[43,-28],[9,47],[24,10],[-56,22],[-77,-10],[29,76],[43,-2],[10,30],[-60,29],[-32,59],[68,72],[58,-6],[49,31],[-4,38],[39,50],[32,-9],[-16,-37],[18,-61],[-17,-9],[53,-85],[-22,112],[21,67],[32,24],[69,-70],[-26,-63],[34,-13],[-6,-41],[31,-20],[10,-42],[32,-11],[30,57],[-13,46],[26,12],[-7,73],[50,-17],[22,64],[33,24],[104,-5],[33,-191],[-22,-126],[49,120],[13,-89],[18,-5],[-14,98],[-30,22],[19,195],[11,14],[61,-27],[-3,26],[57,58],[57,-19],[0,15],[-58,20],[-28,-35],[-32,-2],[-104,94],[-3,-32],[-28,-17],[-51,47],[-25,102],[25,12],[41,-21],[36,56],[-64,45],[-48,81],[25,54],[-17,69],[48,46],[-49,75],[7,76],[36,36],[-35,38],[31,44],[34,4],[-11,68],[98,24],[14,31],[-57,48],[165,6],[71,32],[-11,25],[23,14],[-31,-104],[51,-322],[64,-13],[29,68],[20,-27],[112,20],[35,48],[-24,21],[-27,-9],[-52,51],[58,18],[-85,59],[10,21],[-32,19],[58,17],[-40,54],[77,36],[-45,57]],[[100440,144625],[3,-33],[-46,-43],[33,-92],[-46,-72],[51,-3],[-2,-25],[-65,-40],[58,-20],[-13,-20],[-20,12],[-4,-23],[46,-44],[-29,-25],[3,-28],[-63,12],[-42,-24],[12,17],[-42,12],[10,-44],[-56,-21],[-37,-51],[39,-71],[-48,-24],[1,-46],[-21,-3],[-19,44],[-37,-41],[-65,32],[-77,-7],[-22,-22],[-9,13],[-23,-20],[31,-29],[-47,-84],[-78,16],[9,-16],[-52,2],[15,-64],[-25,-57],[-29,-11],[18,-37],[-22,20],[-115,-69],[-134,-30],[9,-23],[-150,-98],[12,-18],[-61,-43],[128,-16],[7,-73],[-47,-33],[112,-1],[104,-67],[34,-139],[-34,-46],[280,-224],[252,-9],[104,84],[22,-12],[22,21],[-38,75],[86,-89],[34,49],[159,38],[16,40],[135,43],[24,32],[39,-2],[56,75],[62,21],[0,32],[40,30],[-10,16],[108,71],[102,-44],[146,-20],[54,36],[19,-22],[64,43],[62,-5],[49,54],[130,-20],[84,45],[17,-26],[129,-22],[25,24],[19,-12],[-24,-11],[63,-41],[-40,-25],[41,-32],[68,-41],[49,2],[-2,-25],[141,-92],[41,-2],[-4,26],[25,-50],[58,-32],[38,-44],[14,-56],[-22,8],[0,-26],[42,-30],[35,-160],[45,-55],[-15,-5],[45,-127],[41,-33],[-16,-7],[19,-17],[-26,5],[29,-14],[25,-100],[24,-29],[65,9],[-4,-40],[23,-3],[-66,-30],[32,1],[48,-45],[2,-79],[66,-136],[84,-84],[49,-92],[-19,-9],[-33,76],[-66,-3],[51,-10],[-45,-21],[44,0],[40,-34],[1,-71],[49,0],[-45,-17],[-46,-86],[-14,13],[13,-54],[-17,4],[-20,-40],[29,-18],[-18,-29],[-16,28],[-16,-47],[-25,-3],[22,-5],[0,-54],[56,-61],[-11,-35],[-28,15],[58,-62],[6,-47],[-34,-8],[45,-24],[-10,-116],[-25,2],[3,-38],[-98,-64],[-49,-116],[-184,-197],[12,-38],[-66,-26],[2,-28],[-23,-6],[44,-112],[98,-77],[31,-57],[-16,-60],[-52,-54],[26,-65],[-36,-38],[-16,14],[-36,-98],[-65,-46],[-118,-7],[17,-7],[-65,-36],[47,-32],[-44,19],[15,-22],[-15,10],[-63,-57],[-116,28],[29,-33],[-2,-53],[-127,-80],[-41,13],[-92,-68],[-125,14],[-4,-23],[-4,22],[-37,-3],[4,-31],[-14,33],[-41,-28],[-14,37],[-67,-10],[-59,24],[-236,-23],[-15,-28],[109,-41],[-94,-104],[-22,-54],[-35,14],[9,-29],[30,-7],[20,-66],[-102,-100],[-63,-15],[-19,35],[-16,-16],[22,-8],[-28,4],[-1,32],[-89,-48],[-88,-161],[9,-83],[-78,-12],[-103,-80],[-110,12],[-100,-32],[-41,74],[-145,9],[-6,27],[-41,10],[-31,-38],[44,-55],[107,-29],[8,18],[19,-67],[-64,-35],[-54,30],[-26,-67],[-83,-62],[-46,2],[-7,18],[-125,-47],[-37,109],[114,78],[13,70],[-16,69],[-58,71],[-17,90],[-33,2],[-39,68],[-79,30],[-15,-17],[37,-7],[-10,-23],[-59,-14],[-14,82],[-108,116],[-114,3],[-102,79],[-23,143],[9,231],[33,190],[31,52],[-86,90],[-16,55],[29,27],[-11,-31],[60,-26],[-8,-44],[29,-29],[120,1],[8,-56],[36,30],[-1,39],[135,12],[54,41],[20,139],[34,-29],[36,29],[88,-29],[-13,61],[-31,21],[49,78],[204,92],[35,106],[145,62],[43,53],[-19,-7],[11,62],[63,44],[-6,57],[37,52],[21,148],[-34,80],[1,77],[-25,42],[-70,33],[-47,-41],[15,-20],[-24,-3],[-56,111],[-64,41],[-56,3],[21,38],[38,-14],[12,17],[-7,76],[-43,64],[100,85],[-29,26],[31,29],[-194,188],[-337,-14],[-133,45],[-143,-107],[-103,-32],[-332,93],[-265,21],[-22,-44],[29,4],[-3,-24],[-44,4],[-206,-67],[-226,-173],[-114,-138],[-136,-38],[-9,-23],[42,17],[9,-20],[-44,0],[-101,-90],[-73,25],[-191,-33],[-20,45],[-70,21],[1,-23],[-25,0],[-32,-43],[-8,-64],[-41,-8],[-41,86],[-82,40],[-23,37],[-51,-37],[-73,46],[-59,-18],[-15,34],[-59,-16],[-51,17],[-84,-71],[-38,-6],[-30,-26],[-4,-57],[22,-38],[-2,26],[18,-7],[95,-193],[-44,-43],[-8,-53],[-87,-4],[-75,-58],[-23,-61],[28,-2],[25,-40],[-63,-42],[-65,-97],[-24,21],[-6,65],[-36,2],[-26,-46],[21,-19],[-34,-33],[25,-20],[-30,-32],[10,-59],[-20,-39],[-54,-16],[-74,41],[-40,54],[-6,-74],[23,-24],[-53,-10],[6,-24],[29,-2],[-29,-1],[6,-25],[66,45],[-26,-45],[21,-56],[-19,-90],[-80,-143],[-26,-2],[-70,-88],[5,-84],[-94,-121],[6,-83],[-53,-24],[-116,-125],[-67,18],[-80,-37],[-13,-50],[20,-31],[-24,-34],[-29,40],[-52,-48],[-42,25],[-18,-37],[-48,5],[-73,-75],[-29,15],[-59,-28],[-77,63],[-23,-6],[-21,-53],[46,-4],[-84,-92],[25,-46],[-18,-74],[34,-60],[-58,-33],[-45,-98],[-91,-59],[-27,-62],[-123,-91],[-44,-86],[-73,-64],[-274,-129],[10,-38],[-24,43],[-54,-5],[-12,-40],[28,-4],[-16,-39],[61,5],[6,-16],[-12,-25],[-40,1],[31,-36],[-22,-27],[-106,149],[-125,39],[-71,-48],[-76,-3],[-24,-81],[-97,-7],[-63,-82],[-27,-1],[-41,186],[92,41],[106,146],[77,-46],[-23,-70],[-35,-11],[16,-28],[-20,-15],[21,-10],[42,48],[9,51],[25,11],[-3,47],[-28,-18],[-38,42],[196,41],[62,73],[45,5],[36,54],[36,11],[29,72],[-38,12],[-6,30],[53,23],[77,-6],[-11,31],[39,18],[16,111],[-26,71],[51,30],[1,26],[-28,8],[78,77],[-19,25],[37,22],[-5,28],[44,13],[8,53],[37,45],[-29,31],[61,36],[43,90],[44,-11],[16,-32],[37,21],[-18,25],[19,18],[9,127],[-15,162],[16,136],[23,10],[-6,19],[17,-7],[-74,37],[-38,-9],[-19,18],[-19,-28],[35,-9],[10,-31],[-90,-38],[21,-31],[-69,-26],[-41,85],[-60,22],[-25,92],[-43,-34],[5,67],[38,23],[-17,26],[52,-26],[36,19],[88,-61],[25,41],[42,-8],[43,26],[-24,14],[31,61],[47,-13],[12,22],[-35,33],[31,78],[47,-9],[76,36],[27,-17],[21,21],[-14,-53],[-66,2],[62,-36],[-150,48],[-5,-17],[148,-55],[-34,-95],[-80,-8],[123,-145],[22,14],[-16,42],[12,-26],[50,28],[17,-28],[-11,30],[15,-27],[18,8],[14,46],[-41,9],[-20,87],[29,8],[-1,31],[70,-35],[21,-36],[65,39],[8,71],[-42,-44],[0,49],[-28,12],[11,38],[94,-12],[-27,17],[67,252],[118,8],[-38,29],[-11,46],[56,8],[-20,17],[114,157],[21,-7],[-29,80],[28,0],[10,49],[-39,-4],[-5,36],[43,1],[1,47],[28,5],[-33,-3],[3,-23],[-88,-9],[-23,-37],[21,-5],[-23,-10],[27,11],[5,-18],[-68,6],[12,-29],[-25,-36],[-28,-3],[32,-65],[-53,-29],[36,-14],[-55,13],[51,-25],[-55,11],[52,-18],[-33,-6],[24,-25],[-51,-25],[-44,26],[33,-40],[-63,-39],[-1,-65],[-27,-38],[-60,43],[-15,113],[-32,-73],[21,-2],[-32,-13],[-12,-62],[-17,-2],[8,69],[-30,5],[-54,-34],[10,-24],[-56,-83],[-1,23],[-73,45],[-40,-52],[-40,11],[57,31],[5,57],[92,144],[19,10],[20,-22],[30,29],[-2,70],[-22,22],[-36,-11],[-9,25],[11,43],[39,27],[-74,69],[-8,-51],[-37,7],[-11,-27],[21,-1],[-78,-48],[-10,-42],[26,16],[-16,-24],[-17,5],[-21,53],[-120,45],[15,65],[94,78],[31,77],[-49,12],[-28,51],[-28,-15],[27,-52],[-25,-49],[-37,97],[-54,31],[11,-46],[-28,19],[-37,-10],[-12,79],[-62,16],[31,3],[13,38],[11,-23],[64,25],[1,116],[31,-10],[-8,23],[-33,26],[0,-27],[-44,44],[-21,-18],[-57,19],[6,69],[-44,42],[31,-15],[11,20],[-60,19],[8,-20],[-82,48],[-13,36],[27,23],[-85,34],[17,22],[-11,29],[-113,-19],[-17,45],[-25,3],[62,113],[-10,53],[9,-37],[45,83],[-42,22],[48,-8],[50,83],[-20,-15],[12,24],[-25,-17],[-68,36],[-42,-78],[26,-15],[-105,43],[33,-4],[38,71],[-52,27],[-16,-31],[28,-18],[-30,15],[-4,-36],[-32,24],[-33,-29],[29,-54],[-35,57],[21,36],[-34,-34],[-32,20],[-19,-16],[-11,25],[-27,-7],[34,37],[-67,-11],[-74,-229],[-41,-39],[-6,36],[-54,8],[-43,148],[-39,8],[-10,40],[-30,21],[-15,-14],[-4,27],[-50,-7],[-18,186],[-57,28],[-71,-46],[-46,-9],[15,13],[-29,12],[-39,-37],[-21,42],[24,102],[-54,50],[-62,7],[-41,86],[-69,55],[-19,102],[-90,144],[29,181],[-20,4],[-8,14],[-22,7],[-14,22],[17,-21],[21,-8],[7,-13],[19,-4],[3,17],[-29,19],[19,13],[-17,37],[-40,12],[-57,93],[-57,131],[-15,118],[-87,74],[43,99],[-37,47],[-67,26],[-60,177],[-117,16],[18,-20],[-17,-127],[-47,-89],[-21,79],[32,46],[-61,11],[-22,-17],[-4,60],[62,16],[-36,45],[20,34],[-36,23],[20,42],[17,-57],[32,-1],[-8,-18],[19,17],[-19,95],[-29,34],[29,69],[-39,-15],[-33,31],[-22,-12],[-4,32],[-32,-7],[-60,48],[27,-1],[-6,24],[23,-22],[7,22],[92,-44],[-119,106],[30,34],[38,-17],[-25,73],[44,10],[-3,46],[-22,-42],[-33,41],[4,33],[-19,-11],[-10,167],[51,19],[36,132],[107,39],[33,46],[-11,37],[19,-5],[-1,-47],[30,-15],[6,-66],[77,-1],[23,144],[-33,55],[36,0],[9,56],[45,-27],[31,7],[11,-29],[14,17],[-42,54],[-74,33],[-8,28],[20,-9],[22,23],[-38,31],[13,16],[-30,23],[-19,74],[-13,13],[3,-31],[-20,24],[-15,95],[25,124],[-30,102],[44,69],[136,-36],[-7,72],[26,47],[-25,53],[57,77],[-28,61],[9,41],[70,50],[153,-28],[-117,78],[28,34],[-94,-24],[-73,33],[87,42],[13,-31],[30,27],[45,-9],[5,22],[-27,15],[32,33],[36,-20],[-46,49],[57,-18],[20,14],[10,27],[-42,-21],[-59,29],[-6,-36],[-82,0],[-29,-37],[-20,30],[82,61],[76,-5],[44,84],[32,5],[1,46],[-61,-7],[-15,66],[58,111],[61,1],[20,-39],[59,-18],[18,-39],[26,13],[81,-65],[-4,-38],[31,45],[30,4],[-3,-41],[52,-36],[5,-42],[-20,-12],[37,-1],[10,-70],[3,55],[27,-6],[-32,90],[31,14],[25,3],[61,-57],[-13,-40],[48,-30],[23,25],[28,-36],[-10,-23],[19,-2],[-51,-27],[11,-63],[-60,1],[-9,-24],[34,2],[17,-24],[0,28],[35,-11],[11,34],[39,-16],[32,70],[52,-14],[56,-132],[-47,-16],[96,-35],[-33,-20],[14,-25],[-37,-40],[-48,-12],[-17,-83],[-58,1],[21,-33],[70,-5],[-64,-69],[135,-3],[-16,48],[34,77],[60,-84],[-9,45],[22,9],[-34,24],[20,24],[-26,13],[3,32],[45,-10],[89,50],[5,-105],[134,-30],[34,-49],[-10,-48],[-39,-47],[-59,-22],[-33,-51],[-40,-11],[-31,52],[10,-34],[-58,-162],[-37,-19],[-61,-172],[-46,-11],[24,-61],[26,-8],[-71,-67],[2,-42],[13,22],[107,-47],[10,-23],[-55,-28],[-66,15],[2,-40],[68,-10],[-36,-49],[16,-14],[27,32],[1,-74],[40,1],[-8,-29],[-29,-7],[9,-25],[87,-21],[-34,48],[9,43],[22,-11],[11,26],[10,-26],[15,60],[25,-19],[24,20],[17,75],[41,-39],[-23,-39],[14,-17],[28,34],[46,-55],[-6,45],[-20,-2],[-31,57],[69,-3],[18,22],[25,-20],[14,22],[-41,46],[11,28],[-62,-56],[-44,30],[-24,-36],[-18,34],[19,16],[-2,60],[33,47],[35,-22],[53,102],[-31,61],[60,30],[33,-59],[35,-14],[23,-70],[119,5],[28,-89],[25,16],[46,-58],[39,25],[-30,31],[49,14],[83,-7],[15,-25],[40,11],[5,-37],[85,-99],[57,-7],[19,-50],[-59,18],[27,-69],[26,36],[41,-9],[-17,-44],[-46,3],[65,-87],[-56,-55],[107,28],[50,-57],[-17,-63],[51,-59],[-7,-60],[-25,-4],[6,35],[-86,21],[14,-23],[-28,-20],[33,2],[0,-45],[-28,-1],[-3,28],[-11,-19],[-53,11],[-53,-71],[12,-42],[-24,-15],[38,-27],[1,47],[18,-29],[-16,-16],[34,-10],[19,-50],[32,-3],[-4,-34],[20,-8],[-28,-94],[7,-18],[28,26],[12,-18],[-9,-41],[-39,10],[37,-20],[-27,-34],[30,-22],[-16,-67],[-60,45],[22,-60],[29,5],[18,-47],[-60,-15],[46,-101],[-47,-90],[-50,-20],[6,-38],[-106,21],[-61,88],[33,24],[-42,0],[8,19],[35,-6],[-9,19],[23,15],[-11,32],[-30,2],[63,76],[-41,6],[30,59],[-58,-10],[-18,-86],[-32,-3],[23,25],[6,107],[32,6],[-28,40],[27,9],[-27,49],[43,35],[-18,82],[-36,-42],[-56,2],[-75,-55],[-40,-120],[2,-60],[22,-14],[-20,-62],[30,6],[-8,-33],[26,2],[-13,-20],[-28,11],[38,-24],[-36,-18],[45,-11],[23,-110],[-57,-42],[73,-44],[41,25],[8,-35],[-64,-45],[-9,41],[-44,-3],[1,-68],[-35,-34],[94,-140],[-12,100],[55,-70],[28,-6],[9,18],[-44,9],[6,23],[-21,5],[19,66],[31,-6],[1,-45],[18,44],[21,0],[-16,28],[39,6],[57,-34],[44,16],[-47,-103],[32,-66],[-26,-16],[9,-33],[21,3],[-18,-23],[39,-24],[14,25],[18,-23],[15,34],[-1,-49],[-32,-24],[14,-23],[-26,-22],[13,-14],[-42,-5],[-35,-48],[-1,-58],[-40,2],[16,38],[-23,16],[-21,-31],[-49,22],[0,78],[49,-23],[-22,47],[-29,-2],[-52,-66],[-13,-70],[27,-54],[-30,-7],[-15,-40],[8,-104],[27,3],[17,76],[43,11],[27,-46],[-11,-18],[20,-4],[-13,-14],[45,-27],[-19,-18],[15,-32],[24,11],[39,-23],[132,29],[3,-51],[43,27],[-11,-52],[65,-9],[39,-44],[-10,-55],[28,32],[103,-84],[-34,-33],[7,-13],[18,-9],[-17,18],[39,26],[110,-91],[-53,-46],[77,35],[6,-14],[-42,-15],[-19,-34],[18,24],[44,-91],[18,3],[38,-62],[33,11],[-18,58],[-26,-3],[26,95],[45,0],[32,50],[-46,59],[-2,63],[-42,21],[45,7],[-18,21],[21,13],[-12,49],[22,25],[24,-11],[-8,-56],[73,-29],[-42,-28],[19,-5],[-19,-33],[23,-9],[-18,-17],[26,-35],[60,-12],[19,24],[28,-56],[45,3],[-25,33],[3,70],[64,17],[-21,45],[36,59],[-40,43],[150,59],[2,80],[-37,87],[30,121],[45,-39],[-13,-81],[42,-14],[41,15],[47,-109],[31,8],[30,183],[18,1],[79,-32],[21,-93],[44,-69],[35,49],[24,-84],[80,46],[73,-72],[90,36],[-42,-107],[33,-1],[46,-45],[108,79],[147,20],[-23,-33],[115,-104],[-28,-87],[17,-40],[129,-2],[60,51],[55,-11],[5,-66],[59,-21],[-51,-49],[2,-54],[30,17],[41,-30],[-5,61],[42,4],[20,-90],[16,9],[-3,95],[107,5],[2,-35],[83,24],[65,-14],[-62,118],[-91,22],[-2,67],[-38,87],[-110,53],[-57,105],[-52,-1],[-33,61],[-93,10],[-13,46],[-33,10],[23,138],[112,23],[-25,72],[-50,16],[-4,21],[-1,-28],[-23,18],[-15,-16],[28,-2],[-108,-16],[-21,26],[13,66],[-64,10],[-26,-35],[-20,23],[53,54],[-41,5],[-12,28],[47,46],[65,1],[-42,26],[35,30],[-45,-34],[9,54],[-22,-41],[-12,36],[-31,-23],[-12,16],[41,7],[-43,2],[-20,34],[-37,-19],[30,21],[-6,22],[-131,136],[-36,-22],[8,21],[-31,-2],[33,8],[-40,57],[-20,-4],[25,64],[-39,53],[3,60],[-39,26],[22,3],[15,118],[1,48],[-34,18],[29,-5],[22,26],[-52,-8],[51,26],[12,104],[-38,65],[41,77],[-55,56],[49,56],[71,-51],[15,18],[-60,49],[31,37],[58,-47],[-8,-25],[17,21],[-25,23],[22,27],[33,-51],[-7,42],[53,103],[-30,33],[30,-7],[65,60],[-38,76],[1,75],[-55,56],[32,66],[-36,45],[42,17],[-32,29],[2,116],[-119,90],[-1,26],[-100,73],[-69,92],[-41,10],[-34,-29],[-11,23],[-2,-20],[-86,90],[-45,27],[-8,-13],[-12,25],[-17,-26],[-15,9],[-31,143],[-70,45],[-56,95],[-66,-1],[-12,33],[-174,108],[-51,-8],[-28,-57],[-70,-29],[-11,51],[-67,-2],[-31,43],[23,-34],[-94,-70],[-33,-76],[-49,-17],[-6,-89],[-27,5],[16,52],[-20,10],[-2,64],[-38,9],[-32,-36],[13,-48],[-18,-45],[-36,31],[-16,-15],[23,-61],[-32,-96],[-107,-62],[-43,19],[-20,93],[34,111],[57,61],[-75,-8],[0,44],[24,-1],[8,30],[52,-51],[7,26],[26,-16],[66,21],[44,49],[-27,43],[-48,8],[1,27],[-54,-2],[-8,-30],[-37,52],[11,32],[-35,11],[-18,-26],[-23,14],[-54,-24],[18,-22],[42,4],[-19,-60],[-71,47],[4,41],[-34,30],[-111,-16],[-35,18],[-47,-29],[-4,56],[51,-23],[76,69],[-87,-23],[-6,60],[98,24],[-7,18],[-37,-22],[-28,36],[-40,-22],[-11,72],[-51,35],[30,42],[-9,91],[-113,175],[18,50],[83,77],[19,59],[-38,181],[56,96],[-57,117],[-83,9],[-62,94],[-9,-18],[-161,-6],[-46,64],[-10,-36],[-85,-11],[26,-37],[-18,-22],[-91,12],[-18,63],[47,26],[-34,7],[-56,-57],[-30,-1],[-37,-64],[14,-55],[-52,-21],[-16,-51],[-81,57],[1,79],[-32,-66],[-43,5],[51,-58],[-19,12],[-25,-22],[58,-95],[-54,-38],[-26,39],[-54,5],[-4,35],[13,-17],[26,34],[-6,50],[-28,20],[13,30],[-90,8],[24,28],[-27,2],[-2,34],[33,46],[91,39],[-14,72],[-76,-69],[-17,129],[108,20],[14,39],[-38,26],[-13,-15],[19,-25],[-59,14],[39,44],[-31,62],[-21,-15],[14,-41],[-22,27],[-50,-24],[-16,91],[-47,2],[-8,-25],[21,-102],[-8,28],[-28,0],[7,-28],[-27,30],[-6,75],[-81,-28],[18,-50],[36,13],[5,-20],[-42,-19],[-24,83],[-20,-28],[-28,38],[1,-48],[-48,31],[40,-41],[-57,11],[49,-22],[-30,-2],[28,-4],[-18,-18],[52,5],[66,-79],[5,-164],[-60,-26],[80,-28],[24,-32],[-24,-63],[27,-17],[6,-158],[-71,-17],[-39,36],[-45,-26],[140,-86],[23,15],[12,-58],[-39,-11],[-69,37],[-5,-34],[-73,-34],[-81,64],[-43,-36],[-134,-18],[-65,100],[-57,-29],[45,-108],[-18,-82],[-62,-76],[-35,-6],[-3,124],[-38,56],[-35,0],[-29,141],[32,17],[11,46],[-53,56],[-5,46],[31,21],[-8,-33],[18,16],[49,-23],[-1,-39],[-34,15],[28,-22],[-14,-32],[19,10],[1,-16],[21,38],[-10,-61],[16,38],[39,-38],[-18,26],[2,21],[24,-20],[-5,43],[17,-36],[75,44],[41,-44],[44,4],[-33,108],[21,8],[3,-27],[8,23],[10,-26],[62,23],[-50,3],[-1,16],[34,-1],[-44,21],[25,-1],[-11,25],[30,-21],[-8,60],[38,-56],[14,14],[-5,-34],[38,41],[31,5],[4,-20],[32,21],[14,-21],[29,16],[-25,50],[17,38],[-97,-33],[-25,20],[25,4],[0,25],[-58,-15],[6,33],[-74,20],[34,22],[-92,64],[38,7],[-47,58],[46,57],[-33,18],[2,46],[45,4],[-52,20],[-7,29],[-17,-66],[4,52],[-49,26],[14,25],[-21,-26],[-22,34],[-32,-13],[14,-13],[-27,5],[22,-55],[-13,14],[-17,-49],[8,69],[-21,-35],[-23,34],[-9,-35],[-25,49],[-12,-16],[-7,29],[-18,-8],[55,53],[-9,17],[-145,11],[0,-30],[-15,23],[-22,-37],[-18,12],[24,10],[14,51],[-27,5],[-11,-31],[-106,-27],[-9,-52],[-55,-6],[60,143],[21,-3],[-20,-25],[19,-24],[42,18],[1,46],[-22,-31],[-13,36],[16,67],[15,-24],[41,30],[4,-69],[3,43],[23,-11],[19,22],[-27,12],[38,-11],[6,28],[10,-11],[-20,40],[28,-1],[1,-19],[21,3],[-9,27],[28,-9],[-20,28],[-49,-2],[29,50],[-33,46],[59,-8],[25,38],[-21,-15],[-40,23],[16,24],[-21,-8],[-18,23],[19,30],[-12,33],[-14,-62],[9,-16],[-29,-45],[-53,49],[-25,-6],[26,8],[-17,109],[49,45],[-6,23],[35,-14],[9,18],[-27,48],[-55,-41],[-77,264],[-15,17],[-30,-15],[19,-99],[35,-39],[8,-152],[-42,-44],[27,-67],[-43,18],[9,-67],[-108,-56],[-32,-72],[-10,34],[-42,24],[8,45],[-70,21],[15,74],[20,-24],[19,17],[-28,33],[17,30],[-16,14],[39,-23],[21,18],[-59,27],[21,172],[-50,-122],[-42,-6],[6,-20],[30,3],[-23,-68],[-54,8],[-10,54],[-97,-62],[12,44],[-34,-24],[-29,39],[26,32],[-14,14],[48,17],[21,100],[27,-6],[-26,11],[-5,51],[44,18],[62,-18],[11,58],[-140,-38],[11,-24],[-49,-41],[15,-79],[-13,34],[-8,-44],[-51,-13],[-24,-43],[-30,43],[26,39],[-14,13],[-67,-59],[-8,19],[-37,0],[-15,-27],[-22,15],[-11,24],[48,74],[-29,-9],[5,19],[-18,-37],[-50,20],[-57,-22],[0,-27],[-62,82],[-32,2],[38,-43],[-63,5],[12,28],[-24,-10],[4,30],[-19,5],[22,26],[-25,-15],[-19,-63],[-69,-9],[5,-35],[-86,55],[7,37],[107,-26],[8,14],[-45,13],[26,42],[-46,-42],[-33,64],[87,25],[-1,26],[81,9],[-10,34],[39,-8],[-29,19],[33,25],[-37,-7],[11,47],[31,-4],[-28,16],[17,51],[-29,-13],[19,85],[-18,38],[-53,-86],[-90,23],[49,48],[-35,-11],[-15,29],[51,43],[47,-5],[11,-22],[8,37],[21,-15],[-11,40],[33,37],[-9,36],[-45,7],[-9,44],[30,-25],[5,26],[24,-11],[-17,31],[33,11],[-8,58],[17,11],[49,-28],[-7,-75],[47,96],[25,-15],[-6,14],[-47,6],[-6,16],[-26,-2],[-34,26],[25,8],[-23,16],[11,13],[28,-10],[-20,49],[48,-61],[18,6],[-22,45],[18,1],[2,43],[-34,-14],[-8,27],[51,73],[18,-5],[29,40],[27,-13],[-69,-98],[20,2],[9,-120],[27,-10],[14,84],[53,-3],[14,25],[11,-39],[42,27],[-12,51],[48,34],[-73,9],[16,33],[-28,18],[24,26],[-13,18],[36,15],[-21,21],[13,34],[-59,-39],[42,86],[-13,15],[-13,-41],[-28,21],[-3,-19],[4,50],[59,44],[20,-29],[-19,-24],[36,-8],[-1,71],[107,87],[-24,32],[50,89],[16,-9],[70,67],[116,-44],[18,-50],[2,31],[84,34],[-105,8],[-72,46],[47,41],[-15,4],[-169,-81],[-31,8],[-82,-124],[-61,12],[-49,46],[3,59],[-40,-7],[15,-17],[-28,-37],[-59,14],[-14,44],[29,35],[-55,15],[-63,76],[2,37],[-47,10],[-39,46],[-11,101],[25,39],[155,-55],[22,41],[-56,69],[-8,68],[20,20],[-17,60],[42,79],[-1,77],[45,122],[-132,131],[25,20],[-10,92],[62,-35],[48,79],[63,-51],[46,26],[44,-13],[57,51],[69,2],[-8,-36],[-84,-65],[28,-53],[-9,-40],[46,12],[46,63],[62,-17],[32,-74],[80,87],[51,-7],[45,50],[-21,-66],[31,-15],[-13,-29],[75,-60],[-11,-30],[34,-40],[42,29],[63,-20],[-32,-24],[40,26],[-52,99],[28,46],[21,-60],[128,-3],[36,-35],[-13,-13],[45,9],[-22,97],[42,40],[63,-45],[33,6],[10,-38],[41,-24],[4,39],[-32,1],[-11,41],[8,87],[40,-1],[13,37],[76,51],[14,55],[-50,41],[-3,48],[38,69],[82,58],[31,-87],[39,-16],[-4,-42],[90,-12],[27,-40],[-8,-39],[-32,-21],[-67,8],[-15,33],[-39,-15],[22,-19],[-24,-256],[-28,-6],[-28,36],[-26,-81],[5,-41],[19,-6],[17,37],[47,-47],[-14,-54],[64,-114],[4,26],[92,0],[26,24],[1,114],[109,1],[31,-4],[-1,-89],[-48,-33],[-4,-44],[35,2],[12,45],[66,-32],[-13,-42],[24,22],[14,-59],[22,-9],[95,17],[12,31],[21,-27],[40,4],[2,33],[91,28],[28,-16],[-37,46],[35,-5],[44,27],[18,19],[-26,37],[45,44],[-29,-51],[78,4],[33,35],[2,48],[109,60],[132,-21],[122,-167],[-9,-22],[33,3],[3,-30],[15,35],[-2,-44],[7,35],[88,22],[-37,50],[68,59],[-22,115],[26,44],[66,20],[108,-27],[36,-43],[-37,-159],[3,-31],[47,-21],[14,-60],[-4,-125],[-30,-68]],[[84136,145532],[119,26],[-40,-76],[-44,-32],[-49,55],[-18,-59],[-73,17],[-92,-116],[-62,18],[55,100],[87,33],[15,55],[102,-21]],[[88770,145373],[-27,17],[-76,-26],[-11,-47],[30,22],[0,-29],[-35,-25],[-44,23],[-12,-24],[-24,5],[-10,85],[25,-1],[-21,42],[-45,3],[-7,27],[53,48],[-13,41],[-26,6],[11,36],[97,58],[29,-3],[20,35],[29,-12],[-2,-148],[25,-29],[57,5],[-22,-42],[47,-49],[-6,-19],[-42,1]],[[86401,145460],[-106,-10],[-5,-22],[-61,69],[-10,68],[40,14],[23,-26],[49,0],[21,29],[24,-34],[46,6],[-5,92],[102,-32],[-23,-35],[30,-23],[0,-109],[-83,-20],[-42,33]],[[94263,146239],[24,4],[-44,29],[6,24],[22,34],[29,-2],[-38,36],[-20,-39],[-45,18],[-95,-20],[-1,28],[-27,-35],[-19,27],[8,51],[43,28],[-48,8],[-28,56],[53,28],[36,-8],[10,53],[41,-5],[-36,92],[-37,34],[-2,-93],[-65,9],[-13,76],[-67,115],[4,57],[-73,106],[33,49],[60,-40],[60,21],[8,-23],[83,-37],[16,43],[51,11],[40,-28],[-36,132],[-45,60],[-48,1],[-29,46],[12,110],[44,62],[55,-6],[52,-179],[84,-3],[5,25],[-41,13],[-9,26],[1,48],[58,26],[-55,40],[5,54],[60,-1],[70,-52],[83,19],[3,19],[-115,71],[-86,16],[-13,-20],[-1,63],[57,55],[29,-15],[22,91],[35,3],[63,-43],[146,12],[55,-57],[88,-10],[26,-68],[-49,-118],[31,-108],[0,-108],[-113,-138],[120,-210],[-8,-86],[-17,-55],[-102,10],[14,-67],[-16,16],[-50,-30],[-3,42],[-1,-42],[-38,13],[14,-18],[-22,-35],[-21,45],[-30,-4],[12,-25],[-20,-7],[-27,84],[-12,-35],[-76,-42],[-8,34],[39,14],[-26,5],[6,51],[-19,-33],[-49,3],[3,21],[25,-3],[-17,16],[33,86],[47,-34],[-15,43],[38,9],[-44,92],[41,77],[-84,-35],[9,-36],[-32,-11],[12,-85],[-58,-9],[-16,-140],[77,-55],[32,-75],[1,33],[36,-5],[-3,-57],[11,31],[21,-9],[-2,26],[22,-6],[-12,-123],[74,-16],[27,25],[45,-76],[-174,-20],[-58,-34],[2,-48],[31,-13],[-26,-37],[37,-15],[-5,-22],[-55,8],[-10,57],[-100,10],[-14,25],[28,4]],[[91421,147661],[-12,-126],[-144,20],[-45,-107],[-99,17],[-40,60],[-58,26],[-57,-22],[-70,45],[-81,-7],[-46,37],[10,17],[105,-29],[3,36],[39,-28],[108,82],[93,-6],[-4,33],[44,32],[108,-10],[48,55],[33,-10],[65,-115]],[[91613,145509],[25,-5],[-12,39],[22,31],[18,-8],[-6,46],[31,-14],[-11,33],[24,46],[58,-18],[-30,32],[28,14],[-37,2],[-66,-62],[-30,65],[-14,-59],[17,-28],[-27,-13],[-28,33],[26,12],[-13,50],[-39,3],[1,60],[29,5],[-8,43],[36,-35],[8,34],[99,-41],[111,2],[14,-43],[4,21],[25,-12],[-25,30],[33,-1],[3,25],[40,-83],[44,-19],[-90,-164],[-84,-11],[-12,-49],[-83,1],[-72,-52],[-6,-33],[-41,-11],[3,-43],[-85,3],[-10,74],[16,13],[30,-22],[-28,59],[118,-13],[-74,49],[13,22],[55,-8]],[[92003,146084],[63,30],[20,60],[24,-22],[-10,-15],[-2,-41],[10,-5],[-7,45],[28,22],[-11,60],[27,30],[33,-39],[56,-20],[-23,66],[-49,26],[18,30],[-12,25],[53,50],[23,-60],[70,-25],[26,16],[108,-22],[6,32],[25,-5],[28,37],[101,-28],[-21,-35],[44,3],[-26,-27],[-86,-1],[35,-36],[-73,27],[-2,-22],[58,-20],[-31,-77],[18,-10],[19,35],[18,-12],[-46,-71],[64,61],[-60,-103],[-73,13],[-26,-54],[89,12],[-7,-47],[-35,-2],[13,-45],[-64,-22],[35,-8],[-1,-22],[-67,-50],[-46,-6],[25,36],[-14,28],[-71,-1],[-1,-54],[-36,-6],[-3,-28],[14,6],[-36,-70],[15,-42],[-74,21],[-23,86],[-47,-86],[-71,65],[-88,6],[-5,128],[47,54],[-14,26],[48,103]],[[84136,148780],[38,-27],[22,-79],[-27,17],[2,-47],[21,-10],[-29,-2],[-44,-69],[-139,19],[-8,44],[25,27],[-21,23],[42,61],[-9,43],[85,-31],[42,31]],[[84682,149537],[-21,-20],[35,-52],[-5,-62],[47,5],[5,43],[82,6],[23,-114],[-52,-53],[-42,16],[12,26],[-17,22],[-72,-26],[-53,59],[21,22],[-33,66],[15,38],[66,61],[43,5],[-54,-42]],[[85350,149994],[54,5],[11,49],[21,-38],[61,-3],[-27,50],[57,18],[11,25],[-23,47],[24,20],[-16,51],[9,-18],[-4,23],[26,13],[23,-24],[4,31],[48,-50],[34,51],[23,-38],[-39,-39],[23,3],[2,-24],[32,29],[9,-40],[38,29],[-25,-40],[42,3],[-59,-50],[1,-44],[40,-24],[-7,-57],[33,-29],[-36,-55],[23,2],[-14,-35],[93,-76],[50,17],[24,-31],[61,-10],[-42,-53],[-49,22],[-40,-21],[-43,-65],[-37,4],[-82,-74],[18,28],[-48,-27],[4,29],[-24,12],[-26,-29],[15,-17],[-49,-8],[11,-58],[67,-30],[-12,-34],[-28,-1],[13,-34],[-177,-78],[-38,32],[-81,-7],[-92,63],[-43,-25],[-36,24],[-8,-39],[-3,47],[-39,40],[26,37],[-34,-30],[-16,23],[-13,-23],[23,85],[-81,8],[2,50],[-27,-9],[-12,14],[19,13],[-44,-11],[19,33],[-65,-8],[-76,-96],[-6,47],[36,55],[-87,91],[19,19],[17,-16],[30,47],[15,-12],[71,93],[38,-20],[44,75],[-12,24],[28,-10],[57,73],[52,-1],[23,-30],[18,29],[20,-13],[15,37],[28,-30],[32,33],[8,-30],[29,-9],[-21,33],[31,30],[36,-43]],[[85597,148676],[49,-68],[36,19],[9,-28],[-30,-50],[13,-35],[51,-23],[12,-35],[39,20],[18,-36],[-15,-86],[-56,44],[-98,-69],[-1,-78],[46,-106],[-21,-91],[29,-30],[-32,-22],[33,-26],[-36,-19],[-5,-63],[-112,73],[-9,157],[-54,103],[23,102],[47,57],[-106,193],[-29,118],[51,65],[60,28],[88,-114]],[[84693,148724],[51,-47],[22,20],[3,58],[103,2],[46,-28],[12,17],[22,-11],[0,35],[20,-11],[54,52],[44,-17],[23,23],[47,-19],[5,24],[18,-5],[5,-66],[17,4],[-48,-77],[-36,9],[-23,55],[-80,-18],[-10,-32],[-29,33],[-46,-26],[7,-36],[28,1],[-23,-14],[27,-86],[-19,-9],[27,-10],[-17,-37],[79,-7],[35,-45],[24,34],[34,-44],[-7,-24],[-37,11],[-31,-92],[-114,77],[-116,-47],[-57,80],[4,28],[-65,6],[-51,-38],[-2,-89],[48,2],[-10,-20],[-34,12],[23,-27],[-39,11],[7,21],[-26,18],[-2,-29],[-38,-27],[-53,1],[-19,-32],[-49,29],[2,83],[-24,-4],[17,11],[-30,17],[62,52],[-18,26],[-44,-9],[-13,32],[-25,-5],[-37,-55],[-20,32],[-56,-9],[-38,22],[-21,73],[59,64],[51,-26],[-24,57],[54,70],[23,-4],[-13,-69],[55,-25],[-16,65],[84,78],[-42,33],[19,56],[38,-53],[47,54],[63,8],[12,-43],[-46,-20],[34,-21],[-38,3],[-9,-39],[41,-10],[-13,-29],[42,12],[57,-35],[13,15]],[[95043,151786],[-18,58],[15,11],[-126,59],[-48,48],[8,18],[-67,32],[8,41],[64,-59],[48,13],[144,-40],[65,21],[182,-95],[10,-82],[-36,-44],[9,-21],[-22,-4],[-19,-81],[25,2],[-3,-45],[49,-67],[28,12],[15,-46],[8,25],[-2,-54],[36,-9],[-11,97],[31,-16],[-26,38],[21,3],[32,-44],[-2,58],[44,-49],[65,17],[52,-36],[12,17],[56,-98],[-78,-115],[-42,-3],[-12,-32],[-24,24],[-19,-56],[-35,63],[-37,-24],[-20,33],[-23,-21],[-28,12],[-11,-34],[47,-4],[4,-28],[27,14],[11,-26],[-83,-65],[-43,27],[-65,-5],[-5,32],[-9,-46],[-17,41],[10,-49],[-36,-3],[-44,22],[-7,32],[-31,1],[53,-85],[-34,-77],[-107,-120],[-68,45],[-10,38],[48,45],[-90,100],[9,62],[34,-15],[35,53],[74,-31],[-16,50],[-35,-2],[-16,27],[21,98],[-33,19],[-13,56],[34,26],[48,-7],[-71,89],[5,48],[-21,24],[76,87]],[[89511,151789],[125,164],[-2,108],[27,92],[-40,183],[28,0],[41,72],[38,3],[24,56],[47,4],[20,33],[2,-85],[-31,-1],[2,-39],[59,-57],[-40,-8],[-1,-29],[-60,-34],[3,-27],[-19,21],[-12,-73],[22,-40],[58,10],[-74,-177],[90,-68],[29,-159],[-45,-124],[-21,-11],[-3,20],[-9,-21],[13,-33],[-31,-95],[10,-71],[91,-145],[-36,-52],[10,-33],[-22,28],[-30,-18],[0,-32],[32,11],[-18,-16],[15,-39],[30,-9],[-278,-81],[-102,80],[-140,46],[-13,31],[88,46],[47,123],[84,308],[-8,138]],[[92028,148328],[-55,-31],[-15,43],[45,17],[-31,21],[11,28],[-18,-12],[-20,24],[-35,-29],[44,-12],[-43,-61],[21,-21],[-30,-7],[22,-28],[-14,-27],[20,10],[9,-29],[-4,42],[21,12],[43,-45],[-16,-41],[28,-2],[-24,-70],[16,-100],[-29,-37],[-102,-44],[-26,13],[26,102],[84,-4],[15,55],[-83,86],[-28,-3],[-46,103],[23,29],[-27,-1],[-6,22],[73,7],[-33,8],[-2,37],[-29,16],[37,2],[-3,48],[101,-13],[25,33],[1,-25],[36,-1],[1,-99],[17,-16]],[[89831,150362],[-45,62],[22,35],[49,16],[-12,108],[85,13],[-20,29],[29,70],[-60,120],[41,12],[-21,18],[24,31],[-78,51],[9,42],[55,23],[3,45],[35,-40],[73,7],[67,-24],[175,86],[91,-12],[34,-42],[77,85],[74,-22],[16,25],[145,-10],[47,30],[-5,52],[36,27],[31,72],[-34,37],[26,17],[-37,67],[66,-10],[-27,65],[21,0],[4,49],[60,21],[42,-29],[60,3],[-19,-23],[26,3],[-15,-34],[24,13],[18,-31],[-66,-36],[11,-84],[-39,-13],[7,-26],[36,1],[0,-28],[-64,-121],[38,-46],[37,0],[-21,-26],[43,31],[31,-10],[29,32],[-28,27],[29,85],[41,56],[31,-12],[20,42],[-77,138],[11,15],[-43,14],[10,33],[60,-23],[17,-47],[96,4],[58,-58],[-14,78],[25,-23],[63,9],[77,76],[-32,110],[-61,-27],[-7,51],[-41,16],[-12,-26],[-58,-18],[-40,29],[-17,-28],[-53,22],[-18,-31],[-52,-8],[7,27],[-36,-24],[-57,71],[115,14],[9,20],[-23,17],[26,-18],[7,15],[-15,41],[-118,55],[70,44],[-4,49],[21,14],[72,-33],[-5,-36],[-29,-16],[27,-7],[35,31],[27,-31],[67,86],[63,38],[116,-11],[53,22],[12,-80],[46,-56],[-45,-67],[82,-86],[-24,-28],[-55,28],[-31,-24],[54,-31],[-7,-38],[42,-8],[-15,-35],[32,11],[19,-36],[-18,-50],[-48,-29],[-4,-64],[-60,-27],[-6,-35],[72,30],[22,-67],[-20,-14],[79,-47],[39,-70],[46,9],[-2,-20],[-58,-50],[-73,15],[-107,-84],[-43,10],[-58,-41],[6,-143],[-67,-60],[43,-88],[-118,32],[-149,-38],[-53,-65],[-16,57],[-62,27],[-25,-21],[30,-107],[89,-51],[46,-104],[65,-17],[18,14],[6,-42],[-66,-101],[0,-36],[-16,19],[-35,-27],[-74,31],[-91,-48],[-46,30],[-26,-30],[-39,22],[6,-44],[-53,9],[17,-27],[51,-6],[33,-114],[63,-18],[-29,-45],[-78,-35],[-56,12],[-74,-60],[-37,44],[19,38],[-12,50],[-3,-26],[-74,-21],[-64,12],[-81,-9],[8,-17],[64,19],[40,-24],[47,10],[-39,-52],[57,-102],[45,22],[63,-16],[-23,-43],[26,1],[1,24],[94,-89],[4,-34],[-43,-48],[-6,-118],[-48,-22],[-54,-90],[-83,-18],[-37,-153],[-72,-101],[-38,-13],[-15,-50],[-50,-26],[-1,-47],[-48,-53],[-5,-48],[-69,-116],[-106,17],[-49,-19],[-22,-61],[32,-13],[19,30],[-24,-69],[-19,-11],[-17,31],[-35,-15],[-45,-55],[-22,-95],[-121,-111],[-145,-46],[-74,-76],[-183,-43],[-153,-120],[-204,-44],[-54,-32],[-44,22],[-24,-13],[-24,57],[-84,67],[-192,88],[41,10],[33,62],[64,36],[-8,73],[-39,5],[-24,-26],[40,99],[-54,35],[-10,34],[68,82],[25,-32],[-25,-49],[41,24],[46,-15],[25,-93],[74,-84],[-43,-38],[-10,-49],[28,3],[46,67],[27,-28],[-36,-46],[32,-35],[55,-2],[25,26],[37,-20],[44,42],[37,-52],[39,40],[39,-47],[19,43],[15,-79],[35,2],[6,-29],[26,13],[-6,57],[22,-3],[35,43],[-23,83],[55,28],[3,72],[-76,27],[-112,-41],[-9,53],[-111,61],[-55,65],[15,27],[-25,0],[22,48],[-24,142],[11,44],[35,26],[-8,32],[53,-9],[-15,50],[72,3],[8,48],[42,17],[11,57],[50,32],[68,-2],[51,-35],[18,41],[43,-15],[13,-49],[130,-102],[31,-63],[33,42],[-50,40],[-33,138],[43,-10],[60,-109],[6,35],[23,-1],[39,49],[31,-26],[13,33],[-55,19],[-56,-40],[-15,54],[-50,22],[42,42],[-15,17],[35,-1],[1,38],[-36,-18],[-34,42],[-34,-30],[-28,5],[-3,47],[-35,-2],[-20,-38],[-47,25],[-5,56],[-62,37],[75,27],[15,70],[-117,76],[58,41],[-50,59],[52,43],[-29,76],[47,-36],[62,-8],[43,33],[56,4],[35,46],[52,-21],[-17,71],[-68,-8],[-7,33],[32,11],[15,67],[52,-17],[173,44],[6,-40],[32,-13],[56,42],[-38,35],[34,38],[-15,33],[-45,31],[-23,-22],[-33,14],[31,29],[3,42],[-63,12],[48,16],[-28,33],[27,33],[-55,13]],[[122990,139895],[-75,-31],[-28,-64],[23,-25],[-49,-18],[-32,14],[43,-33],[-31,8],[-3,-22],[-27,36],[-62,3],[-9,-23],[-42,31],[-27,-7],[0,39],[40,22],[-57,2],[12,18],[-52,10],[-2,33],[-25,5],[33,25],[29,-29],[49,15],[-31,22],[20,32],[-58,-20],[-16,29],[74,9],[-1,24],[38,-10],[25,46],[11,-66],[38,31],[14,-13],[-14,-42],[113,-11],[36,49],[53,-9],[-18,-11],[24,-61],[-16,-8]],[[117188,121337],[20,-173],[-100,130],[-94,177],[46,95],[37,25],[-11,47],[20,25],[65,-21],[-34,-46],[58,-104],[2,-36],[-33,-4],[-13,-30],[13,-67],[24,-18]],[[123679,141197],[-58,-25],[-59,-81],[-17,-49],[15,-41],[-58,-1],[-28,31],[-97,-37],[-30,20],[-49,-50],[-2,-53],[42,-14],[-20,-9],[14,-44],[60,-18],[-16,-84],[26,-2],[-9,-22],[-96,42],[-49,60],[-61,-9],[10,-73],[-55,-54],[-12,-107],[39,-70],[85,-13],[-20,-46],[39,-32],[-46,-9],[-27,-63],[-24,48],[-36,-22],[-5,-28],[22,-4],[-32,-10],[0,19],[-5,-17],[13,-27],[-45,-5],[-31,30],[-28,-15],[10,30],[-22,-14],[-34,23],[60,14],[-25,46],[-88,39],[-18,33],[-18,-12],[12,18],[-40,32],[41,13],[-45,25],[-49,-55],[-4,21],[-29,-19],[23,34],[-76,-43],[-6,-65],[22,-20],[-44,-22],[45,-23],[-27,-25],[32,-38],[-11,-22],[-31,2],[12,-39],[-24,4],[-39,-45],[-25,17],[17,21],[-42,-7],[-37,-46],[-20,14],[-45,-28],[-13,-53],[-40,8],[-17,-33],[-46,-9],[8,-46],[-28,-24],[36,-43],[-37,-28],[19,-74],[-32,-37],[-63,32],[11,159],[-44,19],[-79,-16],[5,-43],[-26,3],[5,-35],[-55,-51],[0,-136],[-38,-28],[-1,43],[-31,16],[-62,-24],[6,-68],[113,-32],[-49,-19],[-42,19],[27,-86],[13,8],[-9,-33],[-42,-9],[6,-44],[-60,13],[-43,40],[-23,-15],[-61,15],[30,-44],[50,-4],[17,-119],[18,22],[16,-11],[-12,88],[37,-12],[-2,-43],[37,65],[10,-21],[71,45],[46,-50],[-6,-96],[-61,-25],[3,-47],[-60,-26],[-15,-44],[15,-26],[-49,-36],[25,-38],[-6,-45],[28,-4],[-17,-46],[-41,-11],[-9,-40],[-27,-11],[-36,28],[-30,-11],[47,-103],[-13,-25],[-59,-31],[-49,8],[-56,-78],[-16,-78],[-116,-21],[-39,16],[-164,-35],[-43,35],[-43,-25],[-134,-154],[-140,-220],[-155,-408],[6,-155],[79,-138],[-29,-51],[44,6],[6,-18],[-81,-51],[-10,-59],[21,-63],[-57,-54],[11,-30],[-21,-22],[68,-9],[-33,40],[27,14],[-12,41],[27,17],[36,-1],[-23,-4],[5,-18],[80,1],[-24,52],[11,27],[-25,-11],[-26,26],[68,29],[23,-75],[44,3],[-28,-59],[48,62],[-9,-78],[37,-6],[-24,127],[18,10],[-34,8],[33,20],[-3,29],[47,16],[25,-11],[-11,-37],[33,0],[17,25],[39,-19],[45,62],[-38,-63],[16,-9],[-20,-24],[15,-100],[-30,-86],[26,0],[6,-22],[40,18],[13,-17],[104,0],[34,-32],[0,-33],[28,-2],[-30,-32],[37,-49],[-64,7],[0,-59],[-23,7],[13,-17],[-39,-34],[-25,29],[-70,13],[-3,-26],[35,-26],[-15,-6],[28,-6],[4,-25],[-25,-4],[17,-12],[-27,-17],[-76,20],[19,-54],[-25,-4],[7,-17],[-106,-58],[-33,18],[-42,-11],[39,-38],[-51,-53],[-18,15],[-93,-20],[-37,41],[-28,-8],[-24,44],[-46,-8],[-4,38],[51,95],[-31,37],[-60,-52],[-30,13],[-20,-77],[-6,70],[-23,12],[-28,-38],[32,50],[-16,21],[-27,-21],[-58,5],[-13,26],[-55,-74],[-12,-101],[44,-19],[-26,-7],[0,-23],[33,-19],[-52,-5],[-36,-34],[-42,-125],[7,-41],[53,-9],[-30,-88],[59,-53],[-94,-96],[-26,11],[-86,-48],[127,-69],[20,79],[160,160],[41,-24],[-2,-80],[-83,-76],[19,-33],[192,109],[-40,29],[21,148],[-13,-117],[45,-27],[-4,-33],[28,4],[-7,-35],[22,-11],[-24,-9],[32,-6],[-31,-20],[27,-2],[-16,-34],[47,0],[-19,-23],[13,-14],[-47,-36],[13,-27],[-142,29],[-51,-23],[-52,18],[-60,-28],[1,-23],[-8,22],[-43,-9],[15,-35],[163,20],[10,-17],[44,22],[76,-118],[26,32],[66,19],[20,38],[62,-65],[-24,21],[7,-24],[-16,15],[-14,-23],[23,-7],[-68,-9],[50,-50],[-101,6],[-33,-33],[-84,0],[-5,-24],[30,-4],[-62,-28],[31,-16],[-104,-18],[-17,30],[-71,-9],[-41,32],[-21,-38],[37,-16],[-11,-15],[-46,18],[-90,-46],[-16,-93],[-82,-170],[-25,-11],[-14,-110],[-30,-37],[18,-1],[-7,-84],[16,-26],[30,5],[12,-72],[-48,-1],[-55,-44],[7,-25],[-71,-39],[-23,-70],[17,-19],[-23,-69],[58,-38],[-22,-40],[50,-3],[-15,-18],[21,-23],[-22,-13],[22,-5],[-18,-12],[25,-9],[-19,-15],[20,-23],[-53,-36],[-36,20],[-19,-43],[-31,-11],[-24,4],[-13,37],[-54,-9],[-10,-25],[79,-20],[-23,-5],[-23,-56],[-28,7],[-32,-82],[-112,-100],[-193,-423],[-145,-430],[-10,-176],[-49,-46],[-14,-51],[27,-57],[35,-2],[-15,-149],[-37,-118],[-58,-71],[-130,-372],[-90,-343],[3,-106],[-44,-123],[31,-4],[-33,-4],[-44,-85],[-55,-206],[-39,-260],[14,-70],[-16,-53],[-28,-11],[-17,-157],[-47,-53],[-135,-336],[-201,-747],[-59,-122],[-164,-550],[-311,-1161],[44,-58],[-26,28],[-16,-12],[-12,-38],[36,-3],[-13,-23],[-17,17],[-14,-33],[61,-19],[-69,3],[-9,-43],[25,-5],[1,36],[56,-13],[0,39],[6,-12],[-14,-70],[38,-56],[-38,54],[-76,8],[-18,-66],[20,-29],[-25,11],[-13,-73],[114,-21],[158,148],[-156,-151],[-51,10],[-61,-268],[-41,5],[-61,-212],[20,-62],[65,-6],[8,20],[-28,-115],[8,42],[-53,-4],[-53,-71],[-27,-272],[4,-287],[-23,-74],[42,-266],[129,-164],[113,-42],[-29,-58],[6,-51],[17,5],[30,-10],[-27,6],[-8,-20],[44,-25],[16,24],[72,-140],[66,-19],[27,17],[13,-25],[-141,-288],[-28,-84],[15,-60],[-83,2],[25,-47],[-43,0],[-22,-51],[-8,-61],[88,-161],[-14,-25],[-36,7],[-12,30],[32,19],[-20,12],[-102,-121],[11,-50],[48,-45],[-17,-39],[27,-77],[-60,-24],[-7,-25],[-49,4],[32,-58],[-33,-28],[-17,-75],[62,-74],[-52,-11],[10,-50],[-39,-3],[-15,-48],[21,-40],[66,-22],[0,-19],[50,11],[39,-99],[-234,-77],[-21,-31],[73,-84],[-52,-12],[3,-68],[75,-26],[57,26],[23,-148],[-77,-33],[24,-28],[38,12],[19,-81],[47,9],[-2,-54],[34,-71],[-67,-11],[-46,36],[-44,-6],[-24,-85],[-48,-35],[130,-95],[-17,-47],[-36,-12],[-24,-90],[-53,12],[-87,-121],[-136,-46],[-71,-61],[-115,-33],[-73,-100],[-125,-235],[69,-155],[-6,-17],[-32,9],[15,-132],[-74,-81],[18,29],[-21,12],[-4,74],[-40,-16],[40,28],[33,1],[13,63],[-30,-13],[-4,57],[-23,-3],[22,7],[-5,36],[-35,3],[2,-28],[-25,24],[-4,-24],[-16,26],[-7,-25],[57,-28],[-73,-1],[7,-115],[-39,-84],[-83,-34],[16,-31],[61,-14],[14,-43],[-33,-26],[-61,17],[-37,-19],[29,20],[-10,26],[-33,0],[-45,-43],[48,-9],[-53,6],[-29,-38],[5,-158],[73,9],[-9,-25],[-41,7],[8,-53],[18,-6],[21,31],[24,-22],[17,24],[-32,-56],[-38,-28],[24,-36],[-32,-53],[-35,27],[-22,-19],[25,-36],[-8,-80],[28,-31],[32,27],[15,-18],[1,-25],[-32,-15],[13,-40],[-45,-19],[-5,-25],[24,-79],[24,-14],[-33,9],[-54,56],[-1,73],[-54,-4],[-35,-21],[64,-71],[-42,-43],[-15,-66],[174,-70],[14,-62],[-23,-7],[-27,-61],[23,-14],[32,37],[4,-29],[-45,-24],[-6,-31],[62,15],[22,-104],[-46,-22],[-40,-65],[-109,-21],[-172,-109],[-16,-121],[17,-130],[94,-80],[-11,-16],[27,-30],[21,-198],[-20,-130],[-61,-56],[-15,-68],[-117,-22],[-49,-30],[-7,-38],[-91,-10],[-42,-38],[-32,-111],[63,-76],[-2,-32],[-158,1],[-24,-39],[15,-29],[29,8],[-35,-16],[-10,-67],[20,-119],[27,-41],[122,-58],[80,-73],[-18,-95],[-93,-76],[-89,-13],[-175,73],[-95,112],[-25,226],[-72,77],[-167,-90],[-36,66],[-35,8],[-51,-80],[-83,-54],[-78,9],[-190,-41],[-127,20],[-150,146],[-51,210],[-52,43],[20,45],[-2,119],[114,77],[-28,98],[-48,44],[-84,23],[-36,-68],[-45,-31],[-18,124],[-26,9],[-83,130],[-82,49],[-26,-13],[-9,29],[-18,-11],[26,47],[-31,56],[-18,-42],[-26,7],[10,79],[-121,41],[-214,18],[-51,-36],[6,-67],[-54,-4],[-55,34],[4,46],[-35,63],[-25,3],[-17,-29],[-35,47],[-35,-7],[3,38]],[[113657,120359],[38,57],[-12,24],[32,123],[-18,156],[35,81],[73,81],[-28,43],[14,51],[125,104],[249,88],[51,98],[-8,192],[19,29],[-60,120],[23,45],[-42,84],[14,46],[-110,130],[68,38],[24,48],[57,21],[29,48],[-24,36],[39,32],[36,141],[-109,246],[-73,56],[-81,107],[-17,86],[29,81],[38,38],[-24,111],[-128,37],[-7,51],[-119,56],[-19,62],[-57,35],[-19,-48],[-59,10],[-33,-16],[-8,-32],[-65,-15],[-11,-53],[-106,6],[-53,-43],[-149,-20],[-72,64],[-69,-18],[-65,60],[2,36],[-74,40],[-95,114],[-95,44],[-66,101],[-85,40],[-55,65],[-104,-44],[-38,-122],[-140,-167],[-20,-87],[-42,-14],[-32,62],[9,40],[-48,6],[-23,33],[10,88],[-50,112],[-104,118],[-86,20],[-73,65],[28,27],[-22,40],[41,51],[-38,-12],[-38,25],[46,113],[-43,54],[26,49],[-27,57],[25,-5],[51,88],[-130,112],[-29,53],[6,51],[-53,-3],[-17,50],[41,60],[24,131],[-23,230],[1,64],[24,33],[-15,37],[-25,26],[-73,-31],[-45,37],[-118,-54],[-101,85],[-51,-24],[-40,31],[-76,-1],[-11,112],[21,53],[62,41],[-18,7],[5,44],[78,-31],[45,93],[-22,108],[-43,37],[-93,-26],[-48,63],[-74,35],[-74,-54],[-228,50],[-258,22],[-76,87],[-21,119],[-76,15],[-19,81],[-33,9],[-73,-68],[-110,5],[-150,89],[-94,-8],[-29,118],[-65,41],[-4,51],[16,153],[56,21],[-1,63],[-40,54],[3,42],[-56,53],[17,24],[113,22],[55,49],[13,44],[-20,26],[-1,140],[63,120],[32,152],[113,106],[54,9],[63,-32],[37,40],[-52,32],[-130,-33],[-53,33],[-22,96],[-54,79],[19,20],[-10,27],[-80,124],[9,51],[-58,46],[-6,98],[-59,18],[-75,94],[-41,-2],[-56,98],[-83,10],[-34,58],[-174,29],[-41,46],[-355,-23],[-147,138],[-77,2],[-1,112],[22,54],[-66,82],[-26,129],[-146,98],[-28,63],[-11,148],[-36,102],[-16,285],[-213,135],[1,49],[-43,34],[14,26],[-19,35],[-23,-15],[-140,52],[-7,103],[-48,0],[-79,95],[-466,173],[1,302],[36,50],[90,28],[47,63],[26,55],[1,92],[46,64],[-9,34]],[[107582,130728],[98,17],[104,115],[65,-66],[-15,-60],[44,-53],[49,68],[84,32],[107,-118],[107,78],[74,-20],[43,25],[50,-40],[415,-4],[159,-69],[26,73],[68,60],[154,67],[76,-52],[64,5],[119,-76],[79,50],[82,197],[100,29],[30,76],[258,74],[49,105],[38,-7],[35,26],[55,-63],[52,9],[30,-79],[157,-43],[10,-41],[70,-67],[154,58],[71,-58],[86,-11],[83,77],[178,11],[-28,116],[32,147],[246,179],[41,60],[4,67],[-48,33],[74,27],[62,160],[137,79],[131,-86],[63,39],[154,-19],[55,-48],[9,-46],[46,-52],[58,28],[40,-79],[88,-53],[18,22],[106,18],[56,48],[176,-98],[175,-33],[4,30],[64,63],[95,36],[-19,95],[-85,109],[16,54],[-15,60],[28,35],[-19,69],[31,89],[-59,62],[5,99],[-88,56],[-137,20],[-79,147],[-16,97],[-116,72],[36,182],[-34,-1],[-165,147],[-106,-5],[-35,-23],[-59,65],[-15,158],[24,55],[44,49],[57,3],[50,41],[-9,123],[-52,69],[9,113],[39,25],[77,-9],[119,-58],[41,-46],[112,13],[5,55],[96,80],[17,58],[46,14],[78,185],[70,103],[68,207],[68,42],[12,47],[-93,97],[-23,89],[-128,145],[-100,15],[-190,124],[12,119],[38,97],[41,34],[-57,65],[-22,76],[-66,21],[-3,66],[57,50],[-5,76],[-42,58],[-24,126],[-339,12],[-53,125],[-94,78],[-68,173],[-112,119],[3,49],[-51,100],[8,191],[-38,55],[43,68],[-29,42],[15,62],[-35,58],[3,43],[-48,51],[-50,114],[29,129],[-14,68],[19,215],[80,7],[45,61],[99,24],[-22,114],[12,56],[-19,74],[-61,88],[-14,86],[81,105],[162,-4],[45,22],[25,84],[-42,83],[24,107],[41,50],[-11,89],[23,40],[119,86],[106,-30],[39,11],[83,-40],[88,13],[53,-49],[174,-51],[114,-3],[119,54],[-34,59],[5,59],[104,38],[37,88],[49,36],[-15,50],[28,52],[-61,68],[-4,186],[54,133],[-11,60],[-48,42],[0,108],[110,38],[48,157],[39,9],[10,52],[133,110],[42,88],[4,101],[72,23],[37,38],[90,-36],[2,-40],[67,-59],[168,3],[11,44],[-29,24],[24,49],[-42,91],[47,49],[0,127],[63,74],[-13,56],[35,56],[-38,47],[10,35],[208,215],[160,80],[79,-23],[264,246],[50,6],[-13,146],[39,80],[38,-1],[41,51],[52,130],[-165,185],[39,60],[111,33],[-5,120],[22,82],[120,92],[-5,75],[31,76],[-30,26],[39,41],[66,-3],[35,45],[1,94],[103,-37],[46,74],[136,44],[79,-59],[138,29],[131,-26],[164,11],[92,70]],[[97858,131819],[-13,72],[38,-15],[42,35],[-65,37],[30,61],[-24,26],[66,-35],[28,34],[-63,79],[28,-5],[-6,30],[54,11],[25,42],[12,-33],[62,37],[10,-91],[48,-42],[39,12],[10,-42],[-25,-40],[-41,42],[-36,-9],[88,-101],[44,-9],[27,-34],[31,5],[32,-72],[-10,-19],[-36,11],[20,-49],[-46,-20],[46,-50],[3,-55],[-128,160],[-2,47],[-74,96],[-79,-14],[-55,-123],[-23,-139],[-52,69],[14,41],[-19,50]],[[99590,133600],[40,-45],[46,-7],[33,-89],[-69,-71],[-146,-35],[-42,54],[-3,42],[25,61],[116,90]],[[105541,141508],[17,52],[258,15],[6,-62],[-22,-15],[29,3],[-17,-8],[16,1],[5,-3],[10,-86],[-17,-1],[12,44],[-8,44],[-4,-5],[-29,-2],[0,-14],[-130,-11],[-2,20],[-121,-10],[-3,38]],[[104058,138077],[10,34],[-24,4],[10,15],[-44,66],[-2,57],[41,10],[-30,38],[19,29],[-54,45],[6,43],[34,56],[-7,34],[23,20],[11,-23],[37,9],[0,44],[37,47],[12,-20],[29,51],[101,-120],[-4,-86],[37,11],[60,-91],[-228,-306],[-9,-95],[-88,-103],[-18,40],[45,74],[-22,20],[24,25],[-6,72]],[[104430,138619],[28,6],[-30,-1],[1,50],[-28,32],[-21,-27],[-32,23],[-91,-26],[31,53],[-37,-1],[28,28],[-22,40],[51,15],[-140,82],[142,56],[6,-40],[39,29],[-9,31],[69,18],[77,-9],[23,-27],[7,16],[89,-28],[28,12],[1,-23],[22,18],[24,-28],[-24,-60],[27,-135],[-136,-115],[-102,-145],[-71,-22],[-33,107],[83,71]],[[103564,135255],[43,40],[53,0],[-62,-24],[-23,-105],[-20,21],[-30,-7],[-8,-46],[-43,-4],[-23,-63],[-50,-15],[-27,31],[14,68],[61,85],[-45,41],[-118,37],[-3,34],[26,15],[-49,99],[48,17],[-33,20],[38,-3],[-2,35],[40,41],[46,-56],[75,-33],[39,-101],[-28,-95],[59,-40],[22,8]],[[102346,134673],[77,109],[71,-8],[40,33],[21,-24],[11,81],[31,13],[21,-38],[-50,-42],[-8,-42],[96,-49],[107,63],[42,-46],[-8,-60],[-72,-74],[-10,-44],[-70,-28],[-53,-145],[-110,-108],[-10,-42],[-81,-61],[-60,5],[-14,-43],[-6,21],[-37,2],[-105,-115],[-8,30],[-99,24],[-45,-34],[-38,24],[-45,-20],[-83,14],[-48,-50],[-26,13],[119,106],[57,13],[-1,-26],[30,-18],[-2,35],[93,102],[29,-26],[49,27],[3,-101],[38,24],[43,63],[-13,58],[26,139],[-66,-23],[-6,95],[63,61],[0,29],[20,10],[-3,-19],[30,-10],[18,38],[-24,-17],[0,21],[24,33],[25,-13],[17,40]],[[101931,134672],[32,7],[-3,46],[19,-6],[15,28],[35,9],[37,-45],[-7,25],[34,-4],[9,22],[-33,-6],[-58,62],[-53,-45],[-62,28],[-98,-10],[-16,108],[-22,6],[37,74],[28,-12],[-1,29],[90,-88],[37,21],[5,145],[17,2],[-14,-53],[32,17],[23,-15],[12,39],[5,-26],[22,23],[7,-24],[14,37],[1,-38],[30,7],[-57,-45],[53,-32],[4,-73],[26,76],[19,-14],[5,64],[24,-15],[-22,-103],[34,11],[10,31],[48,-20],[-18,-39],[23,-11],[-22,-20],[66,-12],[57,30],[-42,-134],[-50,-15],[-82,24],[-49,-21],[8,-34],[-85,-71],[-34,12],[12,44],[-25,6],[-43,-53],[-53,-23],[19,74]],[[97642,134052],[-41,32],[-53,-17],[-8,15],[10,45],[-20,20],[31,53],[-13,121],[-28,14],[-42,-93],[-32,0],[-4,91],[-75,23],[11,40],[-22,40],[-49,-2],[30,45],[-19,57],[28,21],[19,81],[-49,71],[-38,159],[35,107],[102,143],[9,45],[57,59],[-23,-37],[58,0],[37,44],[-2,72],[-87,20],[113,123],[18,65],[-24,10],[29,7],[-14,27],[31,-4],[-20,33],[73,37],[-82,43],[105,110],[-6,28],[-45,22],[29,6],[-16,17],[27,50],[-8,36],[37,41],[-19,8],[34,7],[6,88],[153,155],[123,247],[143,184],[-18,76],[24,62],[-99,33],[0,149],[3,-146],[96,-34],[49,107],[-63,-8],[-30,-72],[33,98],[-48,20],[49,-16],[39,111],[76,-14],[18,38],[-96,289],[-66,34],[10,43],[-33,88],[-55,39],[-39,-23],[-201,154],[177,130],[72,6],[98,-32],[26,-36],[6,-46],[30,-27],[4,-17],[-46,-60],[-18,15],[32,9],[29,41],[-27,26],[-17,49],[-57,-52],[-34,10],[34,-30],[-30,-41],[32,-50],[-15,-26],[63,-72],[63,-30],[16,-46],[23,1],[64,53],[81,-18],[129,19],[67,82],[201,65],[268,211],[162,56],[35,117],[32,-32],[81,12],[79,-25],[-5,-19],[26,-14],[19,3],[-21,34],[156,31],[28,24],[153,1],[41,20],[52,-19],[158,17],[149,-47],[-12,-45],[53,-37],[5,-43],[-35,-66],[44,44],[64,-54],[52,7],[-85,-94],[-7,-69],[28,-104],[-37,-9],[-29,-81],[50,27],[64,-90],[-24,-56],[15,-28],[-81,-139],[72,-143],[113,-114],[-38,-102],[50,-3],[2,18],[28,-45],[-86,-47],[2,-15],[59,19],[-7,-49],[-44,-3],[32,-11],[-4,-25],[-132,-109],[66,28],[45,-29],[-48,25],[-28,-20],[44,-34],[-30,-8],[-1,-28],[55,4],[-1,-48],[-38,-51],[39,10],[27,-112],[48,-72],[25,-121],[-36,-24],[14,-28],[31,31],[39,-52],[46,-10],[-4,-63],[-47,33],[-105,-27],[15,-29],[62,13],[-19,-97],[-105,-44],[-29,-93],[-34,3],[-10,-57],[52,-7],[14,-31],[-18,-58],[12,-69],[-38,-44],[-75,-20],[85,-45],[72,158],[26,-19],[19,42],[158,-59],[9,-21],[-33,0],[8,-18],[-36,-41],[84,15],[27,-87],[-72,-5],[-22,-43],[10,-65],[48,33],[-2,-73],[28,-2],[8,-65],[30,-25],[-11,-41],[-44,14],[-40,-22],[-33,-95],[-82,-37],[18,-66],[-68,-83],[32,-187],[-46,-53],[-33,-4],[-24,-89],[39,-34],[-70,7],[4,-49],[-82,15],[-110,-162],[-81,-49],[-95,-2],[-68,104],[-1,86],[19,11],[-29,37],[33,-11],[-23,36],[31,-12],[-6,55],[21,-26],[-3,33],[30,26],[-15,19],[41,11],[-10,24],[31,5],[16,50],[-43,22],[-151,-167],[-32,25],[-8,88],[-17,-21],[-11,19],[-18,-11],[16,-47],[-45,-32],[64,-146],[-68,36],[-1,-35],[-49,13],[30,-73],[17,1],[-31,-32],[59,-56],[-114,-15],[-22,33],[26,17],[-45,9],[9,27],[-49,8],[23,-105],[-11,-14],[-7,33],[-33,16],[17,-63],[-31,-8],[30,-46],[-33,-20],[17,-45],[-18,-71],[34,1],[9,25],[15,-36],[15,6],[14,110],[4,-43],[31,-29],[14,12],[-17,37],[29,-29],[34,32],[147,-13],[30,-25],[13,-68],[-52,-45],[-29,-62],[-79,-55],[-49,-6],[-29,-45],[-53,12],[-13,-37],[-55,90],[-37,8],[-17,66],[-1,-44],[-28,4],[-42,-54],[21,-10],[-87,-50],[-129,-161],[-39,-94],[-47,13],[-28,-28],[42,-73],[-14,-35],[-24,5],[-37,-90],[-46,29],[-33,-21],[-77,-5],[-36,21],[-18,-15],[-5,-17],[35,-20],[-12,-40],[31,-14],[-20,-26],[60,-19],[-4,50],[72,3],[-7,-64],[-38,-18],[27,-30],[6,-114],[-52,-98],[-40,34],[-75,-71],[-14,102],[-36,4],[14,31],[-44,42],[23,34],[49,-52],[-54,88],[42,-26],[45,51],[-54,-20],[-28,13],[4,20],[-55,-5],[11,-24],[-44,-3],[-19,-135],[64,-54],[-75,-42],[-10,-54],[-37,28],[-26,-30],[78,-60],[116,-22],[-76,-20],[-44,-104],[-54,28],[3,-54],[-46,19],[-61,-25],[-45,17],[-35,-23],[-46,21],[-24,-55],[-101,-44],[-41,-95],[-22,13],[15,38],[-31,45],[27,50],[-9,24],[-46,-9],[-29,51],[15,-53],[-27,-4],[52,-25],[-33,-13],[-42,77],[-37,17],[4,54],[-51,-35],[-10,20],[10,-88],[48,-102],[-15,-118],[-28,-7],[-4,35],[-29,11],[6,-68],[-27,-13],[-27,42],[2,-46],[-42,3],[14,-32],[30,-1],[-26,-37],[-130,15],[-1,56],[19,14],[-20,9],[13,53],[-17,-1],[-17,70],[-40,-17],[24,-32],[-25,-41],[-94,-54],[-1,-47],[-30,11],[11,49],[-32,35],[-100,21],[-4,46],[53,10],[6,35],[47,43],[13,131],[-30,23],[-3,38],[46,11],[8,59],[43,-57],[15,48],[-17,22],[44,-18],[-37,-165],[32,13],[2,41],[18,-25],[24,100],[72,54],[-49,270],[-27,14],[-37,-16],[-16,20],[17,40],[-40,-39],[32,-35],[-29,-45],[-64,-2],[-38,64],[-30,-55],[2,64],[-34,6],[-29,-24],[-22,26],[50,69],[61,16],[-12,18],[40,46],[35,-2],[-35,21],[12,52],[-41,-1],[-4,-75],[-81,-41],[-58,-78],[8,53],[-44,20],[-82,-89],[-51,-16],[-89,62],[49,34],[1,55],[49,71],[-7,27],[98,206],[85,68],[19,50],[-12,26],[84,101],[-26,32],[70,-1],[47,56],[50,-4],[96,169],[180,55],[31,-22],[-19,-44],[48,-25],[-29,-33],[-3,-111],[35,-36],[31,3],[28,-95],[-35,-59],[32,-22],[71,75],[-20,56],[-53,22],[43,3],[19,27],[-42,45],[-57,-23],[31,44],[-24,57],[23,62],[-48,25],[69,11],[20,49],[73,-43],[31,57],[22,-84],[19,-5],[1,39],[65,75],[21,-53],[-34,-68],[-48,-26],[11,-33],[30,22],[1,-15],[-50,-33],[31,-2],[32,-67],[25,4],[-3,-59],[-25,-31],[36,-12],[-5,-49],[32,-12],[35,34],[32,-18],[17,15],[25,-47],[25,65],[-13,60],[61,50],[-54,28],[24,24],[-53,83],[79,-13],[-1,25],[67,56],[-65,73],[137,87],[-62,22],[-119,-113],[-89,-21],[-38,97],[-113,16],[-80,76],[-34,-32],[-17,-129],[-68,-35],[-29,17],[-3,38],[-40,13],[25,65],[-24,83],[-36,-17],[9,-29],[-11,22],[7,-27],[22,-14],[-13,-42],[-45,3],[-6,-19],[-51,19],[-2,71],[-76,-8],[-33,-53],[-50,35],[-17,53],[4,-106],[-59,-5],[18,-42],[-17,-12]],[[102531,135037],[-7,-43],[-81,-47],[-41,26],[-12,53],[-12,-14],[-37,29],[10,76],[112,34],[2,-53],[-25,-30],[50,16],[41,-47]],[[101136,135499],[-24,-26],[17,-52],[-17,-41],[-125,-48],[-131,13],[18,51],[21,-6],[7,59],[26,-10],[27,32],[-7,57],[74,4],[15,-28],[6,99],[-17,-24],[-43,1],[15,25],[-14,55],[26,-2],[-17,46],[33,15],[-24,7],[-23,93],[-23,15],[-34,-41],[-25,41],[-35,6],[-1,35],[-30,-2],[-47,49],[2,-43],[43,-52],[-45,-53],[-45,1],[-27,53],[-32,10],[14,28],[-36,91],[10,28],[-130,101],[-10,96],[-62,86],[-9,90],[16,13],[-20,-2],[0,49],[20,19],[70,4],[75,71],[77,-1],[15,39],[81,10],[-4,22],[83,-12],[8,31],[48,12],[19,43],[91,23],[57,46],[49,78],[-19,-6],[5,21],[22,8],[-25,-1],[80,22],[0,19],[73,4],[-5,-23],[10,20],[68,4],[39,25],[8,36],[61,9],[1,16],[57,-10],[53,53],[56,-57],[25,23],[-55,33],[77,63],[-9,21],[14,-15],[18,16],[-20,25],[-24,-21],[30,31],[5,54],[60,43],[50,75],[58,18],[64,61],[73,123],[11,-15],[9,20],[115,13],[125,51],[7,-77],[63,-50],[27,26],[-21,50],[41,47],[246,109],[-16,-65],[27,-53],[32,62],[27,-7],[-9,24],[24,33],[15,-55],[54,16],[-49,-78],[29,-100],[-36,-21],[26,-8],[19,23],[-6,42],[50,-2],[26,63],[25,8],[-5,41],[92,12],[-105,-98],[47,-44],[-17,-66],[33,-27],[54,97],[67,-22],[-12,-89],[28,-23],[-31,-47],[22,-55],[52,-21],[29,16],[-14,20],[47,24],[-19,35],[33,55],[56,-16],[-52,39],[28,-9],[38,25],[-37,47],[34,3],[1,-16],[20,31],[36,-10],[-6,19],[35,11],[-5,52],[12,-18],[36,20],[28,-26],[-20,48],[40,-5],[-10,36],[25,-17],[-15,36],[50,-22],[42,-80],[62,-6],[-1,-30],[50,51],[26,-21],[-30,66],[14,18],[21,-26],[-5,62],[49,8],[1,28],[57,-12],[15,30],[43,-93],[123,-13],[-1,61],[43,3],[21,63],[18,1],[-68,-244],[-69,-76],[15,-59],[-204,-335],[-21,-126],[19,-51],[-25,-38],[26,-8],[-31,-5],[11,-27],[-19,17],[20,-30],[16,8],[2,-11],[-57,-51],[-11,11],[-52,-191],[-112,-53],[-59,-65],[-19,-115],[52,-27],[-117,24],[-9,-23],[27,-34],[-71,-30],[55,-50],[62,20],[-17,-34],[22,-16],[66,42],[56,-7],[-66,-50],[-46,-113],[-57,-13],[-67,21],[-24,68],[-33,-22],[-8,23],[24,-89],[44,-63],[49,-14],[5,-28],[-46,-87],[-47,-18],[19,-17],[-45,-107],[-24,-10],[-6,-41],[50,-37],[-1,-23],[-98,27],[-61,-17],[7,-17],[-54,-20],[7,-33],[-48,3],[-15,-47],[-45,-16],[6,-51],[-21,-22],[-52,115],[-77,6],[-15,-37],[-11,15],[22,22],[-55,-1],[-41,-28],[26,-17],[-25,13],[-19,-30],[-14,-86],[-90,-59],[-10,27],[-33,1],[50,61],[-57,-5],[3,35],[34,33],[-29,16],[8,38],[-37,10],[6,54],[-26,18],[31,64],[-43,-12],[-37,-52],[27,73],[23,3],[-7,22],[20,-3],[-11,36],[42,-6],[49,93],[-21,36],[-33,-20],[5,82],[28,9],[-45,32],[20,57],[-25,-25],[-29,22],[18,27],[-33,-26],[15,-8],[-12,-28],[-35,-10],[26,-22],[-1,-48],[-50,-50],[-14,-59],[-27,0],[-47,-50],[-33,13],[-17,-23],[-23,17],[-26,-93],[-57,58],[-3,-40],[-143,-42],[-26,37],[-34,-19],[4,-29],[-51,-19],[18,44],[-14,-21],[-87,53],[-81,7],[-6,32],[-4,-27],[-67,15],[-28,-62],[-17,3],[1,31],[-108,59],[2,50],[-54,61],[3,39],[-41,-16],[-14,32],[-24,-33],[-106,-8],[-11,-114],[-92,-142]],[[103564,139047],[33,30],[-11,37],[67,29],[5,58],[87,48],[48,-58],[-33,-58],[13,-10],[36,37],[60,-81],[81,-11],[-30,-91],[-44,-43],[-39,-2],[42,-21],[-13,-57],[-53,33],[-97,-29],[28,-18],[-6,-25],[37,-2],[-52,-65],[54,28],[18,-42],[-25,-38],[51,-9],[4,-20],[57,50],[-2,-95],[37,-10],[53,30],[-43,-73],[14,-33],[-46,-1],[10,-27],[-38,-8],[19,-24],[-11,-30],[-45,23],[14,-61],[-15,-24],[-92,-10],[29,-66],[87,-18],[-32,-35],[32,2],[4,-20],[-22,-2],[16,-52],[-38,-8],[13,-30],[-31,-30],[47,-21],[16,23],[-6,-18],[37,-15],[-13,-30],[-48,-11],[-55,-59],[-20,9],[34,28],[-33,19],[13,21],[-56,18],[16,30],[-28,-3],[-9,-121],[-68,-5],[-36,30],[-16,-39],[-10,27],[-21,-6],[-94,69],[-13,-33],[67,-49],[-38,-31],[-50,18],[6,16],[-24,-8],[-9,53],[-58,-8],[-19,50],[-19,-2],[-8,-47],[-58,12],[-17,44],[58,148],[-11,80],[65,14],[12,32],[27,-11],[-22,44],[24,18],[34,-13],[30,37],[-38,109],[-100,12],[-45,28],[-92,-44],[-79,74],[-4,39],[71,98],[102,62],[83,122],[3,65],[-50,34],[25,40],[27,7],[26,-32],[18,47],[31,16],[-4,-69],[-47,-14],[17,-80],[34,-24],[42,45],[58,-69],[-4,47],[-33,27],[17,35],[-57,-21],[-11,87],[30,17],[-18,31],[88,7],[21,-64],[31,-10]],[[107582,130728],[-82,50],[-215,51],[-304,273],[-57,11],[-38,74],[-45,-17],[-58,77],[-52,5],[-55,42],[5,88],[-52,165],[-142,10],[-51,49],[-45,-16],[-45,35],[-117,0],[-111,188],[35,30],[-6,68],[-43,58],[-38,146],[-31,18],[-234,-23],[48,-40],[22,-122],[-107,-132],[-31,-114],[-46,-37],[-11,-59],[-141,1],[-30,-20],[-106,23],[-226,-94],[-59,2],[-11,-42],[22,-39],[-43,-79],[9,-48],[-88,17],[-182,-40],[-63,18],[-89,65],[-59,5],[-88,-84],[-100,-31],[-68,28],[-3,29],[-61,41],[-75,-10],[-12,-266],[-34,-12],[-1,-53],[-89,-48],[-52,51],[-84,-33],[-3,-41],[-45,-21],[-68,62],[-106,-45],[-145,16],[-25,-19],[-82,65],[-283,41],[-23,42],[36,24],[-157,158],[-74,216],[-96,54],[-31,65],[-140,131],[-19,-5],[-69,90]],[[102613,131820],[17,62],[28,-6],[-9,50],[68,-44],[2,15],[-50,100],[-56,3],[-3,48],[30,-4],[12,27],[3,-31],[61,-8],[48,45],[34,-27],[-64,-74],[115,-20],[19,32],[-40,28],[17,40],[-43,27],[3,48],[20,23],[39,-4],[-1,50],[10,-15],[9,15],[-10,59],[-22,-4],[-21,29],[45,24],[-28,21],[-46,-27],[-30,77],[19,37],[153,47],[-46,43],[-42,-2],[-8,26],[145,40],[-42,36],[41,28],[80,148],[73,21],[42,109],[61,-28],[7,-38],[43,-11],[10,50],[60,-19],[97,90],[25,-23],[-6,-47],[29,30],[90,-76],[34,39],[16,115],[-38,27],[-26,-19],[-101,147],[72,12],[23,36],[70,7],[-52,60],[4,60],[-59,29],[-2,30],[69,-14],[-10,45],[30,-11],[9,62],[29,-20],[38,43],[36,-38],[111,61],[-46,93],[-34,10],[35,-1],[-8,56],[34,-54],[43,40],[-52,105],[140,48],[23,-44],[-37,-48],[49,-32],[34,-100],[32,5],[-2,82],[26,60],[-24,89],[-30,17],[8,56],[38,2],[29,-29],[-9,-32],[39,-8],[83,-79],[50,31],[-9,37],[36,37],[-7,35],[31,-11],[27,46],[55,19],[-12,20],[-105,-20],[21,20],[-4,50],[-40,-43],[-121,17],[16,119],[-12,39],[-44,12],[37,77],[-22,35],[-57,10],[48,79],[-61,30],[50,28],[39,-20],[33,81],[34,-13],[-21,-57],[110,11],[25,93],[-41,-8],[-25,37],[38,150],[28,-10],[20,30],[55,5],[13,41],[72,46],[40,-13],[111,47],[7,71],[-77,36],[-44,-35],[-46,68],[-22,-28],[-13,15],[-92,-32],[38,108],[82,62],[126,175],[60,47],[67,134],[90,30],[26,46],[210,182],[144,233],[101,5],[70,79],[46,-16],[28,18],[19,21],[-41,-23],[-20,21],[97,89],[32,-19],[-29,-33],[84,52],[-41,13],[-19,-21],[-24,15],[24,14],[-33,17],[21,45],[59,-2],[-130,272],[57,138],[-58,59],[0,128],[-240,21],[-37,28],[-32,81],[-6,157],[45,319],[-196,108],[23,43],[331,-183],[-8,-17],[27,-14],[9,18],[121,-61],[68,12],[10,34],[-139,44],[-373,219],[107,199],[37,-37],[23,32],[-19,14],[73,-16],[8,18],[-44,-1],[22,36],[76,32],[-5,-39],[82,-45],[183,330],[209,309],[247,260],[34,0],[67,-75],[250,239],[-224,213],[-1,43],[77,47],[241,30],[181,-178],[-14,25],[21,-17],[33,82],[-46,142],[11,34],[101,44],[-16,33],[-77,22],[-41,121],[-154,-79],[-61,-74],[-190,-8],[-71,-34],[-51,13],[-24,-32],[-132,-40],[-29,-42],[-5,20],[-66,-11],[-18,-45],[-30,64],[-58,-55],[-91,17],[-55,-54],[-2,20],[-181,37],[-37,-47],[-19,6],[26,38],[-19,12],[-26,-32],[16,-17],[-23,16],[5,30],[-14,8],[-50,-37],[-116,-5],[-10,41],[-41,1],[-61,-93],[-45,12],[29,24],[-35,-15],[-24,25],[-4,-49],[-41,25],[-40,-52],[-28,16],[-26,-18],[-33,-66],[-58,5],[-20,-26],[-50,-9],[-49,38],[-2,-30],[-27,-11],[16,36],[-30,14],[-48,-48],[-186,23],[-72,-42],[1,-27],[-45,22],[-65,-16],[-36,-52],[-48,-18],[-101,44],[15,93],[26,-18],[-15,84],[-89,96],[-57,15],[130,153],[232,95],[49,73],[122,56],[139,114],[144,18],[72,45],[-2,23],[122,67],[19,-15],[174,38],[208,351],[126,112],[-15,18],[19,15],[-3,-32],[32,6],[38,80],[87,46],[85,16],[24,29],[7,-21],[89,19],[33,35],[-13,41],[41,-12],[119,71],[54,164],[16,130],[-38,6],[51,185],[-32,139],[-26,11],[41,38],[-26,14],[-12,-21],[-14,29],[17,19],[-84,318],[11,30],[57,4],[14,98],[52,85],[103,41],[-29,93],[-35,4],[2,-15],[-89,52],[16,85],[-48,85],[-74,-9],[-22,39],[-39,15],[52,64],[-40,-3],[23,62],[-42,65],[-46,28],[-82,-5],[-49,38],[108,35],[-87,48],[-25,86],[48,15],[18,-17],[20,45],[-61,-15],[-208,16],[-509,147],[-16,-23],[6,21],[-62,38],[0,264],[57,117],[-45,74],[-12,-16],[-141,74],[-9,37],[-57,40],[-123,58],[-46,-3],[-261,190],[-79,-70],[-74,60],[-41,-46],[-77,65],[88,106],[-37,30],[32,37],[-22,56],[-30,-6],[2,-46],[-107,-118],[56,82],[-73,-68],[31,51],[-49,-37],[-70,62],[25,36],[-85,65],[48,113],[-25,56],[-9,-31],[-12,12],[-2,97],[-97,369],[-10,132],[-7,-37],[-11,371],[-49,-3],[-20,112],[57,28],[-179,-50],[19,12],[-22,54],[-6,-49],[-16,41],[19,13],[-33,83]],[[75893,49043],[93,6],[94,-35],[92,-103],[45,-103],[43,-21],[23,-85],[-22,-22],[-1,-113],[66,-222],[-49,-53],[-29,-12],[26,13],[-7,14],[-142,-58],[-22,43],[-111,0],[-64,47],[-65,-29],[-63,45],[13,38],[-16,24],[-104,-12],[-35,40],[-6,62],[-57,64],[-60,2],[0,-52],[-8,29],[-29,-3],[-41,168],[29,58],[44,-15],[13,37],[54,-83],[90,7],[40,43],[-17,15],[21,22],[0,119],[63,84],[99,41]],[[79018,54794],[29,27],[80,-6],[74,49],[70,11],[66,54],[44,1],[57,53],[10,54],[65,14],[35,48],[247,-20],[61,-76],[0,-20],[-63,-34],[-12,-44],[-35,-5],[-64,-76],[-39,-9],[-44,-63],[-65,-10],[-72,-56],[-130,-29],[-109,-160],[-42,-12],[-18,-33],[-6,-30],[44,-30],[-27,16],[-22,-41],[-76,-10],[9,-39],[27,32],[-12,-33],[-29,-6],[-41,-126],[-70,-48],[-69,-141],[-32,-14],[-68,-101],[-165,-48],[-106,-105],[-49,-103],[-62,-13],[-34,-77],[-73,-16],[-30,-54],[-42,-6],[-50,-47],[-103,-32],[-80,-57],[-22,12],[-17,-35],[6,36],[-25,-7],[15,-19],[-21,16],[-30,-36],[-81,-26],[2,28],[53,-6],[20,24],[-93,-6],[-14,-23],[-82,6],[-110,52],[-97,80],[-164,184],[-81,213],[-18,5],[-8,-32],[13,64],[-64,190],[43,155],[-9,59],[124,252],[78,11],[55,-82],[164,-61],[82,-9],[85,52],[38,-20],[91,52],[61,6],[95,-29],[61,9],[72,-47],[43,73],[69,44],[83,9],[51,68],[49,-49],[61,-19],[86,77],[49,-25],[52,17],[51,68],[69,27],[-27,49],[48,-37],[43,49],[43,-6],[29,58]],[[82379,60500],[-24,114],[10,48],[-25,40],[-60,18],[-12,58],[-2,72],[27,22],[6,47],[-8,34],[-35,14],[-7,74],[50,70],[29,-20],[14,17],[-1,23],[-60,5],[27,32],[7,73],[-67,9],[-38,55],[-52,22],[-21,58],[37,297],[23,-2],[-14,-170],[19,-1],[6,62],[37,-4],[16,44],[-14,54],[72,120],[-16,59],[33,29],[-1,52],[-68,61],[1,72],[24,39],[-18,78],[25,53],[-13,43],[38,9],[-5,34],[105,122],[78,18],[280,-87],[99,16],[56,36],[175,-34],[300,48],[16,-22],[-44,-31],[-4,-50],[53,-115],[34,-17],[7,-103],[-98,7],[-46,-19],[-19,-41],[-71,-44],[3,-48],[-4,37],[-39,-50],[16,-49],[101,-21],[60,12],[41,-51],[-9,-40],[20,-37],[-21,-73],[-46,-14],[-27,-54],[30,-66],[32,-6],[10,-49],[46,-36],[-3,-20],[-56,0],[-43,-39],[-5,-80],[36,-49],[-4,-50],[172,-88],[68,-126],[154,21],[15,-64],[249,-251],[-25,-87],[109,-74],[142,-18],[73,-105],[-18,-191],[-36,-40],[-26,-133],[-85,-80],[-41,8],[3,19],[-37,-31],[36,-48],[19,8],[-74,-233],[29,-110],[-52,-46],[-92,-12],[-6,-32],[-61,-45],[-41,-104],[30,-47],[-19,-26],[-52,-6],[-27,-38],[5,-60],[35,-43],[-25,1],[-23,-80],[-146,-234],[-147,-28],[-140,45],[-35,-13],[-45,-64],[-102,-44],[-70,2],[-163,-45],[-161,96],[-37,115],[-20,6],[11,91],[-18,129],[-29,57],[23,19],[-26,2],[-13,56],[-53,58],[-67,21],[-112,112],[-97,-1],[-165,239],[3,30],[65,5],[86,107],[107,76],[-2,138],[38,67],[-21,41],[47,42],[5,40],[-20,15],[23,12],[14,37],[-15,5],[34,49],[-43,59],[-60,12],[6,39],[-53,53]],[[86781,66202],[-40,42],[39,23],[8,92],[60,70],[-4,23],[-77,25],[-60,76],[-67,-20],[-30,-44],[-49,42],[-56,-4],[-10,25],[12,-14],[26,19],[19,80],[-37,50],[-41,-17],[-119,113],[33,-10],[13,27],[-18,20],[11,68],[-26,22],[3,80],[-94,69],[-37,93],[-1,80],[83,44],[19,-64],[87,3],[43,91],[-20,34],[24,-7],[42,38],[19,-10],[97,53],[30,-7],[39,35],[-2,-78],[37,-64],[127,-23],[21,51],[71,-3],[57,71],[10,-43],[32,0],[25,-34],[47,2],[-57,-46],[3,-30],[65,18],[28,-36],[-52,-50],[-81,54],[3,29],[-36,29],[-87,-11],[-83,-36],[-22,-37],[-37,15],[-45,-59],[-81,-9],[-27,-33],[5,-36],[102,-35],[12,-52],[51,11],[-75,-117],[28,-55],[21,-9],[139,62],[-53,-94],[12,-47],[48,19],[34,-68],[43,2],[36,-31],[21,12],[12,78],[41,-121],[48,-19],[124,60],[26,52],[48,24],[15,59],[-28,43],[11,43],[-25,71],[31,29],[36,-1],[-27,-135],[16,-47],[26,9],[3,-95],[4,47],[46,53],[-25,29],[20,11],[-21,31],[14,41],[27,6],[35,-58],[43,6],[10,-113],[50,-45],[6,-112],[-72,-9],[-18,34],[-61,8],[-103,-25],[-53,46],[-42,-60],[-64,-31],[39,0],[4,-20],[57,24],[49,-12],[-31,-34],[-116,-38],[9,-20],[81,-2],[8,20],[107,35],[21,-22],[-93,-76],[-32,-12],[-77,27],[-64,-57],[15,-57],[75,7],[18,-31],[-15,-61],[-42,-8],[-10,-96],[75,31],[32,-10],[44,107],[41,11],[1,49],[34,12],[45,-36],[29,52],[33,10],[14,82],[32,-14],[32,29],[20,-24],[-14,-103],[-118,-98],[-41,29],[-17,-12],[28,-17],[-21,-36],[20,-42],[-30,-68],[-43,-4],[14,-31],[33,3],[50,55],[0,66],[63,13],[42,-35],[-26,-39],[-12,-105],[53,-22],[21,43],[46,6],[-17,42],[21,6],[30,77],[51,6],[21,30],[20,-60],[-43,-84],[30,-18],[-7,-61],[65,-72],[44,-4],[33,37],[4,82],[62,118],[38,-31],[-18,-23],[11,-39],[54,-9],[-27,-72],[64,-6],[43,47],[-4,-86],[59,-10],[-12,-65],[46,-52],[18,59],[49,47],[-1,54],[-34,20],[23,31],[74,-56],[95,-2],[54,57],[2,81],[56,-49],[-18,-58],[26,-47],[42,-22],[65,15],[15,-68],[-18,-7],[6,-33],[-31,16],[-4,-55],[-27,6],[-21,-27],[10,-55],[-36,-40],[6,-48],[-45,-20],[-1,-48],[-23,-15],[-6,-125],[-52,-15],[2,-33],[-59,13],[-16,-30],[-81,-21],[-98,-153],[-19,28],[15,44],[27,3],[3,45],[-18,19],[-62,-5],[41,196],[38,77],[61,33],[-23,89],[-53,36],[-71,-11],[-10,-62],[-138,-98],[-41,50],[-45,-12],[-42,44],[-33,-5],[-22,-40],[22,-13],[-13,-40],[-63,-1],[-27,-31],[50,-121],[-49,-30],[-17,-43],[30,-72],[40,1],[4,-27],[-75,-44],[-125,51],[-6,41],[-71,23],[-13,46],[-31,8],[-36,75],[-25,7],[2,46],[52,32],[11,61],[-18,46],[-57,37],[17,118],[-24,107],[-68,35],[-38,52],[-38,-3],[-25,-48],[-43,6],[-24,-34],[63,-23],[25,-47],[-9,-34],[-88,10],[-49,-24],[-28,-50],[7,-29],[-44,-7],[-67,-67],[-1,-67],[-100,-124],[-49,-30],[-43,17],[-1,89],[-75,57],[49,25],[25,-24],[61,22],[35,71],[-20,69],[35,10],[17,38],[-35,175],[-39,31],[-53,4],[-9,54],[33,91],[-27,65]],[[86646,64779],[10,73],[95,89],[4,116],[43,10],[54,-95],[83,-73],[77,-122],[-18,-46],[46,-49],[77,-6],[63,46],[46,87],[38,1],[22,29],[-2,-55],[27,-9],[12,-46],[-23,-38],[37,-33],[58,28],[9,38],[66,69],[5,-29],[42,-9],[-17,-30],[33,-16],[-25,-62],[29,-50],[-49,-100],[44,-41],[-3,-24],[-55,-80],[-56,-23],[1,-41],[-54,-30],[-67,158],[-110,68],[-64,-11],[-28,50],[-69,43],[-56,-16],[-5,23],[-40,12],[-87,-11],[-69,-71],[-37,40],[-11,105],[-70,80],[-6,51]],[[85806,64626],[37,41],[-29,56],[29,38],[29,0],[11,44],[-31,68],[35,6],[7,49],[-38,54],[74,4],[49,36],[20,58],[-16,51],[87,35],[35,110],[86,25],[11,-61],[-40,-41],[-4,-56],[42,-42],[24,-79],[58,-58],[-41,-18],[-60,18],[-76,-39],[-7,-74],[37,-18],[26,-54],[-82,-130],[-5,-79],[22,-49],[-57,-22],[-31,-44],[-83,20],[-34,-72],[-36,-4],[-11,44],[-25,1],[4,44],[-19,-4],[2,142]],[[96850,69504],[53,0],[7,-41],[0,43],[30,-5],[6,-26],[20,11],[3,55],[38,38],[82,45],[17,-17],[11,60],[45,26],[8,-17],[8,32],[98,26],[71,110],[46,18],[14,-18],[4,55],[36,38],[17,-8],[81,150],[104,67],[-13,-16],[32,-25],[-14,21],[19,47],[83,108],[150,34],[114,-72],[66,-75],[9,-66],[-43,-23],[44,11],[13,-24],[-19,-93],[-15,-14],[-77,17],[2,-30],[48,-12],[5,-25],[-59,-66],[-63,2],[-1,-101],[-57,-84],[-90,-31],[-24,41],[12,15],[-50,16],[-16,-23],[47,-50],[-27,-45],[1,27],[-27,-10],[-40,34],[4,31],[-25,-21],[20,-75],[51,-33],[-27,-1],[-27,-37],[-35,-143],[-185,-230],[18,-39],[-34,-23],[-20,-83],[-66,-117],[-29,-17],[-6,45],[-20,-4],[7,-43],[-35,-65],[-56,-19],[-37,19],[3,33],[-18,3],[3,-37],[-28,-6],[44,-21],[-35,-39],[-62,16],[-17,-47],[-80,-39],[4,22],[-26,-19],[-17,16],[23,5],[-36,-3],[6,28],[-7,-16],[-14,19],[13,-43],[-50,5],[19,-12],[-21,-17],[-94,60],[-39,87],[29,29],[-36,-16],[-60,130],[-48,-22],[-25,31],[-40,-50],[-36,21],[-26,47],[29,49],[-60,-6],[-28,249],[33,65],[36,15],[7,39],[12,-23],[-13,31],[38,6],[24,58],[114,46],[59,-21],[17,-51],[24,19],[-28,-1],[22,9],[-20,55],[67,19],[3,-23],[28,25]],[[83457,77204],[56,-32],[24,8],[12,-30],[50,-20],[35,62],[103,82],[101,-58],[18,-106],[-21,-54],[-87,-37],[-139,90],[-28,-48],[-71,-15],[-69,103],[-12,39],[28,16]],[[86521,82729],[-128,145],[23,69],[155,46],[96,-60],[61,56],[121,-17],[29,-34],[8,-66],[-10,-45],[-47,-47],[3,-167],[42,-128],[-23,-20],[-50,34],[-71,79],[-144,75],[-65,80]],[[92033,87795],[12,-25],[-18,48],[-133,59],[-15,41],[25,11],[33,91],[73,69],[23,59],[50,-25],[30,14],[11,-36],[118,-44],[26,-140],[98,-120],[13,-96],[-83,-68],[-249,-2],[-35,25],[32,113],[-52,24],[41,2]],[[93847,90530],[-108,-77],[-17,-48],[-79,-58],[4,-124],[-82,-48],[-116,18],[-21,81],[17,38],[-79,100],[-32,93],[0,107],[-31,14],[44,50],[0,31],[-24,55],[-62,54],[65,113],[-60,32],[-11,28],[38,34],[23,-11],[11,52],[55,-2],[5,56],[88,-25],[106,126],[197,62],[104,-42],[28,44],[116,33],[47,-43],[4,-56],[-51,-117],[-20,-138],[32,-68],[-19,-144],[-64,-84],[-1,-70],[-107,-66]],[[91223,91383],[-42,28],[4,33],[-100,53],[-15,40],[55,155],[70,23],[66,-41],[-16,-84],[24,-55],[-46,-152]],[[95559,94733],[18,19],[77,-37],[26,18],[60,-21],[49,24],[19,-102],[227,-58],[52,-63],[58,6],[-34,-92],[68,-14],[25,-46],[-51,-109],[26,-154],[138,-153],[108,-78],[74,-101],[-9,-63],[-127,18],[-57,-44],[-30,48],[-193,19],[-127,-89],[-58,-11],[-104,22],[-100,78],[-99,167],[-16,100],[-59,55],[-18,-5],[14,-51],[-16,50],[-28,1],[-30,52],[-29,7],[-30,58],[3,85],[-36,20],[25,39],[-41,33],[18,103],[57,39],[-8,57],[35,52],[-12,18],[69,38],[6,42],[53,-1],[7,24]],[[91359,94923],[-49,-34],[-23,45],[-15,-20],[-20,17],[-59,-13],[-44,39],[10,90],[-24,146],[17,59],[48,-10],[31,33],[35,-59],[121,-35],[6,-35],[65,-65],[-25,-33],[38,-73],[-13,-48],[-76,-31],[-23,27]],[[86607,69057],[21,25],[52,-50],[66,-15],[-6,-19],[68,-55],[64,-163],[-125,40],[-75,-64],[-103,68],[-70,-18],[-9,-23],[-67,45],[16,20],[-19,51],[-84,33],[-61,73],[68,65],[10,90],[13,-28],[32,18],[43,-66],[31,28],[4,-28],[64,-12],[17,-24],[50,9]],[[86765,69058],[-42,95],[78,-58],[58,69],[37,-17],[16,42],[17,-10],[44,32],[30,-41],[20,16],[27,-17],[69,51],[20,64],[68,-30],[114,87],[42,-9],[40,71],[-17,28],[73,1],[14,60],[145,-29],[53,31],[53,0],[46,78],[26,-10],[-7,-57],[74,-20],[162,47],[17,67],[24,-24],[35,3],[30,39],[23,-34],[-59,132],[59,78],[-65,39],[24,28],[63,-39],[145,34],[37,129],[93,72],[16,26],[-16,44],[33,0],[11,29],[86,18],[-5,-21],[45,-5],[50,-52],[-17,-33],[27,-33],[63,-9],[14,-41],[119,-49],[46,16],[40,48],[45,83],[-3,51],[54,-7],[43,57],[30,-2],[21,56],[32,6],[96,-88],[44,-126],[-19,2],[16,-17],[-14,-19],[55,10],[-45,-27],[33,-21],[6,34],[12,-12],[30,21],[-27,31],[44,1],[-11,56],[29,11],[48,-37],[11,32],[-24,-6],[-12,48],[-50,16],[20,74],[-31,90],[-74,43],[-19,43],[-41,22],[5,21],[138,-56],[71,20],[34,58],[33,-1],[7,-29],[62,6],[36,44],[44,13],[44,-20],[42,-89],[62,-20],[26,32],[45,-29],[28,24],[42,-49],[46,35],[-35,101],[76,90],[46,280],[84,16],[9,22],[93,-47],[21,-42],[-59,-101],[109,-10],[29,-27],[68,11],[0,51],[42,29],[9,56],[66,67],[49,-79],[14,-80],[25,-1],[-15,-58],[70,-1],[-55,-1],[7,-99],[-25,-92],[15,-33],[-48,-22],[21,-26],[29,8],[-30,-25],[71,16],[24,89],[42,31],[-14,-6],[16,33],[-16,7],[19,51],[12,19],[27,-13],[7,65],[86,-17],[33,15],[-2,24],[87,-11],[3,27],[-70,33],[42,11],[-112,27],[-25,78],[13,62],[35,40],[-1,112],[27,36],[35,-3],[-2,67],[-37,18],[29,157],[45,25],[-1,38],[29,38],[21,9],[6,-38],[27,-4],[110,73],[-13,66],[73,23],[15,63],[40,22],[6,32],[98,-74],[50,-59],[33,-97],[32,-4],[45,21],[-23,66],[19,85],[48,-38],[47,12],[46,105],[53,52],[115,31],[-22,-21],[21,15],[1,-22],[41,-5],[100,134],[93,-6],[155,42],[-17,-22],[18,2],[38,29],[50,-18],[35,27],[1,-44],[-44,-48],[30,-91],[-84,-22],[-29,-53],[39,-34],[-42,22],[-44,-92],[-57,-46],[-6,-118],[30,-150],[-19,-21],[-128,6],[20,-102],[-45,-14],[-32,-41],[28,-69],[-65,-129],[62,-17],[28,20],[-6,44],[-45,4],[54,37],[30,-62],[47,-1],[-8,138],[31,67],[-9,62],[136,90],[22,-33],[-33,-54],[78,5],[5,45],[24,15],[-23,33],[23,37],[-64,101],[7,24],[60,10],[7,38],[57,-18],[18,-53],[47,-5],[-35,-46],[8,-78],[38,-46],[-152,-128],[-9,-45],[30,-116],[126,-55],[132,31],[36,47],[-10,39],[29,47],[-24,52],[28,31],[-13,28],[50,37],[-2,-90],[60,-9],[18,-91],[25,6],[48,76],[-11,33],[30,5],[3,90],[-10,37],[-22,-2],[-58,66],[-21,45],[7,62],[-41,16],[53,124],[-37,48],[12,99],[-33,42],[81,-4],[12,-110],[67,-52],[-8,-45],[38,-96],[-10,-54],[69,-112],[59,16],[34,36],[-92,89],[24,119],[23,-12],[46,41],[20,78],[-38,18],[5,86],[-39,18],[-37,96],[-136,108],[-10,114],[-66,93],[-68,50],[-2,61],[31,37],[80,-62],[77,11],[7,90],[72,18],[-8,56],[162,267],[112,21],[77,41],[54,-319],[-34,-39],[-17,-89],[77,-171],[-28,-37],[64,-45],[-1,-58],[56,-46],[25,-76],[83,8],[64,-47],[46,21],[15,-16],[-27,-60],[-2,-110],[60,-45],[9,-52],[-29,-75],[-91,-114],[11,-58],[24,-15],[-30,-16],[-5,-11],[6,-11],[1,-12],[13,29],[-29,-67],[-6,-7],[-49,-9],[52,8],[-23,-47],[-29,8],[31,-9],[57,123],[31,11],[22,-35],[-119,-277],[-20,-14],[-47,26],[39,111],[-92,-157],[-100,-107],[-97,5],[-75,-54],[-41,14],[-114,-19],[-48,-52],[-38,-151],[-56,21],[-64,-28],[-32,78],[-150,14],[-173,74],[-147,-65],[-44,-56],[-47,14],[-29,-141],[-63,-81],[-64,-25],[-2,-41],[-15,9],[-59,-89],[-39,-181],[-65,-45],[-60,15],[-16,-59],[14,-39],[-27,7],[-36,-66],[-42,-16],[-31,-126],[-44,-11],[-52,-74],[-33,-108],[-35,-31],[-69,-12],[-40,40],[-21,-41],[-35,1],[-26,-35],[-157,13],[-22,-47],[-30,-7],[-10,-54],[21,-59],[18,-10],[7,63],[-1,-70],[40,-11],[28,-45],[37,6],[17,-66],[-97,-93],[-56,3],[-43,-37],[-65,13],[-98,-72],[-54,12],[-109,-52],[-98,0],[-12,-28],[-87,-14],[-26,-72],[-17,13],[-55,-50],[-75,4],[-89,93],[-71,-47],[-16,67],[-65,1],[-8,18],[-87,-58],[-20,21],[-82,-7],[-16,-33],[-41,-4],[24,-76],[65,1],[26,10],[18,48],[-19,43],[34,1],[33,-103],[-42,-169],[10,-35],[27,-6],[39,-110],[-22,-56],[-72,-3],[-8,-29],[-78,-54],[-53,-135],[37,-37],[-27,-4],[13,-12],[-28,-32],[-67,-14],[-61,58],[-49,-19],[-34,30],[-273,22],[-6,-29],[143,-100],[44,-16],[43,26],[70,-99],[52,35],[53,-67],[41,1],[3,-46],[26,-24],[99,-29],[-1,-56],[16,57],[30,20],[-9,46],[72,-16],[21,-51],[196,-133],[-13,-38],[57,-28],[22,-83],[-21,-42],[-20,18],[-50,-31],[-24,72],[-44,8],[-9,-32],[-18,29],[-48,-24],[-14,-41],[-47,-10],[-5,-55],[-56,-12],[30,-75],[-54,-29],[-3,-23],[25,-17],[-49,6],[-10,48],[-27,8],[-45,-24],[-13,-44],[-52,63],[-36,5],[-67,-101],[-69,-15],[-11,-35],[-45,-2],[-19,-45],[-59,54],[-30,-13],[-25,44],[-49,25],[-43,-24],[-25,-90],[94,-75],[-19,1],[-4,-178],[-55,-31],[28,-35],[-20,-32],[7,-122],[-19,-23],[-31,6],[-1,-44],[-56,80],[-27,-16],[-5,25],[-98,48],[-52,-23],[3,51],[-31,27],[-53,-4],[-31,-36],[-104,36],[-70,-40],[-17,15],[27,27],[-3,49],[-43,27],[-50,-12],[1,28],[-85,46],[-40,-14],[-2,-26],[-70,-31],[-56,8],[-21,-24],[1,-31],[65,-60],[178,-109],[36,-107],[77,-19],[28,36],[2,-64],[57,-93],[8,-63],[21,-8],[-20,-27],[54,5],[-37,-47],[7,-45],[102,-76],[-25,-102],[30,-23],[-12,-32],[25,-40],[-28,-64],[-24,40],[-47,22],[-37,-29],[-57,10],[37,73],[-96,56],[22,61],[-39,40],[-35,1],[80,22],[46,48],[-105,28],[10,45],[-28,22],[-51,2],[-81,-97],[-29,30],[-20,106],[-57,1],[-47,-32],[12,-94],[-80,-28],[-24,78],[-33,24],[-54,-7],[-27,-47],[-19,8],[-1,53],[-69,104],[14,17],[-38,-1],[-9,40],[-20,-16],[-65,44],[-33,-12],[-49,55],[-88,-28],[-2,53],[-58,37],[6,40],[40,-16],[27,29],[2,63],[-137,21],[8,47],[-48,8],[35,15],[6,38],[90,-45],[2,37],[52,-4],[1,51],[-70,15],[-36,36],[36,8],[28,50],[-23,67],[-138,-68],[-10,112],[44,-16],[69,76],[-47,32],[-31,-36],[6,72],[-29,34],[5,40],[-29,-1],[-9,-55],[22,-51],[-32,-21],[0,-35],[-74,-17],[7,-71],[-85,-8],[-29,28],[-49,-2],[-9,50],[52,71],[-25,44],[57,64],[23,-15],[31,36],[3,140],[26,-2],[10,28],[72,-6],[54,76],[42,-22],[19,32],[-37,28],[-1,33],[55,-24],[11,42],[57,10],[-12,65],[-28,1],[-3,-34],[-77,29],[-38,-33],[-39,12],[-25,-61],[-22,12],[-52,-41],[-28,8],[-60,-32],[-67,11],[7,52],[86,7],[-6,56],[105,29],[-27,30],[43,22],[0,67],[-33,15],[-92,-69],[-13,44],[19,11],[-34,9],[-45,-123],[-14,123],[-18,2],[-32,-85],[-11,74],[-49,29],[-34,-89],[34,-49],[-25,-53],[26,-35],[-84,-89],[19,-30],[45,5],[13,-30],[44,-6],[11,-71],[-145,-35],[-68,88],[1,105],[-22,42],[-123,46],[-29,-31],[-68,50],[-40,0],[-36,31],[-10,83],[-63,-30],[-15,-132],[-57,11],[-80,-24],[16,27],[-54,83],[-78,44],[-49,-20],[-16,-55],[-62,-24],[-55,36],[-51,-4],[-61,197],[11,36],[-26,36],[-31,-13],[5,49],[-101,10],[-22,-23],[22,-47],[-21,-22],[-61,11],[-72,-25],[11,14],[-31,13],[18,30],[-20,95],[-36,18],[-57,-13],[16,61],[-24,2],[5,31],[-72,-1],[-9,26],[-20,-14],[-11,28],[-19,-7],[23,36],[72,-1],[48,30],[283,-43],[27,30],[17,90],[28,18],[-8,22],[38,-11],[60,46],[18,48],[34,-16],[8,25],[35,-15],[9,-105],[65,-17],[43,23],[47,-34],[58,7],[57,-122],[119,-33],[49,97],[-26,67],[16,52],[-18,13],[0,62],[77,-35],[107,85],[65,-11],[60,-52],[-3,-102],[76,61],[54,-23],[41,-56],[-48,-51],[39,-70],[-12,-29],[59,-7],[13,28],[-33,55],[44,2],[-15,37],[35,22],[16,62],[47,-6],[48,-64],[32,100],[70,-2],[32,-89],[34,-6],[31,111],[-17,80],[42,2],[4,53],[38,-11],[101,30],[93,-75],[-3,49],[11,-36],[8,70],[-20,-29],[16,35],[-39,29],[4,69],[-41,8],[-15,-24],[-25,15],[-36,-24],[-147,14],[-20,-18],[-78,95],[-42,-16],[2,-47],[-24,-17],[44,-77],[-24,-19],[4,-60],[-59,20],[-9,-46],[-48,35],[-97,-11],[-9,79],[-87,19],[15,83],[-64,-2],[-54,-49],[-25,74],[-30,3],[-61,64],[28,9],[2,70],[-22,11],[-47,-50],[-37,11],[1,25],[-99,91]],[[96278,96286],[40,50],[-17,63],[56,16],[56,60],[-2,36],[16,-26],[19,9],[-7,21],[11,-11],[-79,159],[39,64],[66,27],[91,-319],[90,-102],[58,-136],[152,-98],[-6,-64],[36,-61],[-44,-116],[-107,-46],[-69,1],[-128,100],[-60,-3],[-81,55],[-5,27],[-59,17],[3,39],[-38,14],[35,24],[-19,43],[9,60],[-77,23],[-20,34],[41,40]],[[103911,100438],[-115,54],[-20,-26],[-33,15],[-3,-19],[-52,66],[-24,-9],[2,40],[-17,-5],[-69,140],[-8,78],[-75,64],[-51,131],[-54,1],[1,19],[29,12],[-7,16],[-30,-22],[0,-27],[26,-21],[-16,2],[-11,19],[1,33],[-14,1],[-14,-50],[-23,1],[-4,62],[19,20],[-32,172],[26,105],[-42,93],[31,54],[-43,14],[-37,70],[11,29],[-67,191],[-86,17],[-27,31],[-23,-18],[-31,71],[-34,184],[-25,34],[12,73],[-46,54],[-47,127],[30,52],[-4,69],[-46,38],[21,51],[-27,102],[-29,32],[-5,52],[25,30],[-28,86],[27,-11],[16,18],[-8,66],[27,27],[-31,65],[125,-13],[41,74],[104,20],[190,-29],[34,23],[-27,-25],[81,-4],[99,91],[12,-51],[2,75],[121,112],[53,87],[-9,79],[82,54],[37,102],[74,50],[54,-19],[54,12],[55,75],[32,182],[-46,98],[14,48],[66,-11],[1,59],[32,24],[5,-20],[60,4],[27,-39],[53,27],[-4,-26],[16,13],[14,-20],[69,18],[-7,-25],[37,-8],[-29,5],[-11,-46],[27,26],[-4,-24],[53,-2],[44,27],[-46,167],[71,51],[-1,-123],[37,-34],[-1,-31],[-40,-44],[20,-41],[59,7],[37,36],[33,-17],[11,31],[54,-9],[68,-39],[-15,-43],[44,-15],[7,-44],[45,8],[37,-59],[31,80],[65,-30],[65,25],[55,-28],[14,12],[43,-87],[62,18],[40,-18],[44,-67],[26,16],[-1,-25],[38,-28],[175,-51],[-70,-17],[46,-44],[37,24],[-35,-86],[77,-26],[28,66],[-10,-45],[22,-19],[21,7],[134,-100],[42,17],[28,-21],[2,-114],[144,-59],[39,13],[96,-25],[36,-38],[99,-36],[105,-5],[1,-17],[9,21],[33,-3],[175,-127],[73,-29],[74,-72],[135,-181],[-21,-44],[19,-23],[-75,-238],[-7,-89],[24,-53],[-38,-56],[-23,-156],[22,-45],[-45,-205],[23,-51],[-68,12],[-34,-83],[36,-24],[19,45],[79,27],[-69,-26],[-48,-100],[16,-33],[-38,-63],[-27,-4],[16,-19],[-53,-69],[-12,16],[-108,-75],[-101,-149],[18,6],[-102,-51],[-74,-125],[-53,-23],[-53,-90],[-43,3],[-28,-47],[-52,-29],[6,-32],[-41,-66],[8,45],[-20,-55],[21,7],[-7,-53],[-36,-4],[-26,-35],[14,31],[-45,-25],[-3,-22],[-83,5],[-66,-103],[28,9],[-86,-67],[-1,24],[-26,4],[-23,-34],[-85,-37],[-45,27],[-31,-30],[-5,23],[-25,-26],[-23,16],[-13,-30],[-1,17],[-24,-17],[-15,14],[-42,-76],[-23,0],[11,30],[-26,23],[-39,-2],[-32,-53],[-28,8],[-11,-23],[-36,-3],[-31,36],[-5,-39],[-32,6],[-4,-34],[-23,67],[-20,-12],[-8,27],[-45,18],[-29,-83],[-32,22],[-15,-41],[-42,-25],[-41,73],[-32,-29],[-17,32],[-12,-14],[-56,28],[-7,-15],[-7,20],[-40,-30],[-21,25],[-15,-25],[9,22],[-22,-10],[-9,33],[-61,-50],[1,21],[-34,-67],[-37,-7],[-49,24],[-10,-14],[-39,44],[-10,-20],[-31,53],[-73,9],[12,11],[-27,14],[-74,-31],[-45,32],[-24,-13],[-23,30],[-19,-21],[-117,6]],[[101133,103751],[-82,-8],[-30,-43],[-37,25],[-120,-33],[-10,-42],[21,-33],[-44,8],[-26,-44],[-8,-53],[24,-23],[-105,15],[-30,-22],[0,26],[-57,14],[-31,-29],[-13,15],[-31,-43],[-30,3],[0,60],[-92,39],[-27,80],[-40,2],[-44,39],[-50,95],[17,55],[-53,112],[20,34],[78,37],[-5,100],[-66,20],[-152,-132],[-149,20],[20,84],[-28,47],[-46,-8],[38,35],[-9,50],[-134,82],[-37,47],[-84,20],[9,77],[-77,35],[32,33],[-43,32],[54,12],[121,-85],[165,82],[16,-35],[-43,-92],[151,39],[33,-23],[28,14],[46,-48],[29,-90],[63,-61],[75,14],[-1,51],[53,108],[26,-47],[77,-22],[80,-87],[47,26],[8,-19],[79,-12],[2,26],[46,-70],[52,-30],[8,17],[34,-17],[25,33],[107,-167],[32,-18],[39,13],[33,-48],[0,-45],[56,-11],[5,-33],[110,-53],[31,5],[-7,-42],[26,-24],[-25,4],[-17,-42],[37,-39],[-34,-38],[1,-50],[-40,-13],[-97,89]],[[89948,115951],[15,149],[19,15],[16,-20],[66,4],[16,-31],[-25,-75],[-53,-26],[-19,-54],[12,-57],[57,-27],[-59,-27],[-1,-46],[30,-13],[-30,-8],[-16,34],[-66,21],[-106,-74],[-7,45],[43,12],[31,53],[-23,58],[25,-8],[6,23],[16,-24],[30,3],[23,73]],[[104893,121022],[59,-36],[50,11],[-9,-66],[44,-7],[-8,-56],[-43,4],[-20,-150],[-79,11],[-19,90],[-48,30],[-24,-37],[-55,63],[72,168],[80,-25]],[[111936,118774],[-173,-19],[-39,24],[28,203],[138,12],[31,-44],[15,-176]],[[100528,133246],[44,47],[-16,27],[30,47],[-11,129],[22,27],[-35,43],[14,15],[41,-18],[17,31],[-40,16],[18,39],[-34,-12],[13,62],[77,62],[-18,19],[17,48],[39,-3],[-15,32],[39,-13],[44,-63],[21,-4],[24,31],[-30,22],[13,7],[83,-46],[10,32],[-34,74],[-39,0],[-30,41],[42,-19],[17,56],[22,-22],[79,37],[36,-20],[32,23],[27,-22],[14,49],[80,19],[-21,21],[13,19],[32,-13],[19,27],[-56,-104],[194,-96],[-34,-57],[54,-202],[-139,18],[-15,-20],[31,-22],[-31,-36],[35,-32],[-52,19],[-47,-11],[-7,-44],[-33,8],[-42,-26],[17,-55],[-84,-12],[-56,-32],[-7,-32],[-38,-6],[79,-58],[20,-92],[-44,43],[-107,17],[9,22],[-53,33],[28,45],[-113,-51],[-25,-57],[-58,-20],[-15,-82],[-10,58],[-59,11],[2,26]],[[100295,132736],[3,37],[50,-3],[7,35],[-63,200],[23,55],[96,-79],[-13,-59],[32,-54],[-25,-42],[34,-64],[81,-19],[-2,-41],[-64,-65],[35,-22],[59,60],[7,-84],[-23,-85],[-74,-71],[8,-24],[-27,16],[20,61],[41,19],[0,33],[-148,74],[3,-35],[66,-83],[-20,-26],[-82,92],[18,46],[-82,26],[-41,51],[23,42],[46,-30],[12,39]],[[99919,132815],[2,29],[-32,-23],[4,-24],[-41,2],[27,19],[-26,21],[36,24],[-24,10],[-43,102],[0,93],[79,-95],[43,10],[-29,86],[32,38],[-10,37],[30,-7],[37,127],[22,4],[29,-53],[23,4],[14,42],[89,58],[-15,47],[60,15],[-32,71],[54,-8],[0,-109],[-24,-53],[-51,-12],[1,-74],[-22,14],[-99,-93],[17,-46],[-19,-71],[35,10],[-56,-86],[17,-41],[-35,-15],[-8,-44],[-56,19],[27,-25],[8,-56],[-31,10],[-12,62],[-21,-19]],[[113657,120359],[-59,20],[-37,70],[-25,-15],[-74,27],[-48,-17],[-57,-97],[-22,96],[-44,33],[-18,-16],[-16,33],[-79,17],[-58,56],[-164,-25],[31,22],[-43,30],[0,-79],[-18,-14],[-22,35],[-28,-36],[23,-36],[-21,-21],[-48,39],[16,-81],[-27,71],[-17,-15],[-15,-48],[25,-79],[-46,-52],[12,24],[-24,-22],[-108,79],[-45,-34],[18,-34],[-25,-14],[32,-64],[29,10],[24,-46],[-24,-20],[48,-13],[-47,10],[-43,-28],[-90,169],[-162,-124],[-242,-248],[-218,-305],[-110,-200],[-84,-212],[-39,-182],[-21,-233],[42,-22],[-31,2],[-14,-45],[67,41],[-54,-78],[26,-34],[430,-139],[49,-48],[144,-66],[183,-9],[13,-32],[79,-35],[53,2],[177,-73],[84,26],[51,-53],[-72,-69],[25,-56],[-36,-75],[62,-40],[-40,-43],[11,-26],[-71,-12],[-44,-59],[-81,-28],[-93,-159],[-148,-62],[2,-102],[38,-97],[26,9],[53,-29],[-38,18],[-15,-17],[41,-34],[18,11],[-8,-21],[21,-11],[-92,-57],[87,28],[14,57],[69,-8],[44,48],[218,-53],[169,101],[31,81],[108,-50],[6,15],[17,-68],[-32,-22],[-2,-40],[-67,-35],[-39,-61],[-46,4],[-8,-34],[-97,-38],[-1,-82],[-41,-37],[-109,-28],[-58,-63],[-108,-64],[-28,8],[-30,-92],[-54,-1],[-44,-39],[2,-63],[-159,-179],[-126,-1],[-98,-51],[-98,68],[-93,-43],[-95,37],[-28,-15],[-38,20],[-94,-5],[-140,-173],[1,-60],[43,-49],[-23,-43],[22,-46],[-76,-100],[8,-30],[-38,-57],[8,-79],[-159,-70],[-88,-77],[35,-62],[-7,-41],[74,-13],[40,-30],[0,-25],[-242,-4],[-72,-39],[-15,-103],[88,-31],[26,-43],[-7,-60],[-90,-114],[-104,-57],[-36,-51],[-71,-13],[-12,-27],[-121,-46],[-107,-87],[-142,-40],[-16,-28],[-108,25],[-23,-24],[17,-38],[-25,-39],[13,-21],[-57,-48],[2,-25],[-194,8],[-35,-58],[-211,-111],[-136,-129],[-107,5],[-144,-59],[-38,5],[-77,-49],[-233,78],[-38,-31],[13,-32],[-19,-20],[-71,-3],[-2,-19],[-26,31],[-71,-19],[-52,13],[-41,-26],[-22,-64],[10,-49],[-72,61],[-60,-5],[8,-35],[-76,12],[-5,-60],[28,-16],[-36,-72],[-30,16],[-84,-41],[-18,-50],[-64,-42],[-61,18],[-116,-41],[-10,-37],[-45,-30],[4,-82],[-90,38],[-22,20],[23,13],[-28,25],[-110,-24],[-31,-74],[6,-47],[-89,-23],[-28,-36],[-91,-18],[-15,-29],[-68,-26],[-36,28],[-42,-9],[17,-31],[-30,-39],[17,-64],[-23,18],[-26,-24],[32,-20],[1,-30],[13,23],[33,-27],[-40,-60],[12,-49],[-34,42],[-33,-4],[-23,37],[-38,0],[-58,-63],[-54,12],[-25,-78],[-53,-20],[-63,19],[16,20],[-18,14],[-50,16],[-18,-16],[-11,-63],[38,-11],[35,-79],[-72,-139],[20,-4],[-24,-14],[-3,-40],[-27,-8],[1,24],[-54,51],[-25,-28],[-13,52],[-79,-13],[-29,-65],[10,-117],[-65,10],[-16,-25],[22,-23],[-40,-13],[-3,27],[-33,6],[19,34],[-48,62],[30,30],[-11,48],[43,4],[71,72],[-38,27],[58,46],[9,73],[70,59],[-14,29],[53,53],[-3,43],[29,31],[-12,59],[44,75],[-24,21],[-44,-17],[23,29],[-21,32],[27,24],[-13,47],[47,42],[-44,0],[-5,56],[-25,-14],[-12,23],[32,22],[18,-12],[22,38],[-32,12],[37,17],[-28,27],[-49,-3],[24,36],[-38,19],[-26,-11],[-5,37],[-35,8],[-24,-20],[5,22],[-13,-13],[-9,26],[-40,-3],[-36,28],[-55,-30],[-16,15],[203,240],[203,56],[42,33],[-5,69],[31,33],[56,-21],[42,50],[67,16],[202,244],[124,-2],[106,30],[68,73],[79,149],[41,24],[162,407],[40,190],[108,200],[-5,72],[-61,131],[-44,27],[6,17],[-44,13],[-5,40],[-29,11],[1,127],[17,22],[-21,34],[77,97],[47,-52],[15,26],[-18,50],[89,120],[-6,34],[74,171],[121,89],[10,32],[-8,-31],[28,18],[74,92],[-18,23],[25,22],[-42,85],[40,218],[36,59],[-6,111],[36,35],[-10,45],[22,61],[-11,52],[-48,23],[-18,154],[75,98],[-26,59],[84,110],[-2,69],[31,13],[13,44],[3,105],[-57,98],[-99,60],[1,32],[25,15],[-43,82],[10,63],[-48,65],[-42,4],[-15,76],[-21,2],[-31,68],[-32,6],[36,38],[4,50],[-65,65],[7,49],[-25,47],[-59,12],[7,86],[-31,129],[-22,0],[20,14],[-21,40],[-24,-13],[25,-1],[-17,-23],[-42,16],[52,40],[-105,148],[-41,174],[-58,41],[-97,150],[-107,89],[-20,71],[-53,62],[-178,82],[-190,44],[-89,51],[-36,269],[-60,-3],[-16,95],[27,30],[18,-10],[10,40],[-43,23],[96,99],[-39,55],[17,-22],[18,38],[-35,171],[42,170],[-10,150],[97,-1],[34,66],[-25,204],[-96,149],[-62,-12],[29,-11],[-8,-40],[-75,19],[-13,-18],[-11,36],[-40,-14],[52,-43],[-14,-25],[-22,14],[8,-38],[-33,15],[4,-48],[-16,11],[-23,-27],[-5,22],[-21,-27],[-43,-2],[8,38],[-26,-24],[-12,54],[34,7],[-29,32],[6,55],[-41,-88],[-42,63],[-36,-5],[1,21],[-31,5],[-32,-31],[-105,-8],[-76,-32],[-32,15],[-33,-56],[-44,7],[-37,-33],[-50,26],[8,54],[-42,12],[3,36],[-49,47],[-31,19],[-51,-80],[-47,49],[2,98],[-43,23],[-68,-6],[9,67],[-65,128],[-108,5],[-30,28],[4,85],[-31,-42],[-66,34],[12,55],[-21,95],[75,43],[16,-19],[30,14],[-10,73],[99,2],[75,190],[102,79],[76,98],[112,31],[70,-26],[70,7],[105,30],[18,40],[139,29],[59,-11],[36,23],[78,-44],[28,57],[37,17],[89,-133],[15,32],[53,-3],[25,29],[29,-29],[26,34],[17,-11],[-20,-23],[48,-24],[-6,-50],[40,-62],[98,-47],[-26,-40],[42,-37],[2,-30],[97,-42],[-61,-63],[-44,15],[37,-34],[-16,-12],[21,-15],[-7,-26],[30,12],[10,-26],[43,-3],[1,-100],[-50,-34],[-2,-36],[-87,-8],[35,-13],[-24,-49],[23,3],[12,-30],[38,7],[26,-41],[-39,-14],[19,-56],[-62,-48],[31,-21],[46,19],[-2,-41],[66,20],[14,-22],[-68,-75],[-139,-45],[667,30],[168,74],[18,63],[136,98],[69,142],[61,61],[-13,287],[71,53],[60,100],[8,153],[61,153],[102,140],[135,69],[44,77],[22,150],[-76,250],[-55,58],[-25,87],[-120,87],[-70,-14],[-22,16],[53,102],[-71,113],[-126,27],[-8,48],[-63,-75],[-17,26],[-49,2],[-5,30],[-88,-10],[-33,50],[-182,-28],[-55,44],[-115,1],[-3,16],[-48,-49],[-47,8],[-52,40],[-30,124],[-43,1],[-74,48],[-44,105],[-33,15],[-116,-44],[-106,57],[-42,-1],[-20,68],[-80,45],[8,-16],[-49,2],[-163,-114],[-103,36],[7,-15],[-46,-4],[1,-26],[-6,21],[-32,1],[-191,-129],[-127,-133],[-55,-20],[-70,46],[-95,-122],[-11,24],[-14,-24],[-7,-60],[-67,-103],[15,-74],[-60,-86],[-21,-109],[54,-229],[45,-88],[45,-18],[-6,-28],[-25,-24],[-85,-8],[-68,-86],[-44,-89],[-15,-216],[-101,-94],[-267,-164],[-7,-139],[-32,-59],[-29,11],[-26,-41],[-32,3],[-3,-37],[-47,-37],[7,-55],[18,-21],[41,2],[1,-23],[-56,-2],[-11,-85],[14,18],[30,-13],[-14,60],[78,-102],[-60,20],[-22,-33],[3,-60],[86,48],[-23,-46],[13,-86],[-112,-282],[-23,16],[9,-67],[-33,-110],[-49,11],[-67,-22],[-2,48],[-38,7],[-39,-70],[61,-13],[-11,-72],[-16,6],[-16,-40],[-51,32],[-71,-100],[47,33],[-68,-102],[47,-16],[40,103],[28,-13],[-150,-432],[-163,35],[-108,-299],[83,-52],[1,-35],[-67,33],[-3,-24],[47,-34],[-5,-26],[-41,4],[-3,-30],[-13,16],[-6,-62],[59,-10],[-6,-51],[36,-5],[-5,-36],[186,-25],[16,65],[-22,-191],[-233,28],[-22,56],[-13,-88],[47,-22],[-38,-33],[32,-38],[-16,-15],[23,-90],[36,-15],[-24,-40],[3,-73],[94,-286],[-6,-97],[34,-143],[63,-69],[57,-173],[30,38],[34,-52],[-31,-20],[25,-28],[153,88],[110,-168],[-141,-99],[-61,61],[40,-78],[-14,-20],[72,39],[-30,-21],[7,-36],[-43,-11],[17,-84],[141,-380],[103,-398],[45,-81],[162,-179],[9,19],[71,-66],[69,-14],[32,-94],[49,-52],[43,-15],[20,18],[-7,-21],[80,-22],[-48,37],[8,22],[50,-23],[169,-203],[-8,-34],[77,-66],[201,-60],[288,1],[-17,-24],[10,-49],[120,8],[-145,-169],[-58,-158],[-42,-43],[18,-22],[-24,-26],[49,-24],[-50,2],[-3,-36],[51,-149],[61,-73],[0,-73],[-36,-41],[-101,-19],[-91,13],[-154,-99],[18,-37],[-34,-27],[-5,-50],[29,-36],[57,-13],[4,68],[36,45],[-9,41],[116,-95],[-11,-112],[-59,-54],[-1,-76],[-71,-72],[-71,-10],[-49,-56],[-252,38],[-89,-17],[-89,-49],[-63,-64],[-35,-107],[28,-49],[94,-25],[2,-42],[-78,18],[-58,-121],[2,63],[-89,99],[-48,15],[-56,72],[-130,91],[-125,45],[13,-17],[-26,7],[-15,-59],[-46,-11],[-104,-95],[6,-17],[-124,-26],[-43,-34],[-117,16],[-50,24],[-165,200],[46,44],[4,141],[-24,59],[106,82],[-106,258],[-88,133],[-213,239],[-163,132],[-206,98],[-42,-24],[-154,50],[-27,-39],[-24,6],[-7,-29],[-36,15],[35,17],[-28,17],[-60,-49],[7,-19],[-19,17],[6,-51],[-46,27],[-22,-12],[-17,28],[-13,-18],[1,27],[-23,8],[-3,-33],[-27,-10],[-64,26],[-10,-14],[6,39],[-51,-19],[7,37],[-31,-14],[2,-30],[-90,54],[-25,-28],[8,34],[-46,45],[20,-51],[-30,-22],[-12,32],[-23,-24],[-50,42],[-8,-37],[-96,-5],[-82,32],[-225,-35],[-39,17],[-16,62],[-5,-66],[-101,-25],[-42,15],[-8,28],[-43,-6],[-14,34],[-32,0],[-21,32],[-4,-22],[-74,2],[-7,41],[-15,-47],[-32,25],[-55,-17],[-14,39],[-26,-18],[-15,17],[-24,-38],[-21,26],[-35,-14],[-54,30],[-99,147],[-131,-50],[-50,-66],[-38,-14],[60,45],[-4,54],[-34,5],[33,-4],[15,45],[-127,31],[-6,-22],[98,-24],[-27,-17],[-60,10],[-2,-40],[60,-17],[7,-28],[-93,28],[8,112],[-61,-62],[-2,-195],[-57,-72],[-8,-47],[-174,140],[-68,13],[-22,32],[-33,-25],[-45,3],[-51,-57],[-33,25],[-55,-49],[-22,31],[-3,75],[-52,23],[-43,-72],[-28,21],[-81,-100],[-43,60],[-27,-26],[-20,13],[2,-29],[-47,-52],[-5,25],[-22,-2],[33,38],[-33,13],[12,28],[-39,0],[14,22],[-21,21],[35,9],[7,26],[-12,33],[23,16],[23,-20],[24,31],[13,-12],[10,36],[-27,39],[47,-5],[42,66],[-4,-58],[22,2],[-4,34],[12,-24],[28,4],[-20,2],[9,43],[-50,30],[-12,-21],[0,22],[-49,12],[-68,-34],[-18,16],[10,49],[32,4],[9,31],[56,-58],[26,3],[35,52],[1,47],[19,-44],[-8,33],[24,-20],[6,51],[-42,27],[-158,-11],[25,102],[-15,20],[-47,-7],[-3,-57],[-62,-53],[-58,0],[-11,19],[-1,-28],[-27,3],[20,60],[-48,83],[22,57],[-15,16],[17,29],[38,-23],[109,61],[30,-12],[49,69],[25,-39],[37,12],[-24,-42],[35,-4],[-11,34],[72,77],[-11,48],[-40,43],[-83,-37],[45,52],[-77,145],[-106,7],[5,-23],[-43,-37],[26,-62],[-51,42],[-37,-12],[-39,22],[-79,-21],[-23,17],[-9,76],[-71,-6],[0,39],[-53,8],[-36,-50],[-51,46],[18,47],[88,64],[5,-20],[45,8],[42,45],[114,-58],[56,78],[63,10],[29,43],[-11,72],[50,23],[4,70],[-27,26],[-74,10],[25,42],[-36,30],[-30,-13],[23,28],[-11,57],[-42,-50],[-27,38],[-31,-45],[-47,-1],[-8,47],[28,69],[-30,97],[-85,-50],[-111,21],[-40,116],[-36,23],[-73,-5],[-72,131],[-86,38],[-15,71],[-29,8],[-21,66],[-25,0],[13,16],[-19,42],[-20,-4],[14,10],[-29,40],[6,33],[-60,75],[-74,23],[-24,51],[-144,86],[-134,-50],[-53,-79],[-20,57],[16,86],[28,64],[84,37],[50,-23],[34,15],[49,-47],[108,-26],[14,-12],[-31,-9],[-3,-36],[19,-38],[37,1],[-12,43],[-17,-5],[15,34],[62,7],[84,151],[70,57],[60,11],[42,123],[26,17],[112,-108],[43,-218],[65,-13],[52,62],[23,-2],[-6,-43],[36,-94],[35,-1],[11,-61],[30,-4],[-8,25],[29,36],[-11,61],[22,28],[-16,64],[-48,32],[86,63],[7,-44],[-38,-42],[33,-111],[-16,-46],[19,-97],[80,5],[75,-49],[289,-57],[-14,-72],[25,-2],[12,14],[-18,6],[71,65],[-2,68],[46,41],[239,126],[-7,-92],[34,128],[12,-29],[26,1],[-1,23],[45,-2],[-1,27],[167,90],[192,280],[58,39],[40,121],[235,458],[145,373],[95,338],[77,412],[40,451],[-5,277],[-84,575],[-67,213],[-44,0],[21,22],[-14,73],[-56,4],[-17,27],[64,-16],[-15,31],[-16,-8],[4,34],[-19,-12],[-5,32],[-26,6],[27,16],[-120,78],[-70,11],[-57,-28],[-19,36],[28,94],[-54,138],[-283,451],[-32,18],[-65,-9],[-13,15],[24,13],[-101,-19],[-131,58],[83,-35],[41,19],[26,-13],[4,76],[-16,3],[16,42],[-30,5],[-17,-65],[-1,60],[-48,10],[-22,-87],[24,113],[82,23],[32,85],[-28,20],[-24,-108],[-10,43],[-125,-43],[-10,21],[9,-14],[57,28],[-12,24],[-27,-11],[-57,155],[-174,53],[-7,48],[-34,35],[-22,-29],[-69,131],[-119,102],[-38,3],[-8,37],[-30,13],[-178,-12],[-45,-106],[-48,-36],[-49,3],[-39,45],[41,126],[-37,68],[-13,154],[-67,62],[-14,94],[-84,1],[12,41],[-34,21],[-12,61],[-55,57],[-7,53],[58,36],[-2,41],[39,17],[-10,36],[28,77],[-21,62],[28,38],[-26,13],[7,34],[48,30],[39,-4],[91,195],[-76,49],[64,-22],[27,78],[-110,-39],[128,51],[24,98],[169,-13],[45,-47],[18,104],[-16,35],[-76,36],[3,27],[-41,-8],[10,28],[-45,22],[5,41],[-54,19],[10,28],[60,-22],[16,45],[4,35],[-48,48],[92,-32],[-14,-39],[17,43],[-11,82],[49,-30],[86,83],[53,124],[-12,26],[24,8],[20,54],[-13,117],[36,-1],[-8,28],[19,-16],[24,25],[42,230],[-33,70],[-47,30],[24,37],[4,135],[-13,97],[-52,112],[12,136],[-62,268],[-45,122],[-64,34],[-16,47],[-40,-1],[-25,68],[70,29],[-7,14],[-27,47],[-27,-12],[-38,45],[-17,-9],[39,42],[-84,-13],[-13,-60],[-56,102],[3,55],[-67,-75],[-56,-24],[-19,-1],[11,23],[-28,18],[-35,-6],[39,30],[54,-37],[35,14],[1,85],[-24,18],[-17,-17],[-21,88],[38,75],[-21,124],[35,2],[0,-57],[38,72],[28,-20],[56,46],[11,-35],[23,2],[-41,65],[34,-15],[-8,27],[29,57],[-28,-16],[25,59],[-43,-12],[4,55],[-30,-1],[5,20],[74,-8],[9,94],[19,-16],[80,36],[40,141],[-15,83],[15,10],[-20,31],[59,93],[58,32],[-50,3],[-24,-41],[-11,102],[-68,155],[-53,36],[-25,-44],[-53,52],[16,115],[-78,-55],[-34,17],[-22,-39],[-31,-4],[33,-39],[-17,-12],[28,-62],[-13,-30],[-163,120],[-2,159],[30,57],[-1,-20],[35,5],[-27,33],[8,52],[-6,-43],[20,15],[-2,167],[11,29],[39,4],[27,65],[80,13],[11,19],[42,-30],[16,88],[157,65],[73,69],[110,2],[70,51],[74,20],[349,-14],[112,-64],[18,18],[-8,-23],[22,9],[-23,-19],[39,-64],[34,27],[2,44],[-61,62],[74,25],[48,-12],[43,-52],[-10,-96],[-25,-35],[175,-113],[251,-25],[21,-94],[20,6],[19,65],[-15,21],[63,3],[60,121],[132,69],[11,28],[12,-17],[35,16],[-4,24],[44,9],[-20,-28],[28,6],[6,-29],[1,39],[-42,39],[112,-9],[55,66],[-41,31],[15,19],[49,-79],[10,73],[37,-23],[15,27],[-19,36],[-45,-5],[46,7],[50,-18],[18,12],[44,97],[-14,31],[19,43],[129,124],[-68,164],[31,96]],[[93013,123261],[-88,151],[6,76],[-28,73],[120,59],[30,0],[27,-44],[81,36],[24,-26],[51,27],[-2,36],[-77,37],[77,80],[42,93],[-7,77],[67,123],[44,17],[9,27],[-34,153],[-33,19],[81,14],[27,38],[53,-12],[29,28],[-19,16],[-3,74],[-53,58],[73,17],[12,26],[36,-10],[22,33],[-27,13],[5,23],[42,2],[116,76],[54,13],[43,-20],[58,40],[147,36],[65,79],[74,22],[21,-50],[21,-6],[24,29],[29,-31],[23,65],[83,-13],[5,42],[30,13],[-12,34],[26,13],[71,-57],[39,6],[13,84],[40,15],[27,84],[-15,36],[-73,17],[12,44],[99,0],[42,42],[-15,44],[50,38],[-8,30],[25,22],[-6,34],[-109,67],[30,45],[42,12],[8,37],[-23,24],[17,53],[-56,44],[-5,36],[56,8],[39,-37],[-6,-40],[50,-36],[141,17],[39,-56],[-35,27],[-75,-15],[-51,-91],[24,-25],[-10,29],[27,38],[-25,-38],[42,-76],[-19,-64],[16,-26],[53,7],[-13,-25],[18,-58],[-37,-20],[-88,3],[-50,-73],[8,-100],[-150,-98],[-9,-46],[32,-92],[-57,-50],[15,-45],[-47,-71],[8,-42],[-39,-123],[-50,-55],[-128,-35],[-27,117],[-92,10],[-29,-17],[-88,-175],[-39,-22],[-10,-29],[21,-7],[-22,-23],[19,-48],[43,-12],[-19,52],[53,-98],[-27,-85],[14,-28],[-23,-20],[-55,11],[-15,-30],[17,-24],[-137,-123],[-49,-123],[25,-124],[164,-78],[-48,-64],[-84,-36],[-5,-25],[-27,5],[24,-87],[-55,-13],[-47,-47],[-14,15],[-32,-121],[-16,25],[-67,-16],[1,-28],[6,20],[6,-21],[52,0],[-27,-23],[31,-42],[-37,-94],[-49,59],[8,126],[-40,53],[-80,-5],[-57,-34],[-12,-37],[20,-18],[6,-98],[-35,-34],[-81,5],[-30,-29],[-27,33],[-32,-22],[6,27],[-32,6],[29,44],[-2,50],[-50,55],[-70,-6],[8,22],[-55,46],[-106,-47],[26,36],[-8,71]],[[95063,125758],[-45,77],[57,-3],[50,44],[37,197],[48,-3],[31,35],[168,50],[47,-102],[-96,-117],[84,-59],[-2,-23],[36,23],[-41,6],[28,23],[31,-37],[-22,-58],[-60,-24],[-57,19],[-74,-100],[-77,-30],[16,-67],[94,-32],[-36,-38],[-21,-101],[-82,-2],[-13,73],[-74,-2],[23,79],[-42,16],[15,81],[-23,75]],[[95879,126114],[-1,61],[-41,32],[-41,-8],[41,-23],[-51,4],[-27,-27],[-116,38],[15,38],[-27,18],[39,-10],[38,34],[16,87],[53,26],[-55,16],[14,8],[-25,32],[-28,9],[17,-37],[-29,19],[9,29],[-9,-19],[-19,8],[-74,-67],[-89,-55],[5,-8],[-34,-62],[10,-27],[-36,-18],[3,-30],[-38,14],[23,8],[-40,28],[12,9],[-45,19],[135,55],[3,20],[40,47],[13,58],[-1,101],[-70,52],[15,30],[-53,40],[3,45],[51,-29],[63,13],[15,-22],[14,18],[37,-7],[8,26],[71,-16],[-28,36],[50,18],[55,75],[-37,0],[-21,-35],[-118,-62],[-5,17],[-78,5],[2,30],[-58,3],[-7,39],[35,47],[-26,67],[23,49],[-30,1],[-68,-144],[10,-68],[-64,-68],[21,-22],[-23,-72],[29,-149],[-64,11],[-47,86],[-41,-24],[-47,19],[18,36],[-14,48],[-49,28],[28,48],[-28,13],[20,43],[-36,69],[134,82],[128,266],[77,-13],[159,24],[131,-67],[149,-169],[118,-184],[73,-47],[106,-5],[55,-113],[168,-67],[91,72],[19,66],[-140,76],[-11,59],[43,69],[-15,23],[-74,16],[4,36],[54,30],[90,-52],[176,32],[11,-36],[45,-11],[-22,-24],[-58,30],[-36,-47],[4,-34],[81,-41],[-23,-56],[40,-97],[-118,-26],[2,-43],[-18,42],[-24,-54],[0,-22],[24,-5],[-15,-52],[21,-4],[7,23],[0,-23],[110,-27],[19,-30],[-24,-73],[11,-105],[-69,-93],[-92,-40],[-45,77],[-38,10],[-70,-37],[-22,70],[-33,9],[-22,-20],[19,-51],[-46,-102],[-144,-53],[-91,-4],[-130,-109],[0,-36],[-25,-15],[-14,12],[45,112],[-43,68],[32,62]],[[99314,132537],[28,14],[71,-36],[-22,69],[-29,8],[30,14],[27,-28],[23,27],[41,-40],[57,-7],[66,-63],[-8,-29],[32,-6],[-25,-21],[93,-31],[11,-28],[23,7],[41,-96],[12,91],[37,27],[-50,-5],[-84,64],[-3,73],[-48,74],[124,-53],[18,52],[-52,16],[37,45],[-33,24],[40,-13],[11,15],[-37,15],[12,43],[-24,22],[43,18],[1,-35],[41,7],[0,-88],[36,-13],[-30,-6],[11,-23],[25,3],[-16,-60],[18,1],[-22,-11],[22,-7],[-23,-23],[60,-7],[-3,51],[21,38],[27,-2],[-32,45],[-24,-1],[4,25],[36,49],[42,-6],[52,76],[24,1],[29,-27],[-35,-38],[6,-42],[17,0],[-15,-29],[48,-9],[75,-61],[34,-62],[-20,-54],[40,-58],[-21,-34],[42,-11],[26,-89],[22,28],[103,-28],[-89,-107],[-87,-23],[13,-41],[-89,-167],[21,-14],[41,19],[9,-163],[-22,-45],[56,5],[-6,-31],[67,26],[9,117],[36,-8],[-1,-64],[105,38],[-35,-67],[93,-104],[2,-84],[-63,-82],[-162,-16],[-91,-79],[-20,-50],[-77,-39],[-31,-151],[-49,81],[3,61],[-40,-49],[12,-59],[26,-9],[3,-59],[28,-38],[33,-2],[-24,-70],[17,-19],[-35,2],[14,-54],[-32,-64],[-52,-17],[34,-21],[-11,-45],[-64,-5],[27,-41],[-36,-87],[31,-46],[-78,-67],[-52,14],[-33,-30],[-37,17],[-3,37],[-50,-6],[2,17],[-33,9],[30,109],[-40,67],[-81,58],[-35,-23],[-6,-34],[-39,17],[-73,74],[-31,73],[-43,7],[-51,50],[-38,-8],[-20,82],[-88,43],[31,23],[-4,57],[49,120],[-41,81],[-30,-5],[47,29],[28,79],[-32,74],[14,50],[-108,63],[26,147],[-73,66],[-91,-18],[27,33],[-8,36],[-35,1],[22,11],[-10,46],[-94,-4],[48,62],[34,6],[8,31],[-32,34],[91,14],[17,-28],[9,18],[83,-20],[4,40],[-32,-8],[-82,49],[-52,4],[5,19],[41,13],[77,-33],[105,12],[-98,81],[205,25],[-87,21],[-2,25],[-41,-21],[-97,31],[9,36],[80,22],[-15,45],[-73,-6],[2,67],[91,42],[93,-23],[22,-43],[21,-1]],[[110848,102681],[-56,22],[-27,-15],[-1,25],[-26,7],[-57,-25],[-7,31],[-30,11],[-75,-11],[-343,-134],[-216,-126],[-135,-144],[-37,-107],[-108,35],[-63,-14],[-37,124],[-106,117],[-51,173],[23,135],[57,93],[35,141],[-18,33],[21,55],[6,186],[-47,217],[-40,59],[-18,100],[-104,236],[24,40],[-6,100],[-49,167],[29,20],[112,-36],[25,34],[-5,-28],[44,-50],[29,72],[43,-3],[-40,-8],[-14,-53],[58,1],[40,33],[32,42],[43,155],[73,74],[-9,66],[200,130],[248,407],[14,13],[13,-16],[-10,20],[-8,1],[294,571],[229,598],[-35,67],[-11,118],[-46,-57],[43,61],[-11,87],[26,79],[-24,157],[16,155],[-47,54],[-7,91],[-64,88],[48,153],[-7,51],[41,74],[-7,28],[-27,-13],[-1,26],[-54,-25],[-16,45],[26,62],[136,168],[98,52],[-18,58],[63,35],[168,278],[-3,61],[63,200],[85,27],[-17,-23],[40,5],[-16,-13],[23,-1],[-10,-31],[51,-3],[53,54],[-22,49],[41,31],[-16,29],[8,-27],[-37,12],[-66,-33],[2,45],[97,14],[-68,46],[-3,31],[25,49],[40,-7],[80,79],[53,92],[-10,55],[20,52],[67,117],[-17,168],[-68,106],[-2,41],[106,61],[37,99],[150,161],[30,91],[66,42],[23,185],[44,39],[27,-23],[-3,-37],[43,-16],[15,40],[67,0],[0,30],[-20,-17],[-16,18],[78,124],[28,8],[66,87],[20,-42],[58,-40],[1,-105],[25,-22],[-31,-29],[37,-42],[-11,-103],[55,-21],[-23,-47],[94,4],[-17,-240],[54,-44],[58,1],[42,-96],[11,-102],[-24,-75],[-98,-71],[-37,-160],[4,-36],[36,-32],[-34,-66],[-6,-251],[26,-101],[-12,-91],[18,-82],[-21,-75],[31,-84],[-8,-83],[40,-67],[-5,-97],[24,-30],[-43,-28],[-21,-43],[-8,4],[-1,-10],[-23,1],[-21,-27],[19,27],[24,1],[1,10],[-53,-1],[-5,17],[-51,-51],[6,-70],[-55,-44],[25,-50],[-2,-74],[-85,-55],[-53,-101],[-56,-309],[48,9],[42,-25],[38,-81],[-84,-199],[3,-140],[51,-81],[-75,-47],[12,-24],[16,18],[-16,-40],[36,-30],[7,-42],[-100,-160],[-97,-29],[-46,-60],[-51,-9],[-16,-29],[-9,-53],[40,-65],[-15,-27],[18,-51],[-35,-22],[22,-39],[-31,-67],[39,-13],[-86,-43],[-17,-51],[35,-31],[-21,-64],[-41,40],[-25,-14],[-13,-56],[-63,-5],[-63,-68],[-99,41],[-97,-48],[-47,-121],[-13,-165],[-106,-74],[-99,-160],[-36,-150],[20,-77],[-33,-42],[-5,-84],[-54,-40],[-132,-189],[27,-87],[63,-81],[-4,-106],[-55,-1],[-16,-22],[20,27],[29,-3],[5,23],[-46,-17],[-25,14],[-50,-61],[-5,-44],[32,-9],[6,-52],[126,-111],[35,8],[31,-22],[-4,-38],[-32,-2],[35,-25],[-43,-21],[100,-53],[1,-47],[-34,0],[23,-49],[-75,-41],[-96,-154],[35,15],[-2,-98],[25,-86],[126,-111],[-10,-42],[34,-24],[-12,-19],[-36,39],[-29,-5],[-147,-124],[-28,-184],[67,-128],[-52,9],[-79,-46],[-20,34]],[[109410,108997],[3,26],[61,39],[52,-58],[-25,-67],[28,-34],[-20,-69],[16,-13],[22,21],[-11,-54],[48,-18],[21,-60],[-12,-20],[27,-35],[-38,-59],[17,-15],[-19,-69],[-61,-87],[-54,-20],[-26,26],[-34,-31],[-20,24],[-68,-5],[-14,18],[-92,-9],[-28,37],[26,32],[17,144],[47,91],[-27,73],[33,10],[131,182]],[[96603,110423],[99,-10],[87,41],[8,-63],[36,-45],[129,-44],[25,-60],[56,-10],[-29,-8],[6,-15],[105,-16],[6,-114],[-158,-169],[-208,-95],[-105,-6],[-99,66],[-71,19],[-30,43],[-55,-7],[38,38],[-17,24],[-41,3],[24,25],[-12,71],[-46,39],[-24,-9],[18,-27],[-38,42],[1,104],[152,15],[82,87],[-9,33],[24,-7],[46,55]],[[101309,109419],[-23,16],[16,65],[50,9],[29,-35],[22,19],[38,-11],[224,200],[152,74],[35,-63],[102,-30],[45,-39],[73,-131],[-37,-128],[-76,-57],[-119,21],[-62,-28],[-40,13],[-226,-50],[-23,45],[-42,-6],[40,-116],[-23,-18],[-49,126],[-35,-21],[-89,3],[-48,48],[66,94]],[[103561,109686],[-125,30],[-44,45],[-78,22],[-145,-55],[-72,29],[22,36],[35,-19],[93,15],[3,92],[40,36],[67,-13],[6,-29],[64,-20],[103,84],[6,-60],[47,-10],[95,-73],[110,-19],[-22,-133],[-31,-25],[-116,68],[-58,-1]],[[217997,193771],[-157,44],[-57,51],[-115,10],[-31,51],[10,79],[-85,73],[-20,120],[-243,-3],[-9,80],[-211,57],[-13,66],[-45,30],[-79,30],[-58,-11],[93,253],[76,115],[-33,160],[14,149],[-31,34],[-4,66],[-101,83],[-6,69],[-30,34],[2,78],[63,23],[31,74],[19,-15],[90,42],[-3,75],[36,51],[-19,55],[-55,33],[-29,85],[72,48],[-107,59],[0,65],[-45,99],[-164,-32],[-26,33],[-114,-10],[-70,44],[-90,-9],[-89,141],[16,38],[-31,108],[-36,25],[-42,98],[-50,-7],[-46,26],[-6,75],[-40,24],[56,152],[28,23],[12,-27],[43,-5],[12,35],[32,-18],[-31,-86],[85,-114],[115,-12],[93,-56],[-15,64],[65,55],[246,65],[69,-30],[6,19],[-7,84],[-89,98],[-31,135],[-61,86],[106,107],[60,34],[27,-21],[-32,72],[3,80],[-44,59],[-127,-44],[-104,156],[-2,62],[-39,24],[10,185],[-31,51],[-112,81],[36,83],[-14,141],[31,64],[-30,45],[-2,86],[-46,58],[95,19],[55,40],[18,58],[117,15],[83,37],[54,-5],[92,80],[96,-3],[25,68],[67,25],[-14,40],[47,27],[3,65],[-35,14],[-47,123],[76,141],[-24,48],[22,45],[-37,37],[-12,100],[23,182],[-17,46],[54,75],[-24,86],[68,105],[-78,67],[-27,101],[36,100],[1,162],[-52,72],[-9,154],[-147,128],[-60,13],[-106,-38],[-54,13],[-36,66],[-78,34],[-75,9],[-52,-19],[-48,11],[-9,23],[-101,5],[-76,-65],[-42,35],[-148,-54],[-119,16],[-131,-39],[-74,-72],[-81,-131],[-67,-45],[-133,8],[-166,72],[-173,121],[-179,-30],[-42,-71],[2,-126],[-153,57],[-252,5],[21,49],[-57,77],[16,75],[-17,51],[-73,15],[-65,-30],[-70,53],[-295,97],[-73,49],[-194,42],[-4,190],[35,100],[-66,18],[32,52],[-7,114],[40,56],[-52,102],[17,130],[-49,47],[-4,89],[65,193],[60,97],[-45,141],[18,91],[105,91],[30,79],[-27,138],[85,43],[150,213],[-38,64],[35,53],[-4,82],[-112,94],[6,65],[50,54],[34,86],[-7,104],[32,68],[97,43],[78,-11],[-33,95],[37,83],[121,0],[64,52],[77,205],[-34,49],[1,68],[72,54],[51,3],[83,111],[112,19],[123,-65],[165,54],[82,60],[52,-25],[47,38],[124,22],[74,79],[-4,45],[75,123],[-117,50],[-109,122],[23,210],[-77,26],[228,112],[86,-9],[24,55],[67,54],[129,12],[94,40],[36,-22],[123,-2],[48,27],[128,-98],[80,108],[39,18],[42,91],[58,-7],[83,-106],[69,-20],[86,81],[3,50],[67,97],[73,9],[40,-24],[202,80],[54,44],[91,0],[12,23],[92,17],[38,-14],[38,36],[106,-6],[118,95],[155,34]],[[217768,205995],[125,-32],[112,43],[37,106],[38,8],[46,56],[-6,155],[77,80],[34,-29],[82,7],[72,-56],[105,-25],[136,-113],[50,-32],[45,3],[34,-41],[146,19],[61,-7],[36,-38],[61,-1],[46,50],[-2,72],[38,93],[167,110],[51,0],[92,-54],[50,41],[77,133],[-26,57],[54,100],[0,157],[38,37],[-36,24],[-33,72],[-6,85],[-59,103],[-4,101],[117,1],[80,-38],[49,30],[158,-84],[75,-6],[113,75],[152,37],[54,104],[33,13],[352,31],[300,81],[11,75],[-68,149],[-109,40],[-14,31],[26,97],[58,68],[-7,72],[-63,91],[68,121],[16,83],[102,54],[24,106],[116,27],[122,-34],[72,37],[171,-70],[61,-62],[111,74],[1,217],[-72,128],[8,55],[31,24],[-7,47],[-139,168],[-39,329],[32,96],[-10,164],[33,101],[-17,88],[58,38],[408,-37],[210,149],[209,-77],[232,60],[37,123],[57,56],[91,37],[66,70],[89,27],[21,32],[98,3],[11,45],[134,134],[-34,181],[39,140],[-15,88],[58,183],[33,39],[198,-55],[56,-125],[104,-6],[29,-39],[-7,-63],[46,-39],[56,-207],[156,-72],[104,-195],[157,-84],[123,-34],[41,-99],[78,-89],[-60,-278],[103,-188],[55,-29],[94,18],[64,-52],[52,10],[58,-42],[113,18],[64,62],[86,20],[50,-13],[127,-237],[-84,-100]],[[164875,188460],[37,26],[85,-8],[43,27],[43,-37],[-32,-34],[37,-17],[12,24],[26,-4],[-26,-83],[14,-19],[-23,-14],[18,-53],[38,4],[6,24],[19,-20],[39,32],[42,-53],[59,43],[32,-19],[8,-25],[-41,-37],[-15,-80],[-24,33],[-24,-37],[-75,-37],[44,-1],[-46,-11],[-15,-104],[134,99],[58,-22],[5,-32],[104,44],[3,-19],[-21,-38],[-63,-2],[-84,-200],[-71,-15],[37,-51],[-50,-2],[5,-28],[-43,23],[-4,-18],[69,-71],[34,17],[55,-15],[17,-45],[55,25],[66,-17],[-3,40],[-29,-2],[1,30],[-29,-4],[-18,49],[16,49],[119,62],[57,153],[77,-9],[68,76],[-27,5],[-22,91],[-81,46],[-108,12],[-152,-20],[-2,27],[33,30],[-25,58],[107,-54],[205,17],[124,40],[24,35],[33,-12],[86,35],[0,23],[114,37],[147,86],[67,83],[7,48],[-47,39],[15,20],[39,-5],[-32,35],[19,20],[24,-22],[5,24],[46,-7],[22,117],[71,-20],[-3,29],[40,17],[11,52],[36,19],[-13,25],[22,37],[41,-30],[36,9],[15,-28],[102,22],[45,47],[102,-20],[43,20],[22,-61],[40,17],[3,24],[78,-52],[50,10],[41,32],[14,48],[-17,29],[50,71],[47,20],[31,-37],[49,-5],[44,49],[65,4],[79,58],[74,17],[-6,21],[26,18],[-10,44],[45,-19],[30,102],[93,0],[44,55],[32,2],[60,51],[41,111],[-42,50],[9,31],[-50,2],[8,26],[26,-22],[24,46],[54,6],[44,-35],[7,40],[-24,4],[29,-1],[10,36],[83,-28],[58,23],[3,25],[40,-9],[37,56],[5,-38],[45,-15],[89,38],[58,-1],[118,77],[25,36],[-30,31],[53,38],[39,1],[23,-92],[68,-29],[61,45],[50,-7],[17,38],[56,-16],[65,28],[26,69],[16,-29],[52,-8],[39,16],[25,57],[28,-23],[77,0],[46,43],[-1,56],[47,-50],[59,71],[32,-4],[12,-47],[134,-11],[205,129],[-34,73],[26,44],[37,5],[27,-76],[73,-26],[72,-109],[40,7],[-2,-50],[97,-63],[8,-42],[52,-4],[4,40],[61,-7],[3,-45],[-47,-24],[17,-23],[-21,3],[-12,-35],[85,-111],[124,5],[20,-40],[41,-12],[58,18],[-13,-111],[26,-18],[-33,-3],[3,-56],[23,-18],[51,27],[38,-61],[52,23],[3,-46],[47,-34],[-14,-35],[24,-60],[-22,-35],[20,-18],[-42,-74],[24,-33],[-33,-32],[6,-26],[42,-6],[7,25],[30,0],[101,-94],[103,-23],[28,-89],[-32,-27],[9,26],[-29,-7],[-7,-103],[-82,-119],[32,-54],[-32,-40],[68,-174],[-57,-1],[-3,-34],[-60,-16],[-51,83],[-45,-5],[-6,18],[48,9],[7,41],[51,38],[-17,56],[-32,-16],[-31,23],[-19,-17],[-6,30],[-60,-91],[-40,-23],[-33,5],[30,22],[-64,26],[-6,-74],[-103,-13],[-51,-69],[11,-35],[-25,1],[-74,-94],[-86,-143],[-8,-91],[-68,-168],[12,-48],[-26,-103],[-48,-44],[-80,-27],[-26,-76],[-98,-84],[-35,-70],[-139,-73],[-21,-71],[-74,-88],[-23,-91],[-92,-77],[-122,-176],[-25,-129],[-23,12],[23,98],[136,195],[-9,43],[-40,26],[-210,-128],[-119,-23],[-72,-65],[-98,9],[-31,-113],[49,-36],[-17,-11],[58,-20],[-28,-39],[-69,26],[-14,-27],[64,-48],[161,183],[168,-80],[36,27],[27,-208],[51,-47],[21,-71],[73,-16],[14,-37],[43,9],[12,33],[39,4],[45,52],[27,86],[-18,72],[-77,42],[4,74],[46,49],[71,-4],[39,53],[80,37],[55,-4],[35,118],[31,30],[-30,138],[20,9],[27,-46],[88,-27],[58,57],[-18,37],[57,15],[15,47],[29,-5],[42,51],[5,68],[44,23],[23,-22],[4,-89],[-20,-16],[16,-60],[-78,16],[-43,-44],[30,-35],[-34,-18],[13,-52],[37,-36],[37,-2],[-48,-50],[11,-63],[57,-49],[194,-10],[12,-49],[68,-61],[-133,-57],[-30,-47],[-118,29],[-9,-53],[-63,50],[1,24],[39,18],[-11,42],[-56,18],[-67,-26],[-65,-89],[-16,-75],[17,-94],[51,-91],[54,-50],[333,-35],[0,-47],[53,-29],[-17,-60],[151,-75],[88,-72],[99,-2],[197,-56],[77,108],[11,63],[86,49],[49,-78],[1,-54],[68,-31],[-7,-101],[47,-83],[-23,-18],[-13,-132],[-31,-52],[-84,-48],[-12,-40],[29,-34],[-22,-26],[29,-5],[-9,-30],[-29,13],[-84,-35],[1,-55],[43,34],[27,-38],[-30,-49],[-24,12],[-37,-31],[47,-15],[9,-26],[-27,-36],[-16,-131],[-20,18],[-57,-31],[37,-91],[36,11],[10,-31],[24,8],[-10,30],[56,-15],[-11,87],[26,-25],[42,1],[-16,40],[37,17],[-17,78],[54,9],[14,55],[41,11],[47,60],[136,34],[-23,64],[43,42],[-36,10],[-74,-38],[20,53],[52,8],[48,42],[-20,52],[33,15],[-42,66],[49,-47],[47,10],[-20,-29],[24,-33],[65,7],[17,-21],[87,44],[25,-21],[39,20],[20,-26],[25,51],[64,-18],[-9,-46],[54,-48],[-22,-29],[-50,34],[33,-33],[-38,24],[21,-22],[-18,-37],[-64,7],[-15,-72],[115,9],[10,-30],[43,20],[31,-28],[13,23],[-22,33],[64,28],[-4,31],[29,9],[26,-69],[-33,-10],[9,-13],[87,28],[-46,92],[17,84],[87,93],[-27,-15],[-36,29],[50,78],[-98,-25],[-49,108],[1,39],[43,0],[-9,27],[46,70],[-23,35],[-85,-7],[-74,-123],[4,-75],[-55,-30],[-26,38],[-79,26],[-45,-23],[-46,13],[-23,-25],[-70,21],[-48,-50],[-67,41],[-97,-13],[20,36],[-38,25],[72,32],[-53,68],[5,28],[56,12],[24,40],[-15,40],[-93,10],[-63,52],[-17,142],[34,218],[51,73],[26,-17],[-4,-104],[58,-25],[49,20],[76,86],[139,35],[139,118],[28,51],[59,-28],[15,13],[71,-71],[128,68],[12,40],[-40,34],[19,23],[51,-91],[147,147],[192,-62],[17,49],[-35,16],[-4,63],[53,48],[-37,50],[37,-14],[10,18],[14,-27],[68,50],[-22,41],[20,30],[-18,72],[76,-15],[1,25],[20,-26],[20,31],[29,-15],[22,45],[22,-16],[24,14],[17,96],[52,-17],[34,57],[38,-2],[37,33],[25,-60],[-39,-23],[-9,-47],[32,-52],[-75,51],[-22,-27],[13,-34],[-68,-12],[55,-105],[-33,-3],[-82,-98],[33,-22],[-14,-55],[36,-97],[54,12],[18,42],[26,-27],[31,30],[63,-5],[-6,-27],[47,-49],[-47,-29],[11,-40],[93,28],[-18,-47],[31,-64],[103,36],[75,-20]],[[232693,195482],[8,103],[138,114],[161,-140],[69,-126],[68,-281],[64,-118],[385,-407],[231,-146],[255,-292],[112,-361],[185,-167],[212,-115],[273,-32],[56,-50],[21,-71],[-91,-183],[88,-158],[178,-74],[192,-153],[159,-59],[131,-139],[118,-81],[61,-11],[200,32],[106,-31],[104,-113],[212,-144],[240,-86],[76,-117],[98,-67],[63,17],[127,99],[74,0],[261,-127],[178,-58],[41,-34],[92,-186],[169,-215],[59,-38],[83,-10],[153,44],[272,108],[248,150],[124,9],[220,-120],[154,1],[351,250],[158,66],[107,-18],[249,-123],[212,-11],[215,125],[185,176],[65,142],[118,107],[507,174],[129,-1],[142,-46],[95,14],[153,80],[174,46],[137,187],[172,-108],[178,-161],[263,-72],[-166,153],[-50,221],[37,56],[55,-28],[24,15],[57,214],[160,233],[181,-143],[146,-161],[493,-259],[42,-34],[-15,-12],[109,-63],[65,-133],[38,21],[23,-37],[-29,-13],[10,-19],[143,-46],[131,-123],[59,-83],[99,-232],[122,-176],[33,-104],[731,-163],[318,-208],[147,-219],[132,-378],[243,-263],[1018,-696],[368,-11],[72,28],[28,52]],[[247555,189865],[50,-27],[38,23],[35,-23],[7,28],[18,-4],[-8,-29],[69,-62],[21,10],[-15,-22],[62,31],[-103,68],[-49,92],[53,-85],[95,-56],[141,-167],[-32,-6],[13,16],[-30,30],[-16,-10],[12,13],[-51,53],[-16,-8],[-28,48],[16,9],[-63,-34],[41,-72],[-18,-11],[25,-1],[-23,-15],[63,25],[-89,-46],[58,-10],[50,31],[-48,-35],[-60,6],[48,-187],[-38,-18],[-35,-71],[2,-44],[53,-33],[-9,-30],[-61,-1],[-30,-57],[39,-164],[-55,40],[-115,17],[-33,-21],[32,27],[43,-11],[-66,31],[-13,-13],[0,17],[-24,-18],[26,-22],[-68,45],[-115,-39],[98,37],[9,30],[21,-18],[1,22],[-43,49],[-76,-39],[-40,71],[41,-67],[39,25],[-22,43],[-41,-4],[9,26],[28,2],[1,22],[-26,3],[9,32],[-22,7],[-5,-20],[-20,48],[-52,2],[7,-14],[-22,30],[-55,2],[-265,-34],[-541,-187],[-235,-111],[-155,-12],[-110,-63],[-39,-74],[32,104],[58,0],[29,23],[0,34],[-38,17],[29,-39],[-49,-15],[-22,20],[-2,-19],[-44,-10],[20,-27],[-20,11],[-8,47],[-48,5],[-30,81],[-92,60],[-132,0],[-141,-40],[-35,19],[-156,-79],[-106,-12],[-98,-71],[-24,19],[-86,-38],[-49,-58],[-25,20],[-140,-70],[15,-26],[-19,20],[-160,-97],[-7,-41],[-31,12],[-74,-49],[14,-26],[-38,9],[-85,-61],[7,-32],[-19,17],[-38,-21],[-104,-89],[10,-24],[-29,10],[-125,-110],[12,-15],[-19,11],[-92,-67],[-37,-46],[12,-17],[-14,16],[-43,-20],[-66,-61],[7,-24],[-50,-2],[-84,-92],[-13,12],[-70,-54],[-363,-336],[15,-22],[-17,15],[-110,-85],[-410,-416],[-286,-365],[-143,-253],[-3,-32],[24,-5],[11,-74],[-15,69],[-18,1],[5,-19],[-19,5],[28,-27],[-44,9],[-38,-34],[0,-25],[37,-15],[-10,-5],[-66,42],[-140,-161],[-234,-390],[-232,-517],[-112,-316],[-177,-763],[-16,-240],[31,-55],[-31,-35],[-3,-73],[27,-28],[-22,-3],[-6,-64],[3,-55],[23,-9],[-23,-27],[2,-65],[27,-26],[-28,-37],[25,-63],[-5,-125],[30,-25],[-15,-61],[18,-4],[18,-124],[31,-24],[48,4],[-30,-11],[5,-22],[6,19],[23,-12],[6,45],[79,-183],[22,1],[63,-235],[-142,-294],[-61,-236],[14,-36],[-32,-65],[12,-79],[28,-11],[-2,-54],[57,-33],[-54,0],[51,-44],[-56,30],[0,-28],[59,-30],[15,77],[-3,-110],[-28,-3],[-18,-48],[33,-109],[-88,-125],[10,-76],[-46,-79],[-24,-146],[-43,-43],[20,-14],[-16,-27],[21,30],[-23,-62],[25,-53],[-72,-60],[-56,-110],[-9,-85],[-21,8],[-58,-62],[-18,-49],[-154,-42],[21,14],[-122,50],[-96,-11],[-35,-46],[-2,24],[-58,-118],[-78,-46],[-82,-90],[-9,-132],[-12,-20],[1,21],[-23,-10],[-18,-37],[41,20],[-73,-91],[17,-46],[-14,21],[-13,-76],[14,42],[20,-1],[-40,-65],[18,-33],[-50,8],[12,-26],[-31,25],[-42,-41],[-46,23],[-57,-69],[-19,10],[5,52],[31,6],[-15,24],[17,29],[-44,27],[53,0],[-12,58],[-35,18],[6,-64],[-27,88],[-138,22],[-42,-83],[-28,10],[-48,-24],[21,-14],[-10,-44],[18,6],[-33,-35],[20,6],[-8,-30],[36,-3],[-40,-25],[-48,15],[-4,-49],[-29,9],[-12,-28],[-20,17],[5,-18],[-24,0],[3,21],[-24,-21],[-7,21],[-10,-25],[19,-9],[-31,-23],[-43,8],[40,46],[-10,23],[-73,36],[-28,-15],[-6,-54],[-20,3],[5,35],[-18,-29],[-50,-6],[15,36],[-33,33],[-52,-12],[-5,-50],[-39,5],[-36,-30],[9,49],[-11,-28],[-14,15],[-31,-15],[9,-22],[-21,18],[1,-58],[35,0],[4,-28],[11,19],[-10,-20],[-42,-12],[-25,-46],[-72,1],[-45,-57],[-38,9],[49,-62],[-72,-54],[-178,26],[-161,-38],[-64,-74],[-36,4],[-8,49],[-93,118],[52,-23],[-4,36],[-35,8],[53,22],[-40,-9],[-19,62],[-37,19],[-71,-31],[17,-6],[-30,-33],[27,7],[-30,-8],[0,-50],[-32,-25],[-27,26],[-24,-14],[-10,42],[-81,-17],[-69,52],[-91,-45],[44,39],[-54,-2],[-27,-26],[33,-29],[-35,27],[-55,1],[-51,-84],[-83,14],[-12,20],[32,-13],[-33,29],[-9,-18],[-94,55],[-211,-102],[-118,-90],[-91,-121],[4,-57],[46,-2],[-52,-23],[26,-9],[19,-47],[-40,46],[33,-56],[-45,-35],[48,10],[49,59],[-42,-65],[-24,-14],[-72,10],[-24,-28],[24,-36],[-39,-18],[-12,-36],[25,-18],[-4,-48],[43,-22],[-28,-30],[22,-1],[-55,1],[5,-36],[-57,25],[-73,-56],[-57,25],[-9,-73],[-80,-23],[1,-20],[46,-3],[-13,-36],[24,0],[13,-34],[-33,7],[-57,-37],[27,41],[-48,-6],[-11,-26],[25,-12],[-49,-24],[30,-19],[-24,-28],[-53,41],[-33,-17],[-16,29],[-71,-33],[21,30],[-24,-2],[8,-16],[-24,23],[-294,-122],[-171,-117],[-115,-152],[-61,-24],[64,39],[-58,-23],[15,20],[-27,7],[-21,-29],[16,-29],[-49,36],[-128,-99],[-231,-255],[-110,-190],[-46,-143],[10,-102],[-23,-4],[-52,-85],[17,-74],[-34,-4],[-70,-134],[6,-88],[38,-9],[9,-70],[-14,62],[-19,0],[0,-31],[38,-118],[-9,75],[28,16],[-25,-25],[24,-45],[-15,-24],[17,-1],[-26,-13],[-3,-24],[19,3],[-27,-59],[22,-30],[-29,-4],[24,-21],[-46,-29],[9,-23],[-36,-12],[16,-20],[-35,-29],[-20,10],[14,-20],[-67,-63],[42,24],[-3,-27],[-86,-44],[-7,-25],[-15,18],[6,-32],[-35,-36],[-42,-11],[-15,28],[-14,-16],[27,-15],[-12,-90],[-68,-19],[-15,-34],[-50,-3],[-22,-28],[-94,-7],[22,-8],[-20,-10],[31,-6],[-4,20],[35,-18],[-4,-21],[-124,14],[13,-48],[-74,-17],[-77,20],[-17,-16],[16,-23],[-80,-1],[-22,-20],[-47,39],[-3,-28],[-81,25],[-34,-23],[12,-39],[-50,-43],[-9,55],[17,11],[-60,-15],[-104,25],[-50,-22],[-47,52],[-56,16],[-241,-43],[-29,-29],[-42,21],[-16,-13],[15,14],[-34,11],[-38,-25],[-17,63],[-157,66],[7,32],[-28,41],[10,66],[17,-21],[14,23],[-22,32],[6,-30],[-29,14],[35,68],[36,-6],[-34,9],[22,5],[6,42],[-129,185],[-115,84],[-412,190],[-109,-28],[11,16],[-69,8],[13,31],[-140,17],[7,59],[-21,-15],[-63,65],[1,35],[24,5],[-20,22],[33,5],[-45,75],[33,10],[-9,55],[67,-14],[11,-46],[26,19],[-14,15],[66,-30],[121,47],[34,-43],[110,19],[-25,-35],[48,-20],[97,30],[16,-21],[37,7],[121,46],[-2,21],[15,14],[-13,-25],[26,4],[-4,12],[27,-15],[51,29],[22,-18],[37,37],[-8,-22],[22,-16],[73,50],[-15,12],[24,2],[-14,18],[53,88],[-51,26],[5,21],[38,0],[17,-23],[199,35],[12,-44],[34,2],[-50,-11],[-1,-44],[101,-15],[40,29],[-18,19],[-38,-6],[38,7],[23,-17],[-13,16],[14,-14],[47,56],[15,46],[-20,7],[23,0],[-27,10],[27,-9],[-20,8],[21,-5],[8,43],[-23,5],[29,32],[-11,215],[-79,185],[-13,4],[-6,-16],[-40,-10],[40,12],[5,15],[-23,7],[-45,-31],[46,43],[-25,9],[-26,-28],[-8,23],[-4,-43],[-64,92],[-17,11],[-10,-19],[-49,63],[-96,16],[-37,-29],[-199,103],[23,67],[48,30],[56,-83],[34,44],[-24,-36],[31,4],[7,-25],[13,4],[-26,39],[29,-38],[93,49],[-22,1],[35,48],[-21,10],[21,-9],[14,37],[-4,29],[-26,5],[1,26],[18,-18],[-2,35],[-17,24],[-45,-4],[3,64],[-37,98],[-80,60],[41,59],[-13,43],[214,105],[0,28],[13,-35],[20,78],[18,-21],[-9,18],[30,9],[6,50],[-24,6],[18,48],[-48,120],[-27,24],[-10,-13],[12,22],[-123,9],[13,41],[-71,-22],[58,68],[-37,9],[-16,34],[31,-4],[-10,44],[33,-13],[5,15],[-30,42],[-1,-41],[-27,58],[52,24],[9,41],[-21,19],[40,9],[-7,-23],[28,16],[-6,61],[51,10],[24,33],[-24,95],[27,-31],[33,-4],[5,18],[-32,4],[14,48],[-30,-33],[20,85],[-100,136],[6,46],[-31,52],[-160,55],[33,19],[-17,10],[20,127],[28,-2],[-9,-16],[24,23],[-12,25],[-13,-31],[9,31],[-82,72],[45,-12],[-37,40],[38,18],[-34,45],[32,55],[-22,24],[27,1],[-29,67],[25,15],[4,60],[42,45],[23,76],[42,38],[-1,-25],[23,15],[-15,14],[36,10],[2,43],[180,78],[7,35],[-1,-29],[17,6],[11,27],[-21,-10],[62,50],[208,82],[-30,21],[33,-17],[22,6],[-22,18],[21,-17],[31,21],[23,135],[25,4],[-17,190],[-83,246],[-81,116],[-157,150],[34,41],[-35,59],[19,23],[39,-48],[27,52],[-47,-20],[47,21],[-11,39],[25,2],[-19,62],[-70,76],[-145,101],[-115,53],[-12,-15],[-38,14],[39,-10],[-16,34],[-90,35],[5,-30],[-88,65],[-413,112],[303,28],[105,25],[20,43],[-13,-58],[83,25],[-49,29],[37,8],[-11,16],[-33,1],[34,9],[53,-60],[106,57],[10,-18],[45,41],[-159,-63],[-80,99],[75,50],[-44,67],[35,51],[-33,-50],[62,-85],[-44,-20],[16,-25],[44,49],[210,129],[39,-16],[-74,74],[-115,-18],[-12,19],[-40,-26],[39,25],[-68,105],[13,20],[-31,13],[1,16],[32,-28],[190,217],[131,-198],[104,62],[0,-62],[42,9],[70,-75],[-152,252],[-142,97],[-33,49],[94,131],[230,-130],[273,-96],[123,2],[38,-71],[53,20],[-50,70],[13,14],[-53,28],[-49,92],[67,33],[27,-50],[72,36],[34,-64],[70,35],[-40,76],[-74,-38],[-21,38],[216,111],[-8,15],[32,22],[-14,-15],[19,-30],[37,5],[-3,65],[-46,26],[33,5],[26,-27],[-3,64],[-57,-16],[-15,41],[-91,-31],[8,-23],[-71,185],[24,19],[-43,13],[20,24],[-15,61],[-25,-3],[-33,61],[33,36],[38,-7],[-60,18],[12,71],[20,-36],[59,-15],[-103,77],[4,79],[34,-5],[2,-74],[-1,80],[31,22],[-27,68],[14,-34],[31,-6],[32,39],[21,-9],[-26,17],[-29,-34],[0,24],[-15,-10],[19,27],[-26,-20],[22,31],[-39,-20],[241,125],[10,60],[-5,-54],[19,11],[12,-25],[-5,31],[25,14],[-27,-9],[-16,41],[15,-32],[61,15],[-23,-29],[72,15],[16,24],[90,-2],[20,38],[38,14],[-36,-30],[49,-1],[-9,38],[123,-45],[32,226],[160,41],[27,-92],[-2,-50],[-99,-29],[-43,87],[-29,-8],[42,-148],[31,30],[177,55],[-34,-16],[3,-35],[90,41],[-47,124],[-31,11],[30,-7],[-73,199],[139,61],[19,-13],[-8,18],[76,34],[141,-283],[-43,-49],[17,-36],[41,19],[15,43],[50,23],[-17,32],[-29,1],[-81,171],[59,36],[-8,35],[92,-136],[56,38],[-91,129],[24,-21],[98,62],[-41,63],[42,-62],[59,-21],[8,19],[-6,-20],[159,-173],[21,14],[-28,9],[14,14],[-51,55],[21,31],[-48,71],[19,28],[-75,41],[-15,19],[27,8],[-47,27],[35,-11],[43,55],[64,-38],[-58,48],[83,118],[55,-36],[52,39],[-23,-40],[72,-47],[41,59],[-151,101],[119,168],[-12,28],[131,-103],[28,36],[22,34],[-126,78],[180,236],[-13,26],[121,-96],[41,55],[-106,84],[119,146],[2,-23],[38,0],[38,-38],[37,26],[-22,79],[26,29],[-54,76],[57,-77],[47,23],[26,-23],[-21,-27],[37,16],[160,-147],[105,-57],[68,49],[-40,49],[-51,-18],[-61,40],[60,44],[-37,48],[-53,-38],[54,57],[-66,-41],[49,55],[-64,-25],[70,55],[-38,-5],[57,39],[78,9],[198,-83],[-46,-90],[81,-56],[11,10],[-70,50],[69,94],[-7,39],[-330,136],[-2,55],[78,31],[416,19],[3,25],[-151,1],[-55,20],[-6,29],[34,6],[-49,275],[64,36],[1,22],[38,-22],[-10,55],[32,-23],[-27,46],[-33,5],[-21,-52],[-85,-27],[-29,23],[46,105],[-41,45],[-27,-23],[27,-32],[-58,-87],[-176,10],[37,63],[4,-16],[54,10],[-1,53],[65,52],[-29,33],[-70,-46],[-142,164],[-70,-55],[120,-139],[-37,-84],[-198,228],[-28,20],[-18,-17],[6,19],[-99,106],[-20,15],[-16,-15],[20,22],[-40,38],[-28,-22],[-14,-6],[-20,1],[-15,9],[32,-10],[27,15],[-57,82],[-20,7],[-10,-25],[-19,13],[31,16],[-19,25],[-41,21],[-15,-17],[-5,-14],[10,-30],[-10,16],[-1,17],[8,15],[23,25],[-30,29],[-19,-17],[18,17],[-66,60],[-26,-13],[10,32],[-115,107],[-20,-17],[27,24],[-32,31],[-27,-23],[27,24],[-101,83],[-17,-16],[25,25],[-90,85],[-77,22],[-44,-39],[-242,-31],[-12,92],[114,15],[30,-31],[84,11],[-3,60],[-12,35],[-222,-29],[-17,123],[102,14],[-6,43],[-107,36],[25,63],[-144,39],[-13,-25],[-78,8],[-13,21],[-11,-33],[-45,3],[-52,-41],[-92,-123],[-89,150],[-139,-125],[-48,38],[-19,-10],[-38,61],[-94,-83],[95,49],[56,-58],[-59,-45],[12,-14],[211,57],[36,-56],[-144,-48],[-95,-1],[-132,-97],[-38,-83],[295,-242],[-450,-282],[-11,-32],[-117,-73],[-65,142],[-62,-58],[-218,59],[-3,122],[23,44],[-23,26]],[[237311,187074],[18,-36],[-354,-16],[-63,306],[295,-15],[30,-158],[61,-17],[13,-64]],[[235282,188678],[-70,5],[-7,-30],[6,53],[34,43],[-8,45],[32,33],[66,-28],[51,26],[90,-17],[8,-58],[-97,18],[6,-43],[98,-19],[10,-55],[-111,14],[-9,-44],[76,-15],[-78,13],[9,41],[-106,18]],[[246746,207954],[33,-3],[-43,-26],[22,-21],[56,27],[-36,-26],[37,-53],[-26,-50],[10,-110],[23,-46],[47,-12],[19,-41],[-15,-17],[25,0],[-27,-52],[50,-19],[-4,-20],[-123,-66],[-71,59],[-9,-21],[-3,20],[-28,-3],[-1,-27],[-9,27],[-27,-2],[13,-45],[-22,11],[-3,-41],[-28,29],[-10,-32],[-4,43],[-13,-25],[-86,-25],[-98,-119],[-139,-276],[-11,-91],[-30,-6],[-79,-133],[-265,-700],[17,-1],[-43,-278],[16,-69],[-28,-51],[27,-40],[-34,16],[-19,-24],[-117,-344],[-37,-321],[32,-202],[-41,-8],[-23,-69],[-50,-35],[-82,-4],[-37,-52],[21,-18],[-19,8],[-4,-34],[-41,-7],[-41,-72],[-36,-140],[13,-37],[-33,-67],[-3,-128],[-123,-97],[-92,-172],[-29,-112],[-95,-101],[-14,-84],[-30,-17],[17,-60],[-49,-36],[6,-35],[-27,17],[-68,-80],[-119,-360],[20,-137],[-20,3],[-3,-29],[-24,14],[-54,-70],[-65,-264],[5,-88],[-36,-50],[24,-56],[-34,-31],[-9,-75],[-21,-2],[13,-19],[-31,-15],[18,-14],[-34,9],[27,-79],[-33,54],[-24,-20],[20,-44],[-16,-17],[-31,31],[-34,-57],[-15,11],[-12,-31],[51,-34],[-12,-34],[-120,10],[-6,-41],[13,20],[1,-16],[139,-19],[14,-29],[-58,-27],[-49,50],[-39,-43],[38,0],[-23,-1],[-35,-75],[-3,-92],[-20,-22],[42,-16],[-35,-19],[-28,-242],[16,-131],[31,-16],[-77,-20],[33,-21],[94,27],[167,-5],[-4,-164],[-102,1],[-2,24],[-36,1],[-1,-25],[-95,1],[-2,-51],[-23,0],[0,-30],[221,-2],[-78,-3],[-1,-79],[-122,-5],[-2,-154],[87,-10],[-25,-4],[-7,-46],[-2,43],[-48,0],[0,-87],[76,0],[54,100],[-59,-109],[-43,0],[13,-188],[23,-5],[50,-127],[33,-8],[10,26],[-8,-26],[30,13],[-14,-30],[19,2],[14,26],[-19,18],[27,-7],[31,-132],[-34,-52],[1,-90],[-56,-140],[-91,-86],[-57,-22],[-57,-174],[-23,9],[-73,-79],[-28,49],[-35,-57],[1,-292],[-8,16],[-97,-144],[17,-31],[-19,15],[-19,-36],[-56,-7],[-29,-17],[-8,-15],[0,-69],[17,-26],[-19,25],[0,71],[9,16],[30,17],[49,6],[2,27],[-50,-18],[-29,15],[-1,-21],[-22,20],[-40,-47],[-40,23],[-22,-22],[26,-22],[-41,-9],[28,-26],[-108,-101],[-31,-63],[-31,-170],[4,-344],[48,-553],[132,-734],[301,-995],[173,-451],[232,-555],[33,-26],[8,-67],[48,-66],[90,-255],[53,-60],[-4,-35],[55,-70],[-10,-21],[48,-100],[24,-3],[-14,-17],[74,-130],[87,-237],[164,-319],[52,-45],[81,3],[4,-23],[-38,-4],[10,-23],[50,23],[-19,56],[27,-65],[150,12],[100,-106],[-68,61],[-107,-6],[-44,-24],[160,-340],[63,-95],[37,16],[-50,-24],[2,19],[-22,-11],[15,-11],[-35,-17],[10,-21],[-11,20],[-50,-24],[7,-91],[-235,-157],[-160,77],[21,47],[-36,1],[-20,28],[-16,-49],[-60,29],[-8,53],[-58,27],[-11,-19],[35,-25],[-27,-48],[244,-133],[14,-28],[-14,21],[-5,-28],[53,-62],[-27,-14],[30,1],[13,-237],[37,-6],[45,-68],[89,-187],[55,30],[-171,299],[-20,173],[317,224],[11,-47],[17,7],[-12,-27],[18,2],[41,16],[-13,28],[78,41],[33,450],[-29,-452],[-42,-25],[14,-75],[456,-748],[-25,-27],[61,-124],[535,-855],[570,-826],[155,-129],[26,-1],[56,63],[-13,-30],[61,-46],[-25,-14],[-40,48],[-47,-40],[18,-14],[35,18],[-32,-27],[20,-22],[32,22],[-29,-37],[41,-37],[31,32],[-19,34],[38,-54],[16,-9],[16,20],[9,43],[-38,35],[-20,65],[23,42],[-19,-41],[19,-65],[38,-35],[-8,-45],[-18,-20],[59,-32]],[[231449,184444],[37,35],[46,-44],[-92,-88],[24,-24],[-21,-22],[47,-49],[-65,-62],[-37,61],[-22,-16],[71,68],[-42,41],[-81,-76],[-72,51],[124,118],[55,-20],[28,27]],[[232963,186274],[5,-100],[-63,-62],[63,-44],[-26,18],[-48,-65],[78,-17],[30,39],[-26,19],[28,-18],[-31,-42],[-64,7],[-161,101],[-55,-60],[-54,44],[33,41],[-16,13],[-35,-39],[-83,-25],[20,-92],[66,4],[82,-20],[-19,2],[3,-22],[19,19],[97,-48],[-83,40],[-31,-16],[35,-64],[47,24],[-284,-148],[-36,55],[-39,-20],[29,-56],[-174,-91],[-71,51],[-66,98],[45,-83],[-52,-27],[92,-168],[-402,-208],[-94,167],[-32,10],[-103,146],[-17,64],[47,24],[-5,23],[-48,-24],[-24,48],[-33,-15],[1,-43],[-27,106],[-18,-74],[77,-153],[-44,-41],[-42,15],[-61,-38],[-5,-75],[-84,-25],[4,-34],[-5,20],[-99,-42],[-10,15],[4,80],[71,23],[-49,87],[70,47],[-10,18],[-75,-36],[-12,21],[-23,-12],[44,-87],[-176,-14],[-35,2],[-32,78],[-30,-12],[-24,36],[55,26],[-26,4],[-124,-78],[-87,-114],[13,-26],[25,23],[50,-27],[-9,-50],[-28,5],[-1,-52],[-71,-11],[9,-24],[66,12],[-19,-29],[18,-1],[-6,-58],[21,2],[-91,-60],[-14,-28],[37,38],[56,23],[29,-15],[25,31],[6,-52],[36,52],[21,-13],[-35,-13],[7,-85],[-21,-31],[16,-9],[-3,27],[16,-9],[44,67],[-45,-91],[88,-49],[81,122],[-6,-60],[23,-8],[18,27],[19,-13],[-17,-26],[26,-3],[29,44],[20,-12],[-30,-45],[-142,-57],[172,-154],[-18,-16],[37,21],[112,190],[27,-14],[-13,-26],[72,-28],[-75,-142],[19,-8],[-29,-12],[40,-19],[-6,27],[17,-7],[87,169],[23,-11],[15,18],[-13,-17],[48,-35],[-73,-205],[-57,-4],[0,-21],[-6,31],[-27,-3],[43,-38],[-4,-30],[-26,-11],[-40,36],[-24,-11],[52,-56],[-34,-23],[39,11],[-54,-27],[60,20],[-23,-43],[27,-10],[32,52],[-29,-54],[21,-7],[23,29],[-55,-97],[-136,-130],[-38,28],[33,31],[-43,31],[-40,-30],[-147,104],[-134,-19],[-127,-56],[-60,79],[28,-46],[-37,-12],[28,-6],[-18,-11],[-23,9],[42,-67],[152,31],[41,-23],[10,-41],[-155,-42],[-114,20],[-56,-102],[34,-59],[100,68],[-24,-31],[22,8],[13,-19],[52,28],[-32,-19],[21,-28],[30,16],[-29,-19],[14,-27],[25,10],[-149,-75],[14,-34],[14,24],[-3,-28],[44,-28],[138,80],[44,55],[104,-53],[-53,-51],[23,-22],[-48,-21],[11,-21],[-35,-34],[-36,14],[100,-95],[107,89],[-57,-61],[33,-34],[1,-101],[-78,-1],[0,-106],[54,-101],[28,-3],[2,-188],[-184,-36],[-44,82],[-30,-17],[55,-74],[-47,25],[-51,-38],[-22,-37],[24,-31],[24,4],[-30,-28],[34,27],[1,-20],[-112,-61],[-80,45],[-1,23],[-18,-38],[93,-79],[-101,-50],[107,45],[31,-13],[4,-47],[35,-6],[87,137],[113,-51],[132,13],[1,-6],[9,1],[3,6],[34,2],[-17,-1],[8,-96],[-76,-11],[5,-64],[-41,-4],[-26,37],[-32,-21],[32,-44],[-41,-49],[-47,1],[2,-66],[-36,-18],[-78,66],[73,-135],[-43,9],[17,-36],[-17,-15],[-23,-4],[-10,26],[-4,-16],[-53,6],[-18,-24],[49,-24],[-16,-46],[19,-7],[6,16],[60,-19],[43,66],[-13,-27],[21,15],[57,-59],[24,-103],[160,-88],[26,31],[-47,22],[20,16],[-52,54],[0,34],[12,-26],[29,8],[-4,33],[9,-32],[17,13],[48,-42],[5,46],[-46,38],[24,1],[4,26],[-32,65],[97,20],[73,-21],[85,-90],[-37,-8],[-1,-38],[34,-9],[16,-41],[56,-8],[-34,-4],[-25,9],[-6,10],[-118,-19],[2,-28],[29,4],[15,-50],[54,14],[-20,-60],[16,-6],[-21,-9],[140,-85],[-24,11],[-15,-31],[57,-24],[-30,-22],[20,-15],[17,42],[24,-96],[72,-26],[27,14],[-15,-30],[19,25],[66,-24],[256,-12],[132,48],[27,-15],[5,-17],[-35,-8],[28,-35],[24,15],[-24,14],[85,-20],[18,-54],[56,-10],[34,-76],[-92,-36],[-36,-28],[1,-31],[-51,16],[-3,-38],[16,18],[18,-14],[-32,-9],[0,-27],[14,9],[-27,-65],[-87,-22],[4,43],[-38,-42],[-94,126],[-13,-20],[106,-164],[-32,-25],[45,5],[-4,39],[37,-64],[27,0],[-17,-51],[24,-5],[-32,-40],[12,-58],[-92,3],[3,54],[-63,17],[-60,-70],[0,-57],[38,0],[31,40],[24,-15],[-65,-75],[102,15],[33,-32],[-1,-81],[-63,10],[-37,-12],[40,-9],[-74,2],[15,11],[1,35],[-7,-37],[-350,-40],[-167,-97],[-19,-41],[5,24],[-107,-71],[-183,-201],[-19,-158],[17,-44],[53,-18],[-2,-104],[27,-74],[18,-19],[17,12],[9,1],[-19,-8],[9,-12],[14,-1],[8,29],[20,-17],[-11,-28],[51,-3],[-11,20],[121,-22],[16,-76],[33,-31],[-37,-35],[4,-32],[25,-7],[-32,-15],[-6,-31],[-13,33],[-19,-10],[37,-38],[-18,-6],[16,-28],[-26,0],[11,-29],[-63,53],[-35,-3],[21,-30],[-31,-15],[-15,57],[-32,3],[33,28],[-39,33],[-32,-38],[-35,13],[55,-38],[-33,-61],[-40,26],[-45,-52],[-30,37],[-36,2],[3,34],[-19,6],[-30,-8],[23,-33],[-46,-29],[-49,21],[-43,-21],[-17,17],[21,28],[-45,23],[3,-21],[-97,-14],[-24,-29],[27,-22],[-16,-12],[-18,29],[-95,21],[30,64],[-57,-71],[-39,17],[13,24],[-36,-35],[-8,36],[-16,-30],[2,35],[-21,10],[-38,-38],[4,23],[-62,53],[-5,25],[45,-52],[50,60],[38,-28],[-5,23],[47,22],[-47,24],[26,28],[-33,-12],[-3,36],[-30,-21],[-5,29],[-41,2],[-10,26],[36,35],[1,-33],[60,17],[75,-18],[-71,48],[8,28],[64,-17],[-14,19],[-58,11],[-37,-42],[-9,98],[62,-30],[48,0],[3,29],[2,-17],[45,18],[53,-27],[52,26],[-33,11],[-20,-18],[2,28],[-29,-12],[-75,39],[-30,-19],[16,50],[-19,52],[23,7],[-4,23],[23,-18],[7,33],[-22,76],[-63,64],[87,19],[-24,-3],[-4,31],[-25,-8],[20,14],[-37,68],[-78,-8],[-23,21],[21,42],[-22,-5],[5,21],[-50,1],[-17,-25],[-30,24],[-20,-21],[-9,39],[19,32],[19,-22],[24,42],[40,5],[-29,59],[20,26],[18,-8],[-23,17],[40,14],[-1,32],[17,-39],[22,3],[13,30],[-42,10],[4,40],[135,-48],[14,23],[-8,-21],[13,14],[19,-25],[46,31],[-1,43],[32,26],[3,31],[-17,22],[17,-15],[-7,17],[-39,16],[-18,-34],[14,42],[-42,26],[0,26],[-20,-21],[-83,48],[-30,-16],[-30,21],[-10,-29],[-13,35],[-45,-11],[-25,40],[26,94],[-35,51],[-33,-4],[-9,37],[7,-29],[14,56],[-55,36],[5,32],[-88,57],[25,-9],[-1,32],[-101,79],[-115,23],[39,4],[10,43],[-20,43],[-36,16],[19,25],[-17,42],[-117,49],[14,38],[33,-3],[-27,46],[32,58],[-45,96],[14,13],[-31,-1],[-26,32],[19,-21],[10,40],[25,-23],[-9,15],[21,-3],[18,35],[39,2],[-24,1],[22,28],[-29,63],[-48,23],[-140,-42],[3,33],[-31,13],[26,11],[-17,20],[-9,-23],[-51,-9],[-31,32],[34,-12],[-21,8],[15,112],[-77,69],[-71,28],[-98,-12],[12,-31],[-20,7],[-18,-53],[-89,-33],[-303,71],[-152,1],[11,-16],[-39,-6],[25,4],[-25,12],[26,20],[-20,-14],[7,20],[-21,7],[-66,-15],[-37,-46],[-23,29],[-18,-10],[15,40],[-27,-46],[9,64],[-104,87],[-216,55],[-292,27],[-202,-21],[-73,-21],[-6,-27],[-61,42],[-125,4],[-41,-24],[9,-39],[-12,44],[-16,-7],[15,-34],[-12,-15],[40,5],[-34,-11],[-8,5],[5,14],[-14,32],[-69,14],[-216,-34],[50,10],[-106,19],[-44,-18],[-10,-33],[-57,-32],[37,25],[0,27],[-20,-3],[6,-25],[-22,28],[3,-37],[-6,38],[-29,4],[-412,-37],[-166,-55],[-1,-53],[-19,36],[7,-20],[-27,-13],[53,-20],[-141,15],[-763,-183],[-78,-28],[-12,-28],[-21,12],[-344,-170],[-221,-79],[-318,-284],[-166,-80],[-184,-176],[-100,-64],[-29,-4],[-12,32],[-16,-20],[24,-17],[-28,-32],[58,29],[-46,-40],[14,-5],[-16,-32],[9,31],[-22,10],[-10,-26],[18,0],[-33,-11],[-14,-41],[-17,-99],[16,-138],[-24,-26],[16,1],[6,-85],[-18,-106],[-47,-64],[-10,-114],[8,-16],[18,13],[-13,-13],[24,-44],[-59,-121],[41,-89],[61,-47],[28,-76],[-72,-96],[39,-36],[6,22],[31,-150],[-40,29],[-15,-31],[77,-14],[42,-72],[101,6],[45,-102],[-67,16],[-24,-34],[-35,39],[-5,-31],[-30,57],[-66,5],[-81,79],[-54,24],[-44,-16],[16,10],[-19,12],[-68,-28],[-45,19],[-33,-12],[-123,-135]],[[223514,180073],[-304,-18],[-93,18],[-101,59],[-138,-13],[-90,50],[-106,-2],[-47,43],[-263,6],[-11,78],[39,34],[-9,28],[-59,25],[44,73],[-26,40],[21,50],[-35,30],[-2,56],[-66,63],[-1,41],[-169,20],[-90,75],[-135,178],[-75,34],[-17,73],[27,96],[-84,101],[17,87],[-61,98],[6,69],[-48,38],[37,62],[-37,38],[-23,104],[15,254],[89,103],[47,124],[150,163],[117,34],[84,336],[-15,49],[45,63],[-3,36],[52,44],[36,111],[-117,148],[6,85],[-33,56],[-4,70],[69,118],[-39,19],[-23,-13],[-28,38],[10,49],[-41,152],[19,26],[-101,141],[38,255],[-84,58],[-155,-25],[-39,41],[-130,14],[-39,-7],[-33,-46],[-209,-3],[-114,-41],[-76,-1],[-91,32],[-204,-8]],[[220814,184282],[-8,80],[31,94],[97,54],[23,87],[47,13],[7,89],[-62,98],[17,86],[138,152],[0,30],[44,11],[251,203],[145,24],[58,49],[43,-6],[31,-40],[138,161],[96,0],[40,24],[128,-10],[92,86],[88,-16],[38,35],[53,0],[43,125],[92,39],[89,128],[33,175],[73,13],[25,-28],[95,-22],[119,57],[83,-17],[78,45],[75,-10],[72,116],[181,124],[38,91],[45,-3],[1,37],[29,9],[24,58],[-30,22],[-2,78],[24,47],[-20,33],[48,66],[98,49],[80,92],[21,62],[-39,87],[10,152],[-51,14],[23,24],[-48,11],[-11,46],[43,92],[66,32],[52,196],[-74,101],[92,59],[-27,27],[-34,-9],[4,23],[-67,47],[11,21],[-38,11],[-3,145],[59,133],[-143,219],[34,33],[3,63],[98,106],[42,10],[18,71]],[[231049,184945],[-17,16],[21,17],[38,-37],[41,38],[12,-13],[87,139],[54,-27],[-113,-235],[-123,102]],[[231272,185252],[-35,24],[-9,20],[41,-41],[12,26],[-20,49],[-27,-12],[104,49],[197,74],[29,-47],[6,-88],[-139,-83],[49,-26],[133,75],[58,-106],[68,25],[-92,-36],[-71,-81],[-304,178]],[[132707,162642],[-73,-331],[-62,-9],[-92,69],[-29,-10],[-13,49],[42,2],[55,82],[0,105],[29,-4],[3,63],[37,18],[-5,68],[28,12],[10,-41],[42,-6],[-2,-41],[30,-26]],[[130856,163951],[-109,-20],[-28,30],[-109,19],[-4,63],[-55,53],[12,138],[-34,99],[22,89],[32,10],[36,-40],[96,-14],[41,-56],[59,40],[16,-63],[48,-23],[87,29],[-34,-45],[49,-43],[2,-66],[39,-47],[-58,-119],[-108,-34]],[[135917,164254],[-1,165],[80,66],[55,109],[78,20],[144,-132],[39,-88],[-45,-85],[-57,-75],[-158,-75],[-123,4],[-12,91]],[[142621,167877],[-62,-28],[-106,47],[11,59],[-24,90],[22,-32],[30,-2],[38,18],[5,27],[40,11],[30,-18],[85,-107],[-27,-2],[-42,-63]],[[141209,167734],[-40,13],[21,67],[101,35],[1,51],[100,-19],[-10,-43],[75,-120],[2,-96],[-19,-19],[-36,22],[-16,-12],[-44,41],[-70,-38],[-47,12],[-18,106]],[[145324,167103],[32,-72],[-76,34],[-47,-69],[-101,52],[-41,-13],[-69,19],[-37,92],[39,61],[38,-13],[18,58],[36,1],[54,-26],[98,-133],[56,9]],[[142832,167698],[6,22],[8,-28],[43,7],[12,38],[33,-15],[-16,-123],[-93,-121],[8,-52],[-27,-19],[-85,73],[-68,11],[29,69],[-48,79],[-5,69],[46,79],[25,-34],[78,-9],[48,-41],[-9,-17],[15,12]],[[142706,167137],[12,58],[83,35],[36,46],[124,65],[99,7],[-27,-53],[0,-18],[17,25],[2,-40],[-36,-226],[-85,-50],[-103,9],[-129,-51],[-3,26],[62,61],[-16,96],[-36,10]],[[143228,167109],[-63,36],[-52,140],[-49,44],[32,17],[5,41],[71,82],[72,56],[230,77],[20,-87],[46,-36],[27,11],[-18,-74],[17,-22],[95,102],[-1,68],[54,-35],[73,17],[16,26],[-68,-196],[6,-42],[-52,-25],[-61,11],[-121,-31],[-76,-77],[-159,-98],[-44,-5]],[[131983,167013],[-39,-71],[-48,-30],[-47,256],[63,14],[57,-48],[-26,-47],[42,-22],[-2,-52]],[[140633,167383],[62,12],[-13,-30],[28,-20],[-20,-28],[22,21],[56,-55],[28,-138],[-9,-89],[32,-25],[-2,-58],[-26,-8],[6,-44],[-43,-31],[-1,-52],[-48,-71],[-105,-69],[-81,41],[3,50],[-25,-6],[-20,54],[29,2],[-46,34],[0,101],[-43,97],[88,83],[10,198],[118,31]],[[141753,167996],[-14,31],[38,56],[130,38],[112,70],[117,-43],[131,8],[84,-24],[-30,-45],[13,8],[48,-81],[-32,-24],[-3,-89],[-24,-26],[-5,49],[-51,3],[-8,21],[5,-40],[11,-2],[-41,-86],[-137,-97],[-40,-248],[23,-23],[-71,-9],[22,-41],[-28,-70],[-36,52],[12,22],[-35,12],[-103,-44],[-84,13],[-63,-40],[-26,31],[-53,-9],[-26,85],[-106,43],[4,52],[26,25],[-34,54],[-18,158],[-37,50],[29,89],[15,-25],[-8,29],[44,5],[25,41],[129,-1],[75,47],[20,-25]],[[129477,166331],[68,32],[42,0],[2,-18],[60,12],[-36,3],[22,6],[42,-22],[12,21],[-25,10],[38,78],[49,20],[5,38],[62,29],[21,57],[24,5],[11,-90],[39,-9],[-17,-24],[37,31],[38,-46],[-19,-76],[75,-77],[-27,-3],[25,-1],[27,28],[22,-30],[-22,-68],[14,-106],[-42,-54],[-56,-15],[-8,-83],[-68,-6],[-65,-80],[-151,-83],[-18,-46],[-60,-31],[-37,-89],[-75,-66],[-13,12],[14,-27],[-43,-56],[-253,-141],[-45,14],[-100,-73],[-46,98],[1,60],[-27,23],[22,49],[-11,34],[-44,48],[-60,18],[27,37],[-4,37],[46,-8],[40,36],[18,-29],[19,85],[63,24],[82,136],[2,108],[75,138],[81,49],[28,-16],[-9,20],[38,8],[38,60],[52,9]],[[140041,166053],[48,71],[6,91],[112,186],[28,152],[81,85],[37,2],[1,-21],[10,25],[1,-28],[7,26],[46,-6],[-34,2],[2,-28],[-24,-3],[17,-20],[-31,-13],[51,-2],[0,-35],[-48,-10],[-19,33],[9,-39],[30,7],[-5,-27],[8,30],[107,9],[6,-42],[-67,-21],[72,19],[-5,26],[33,29],[16,-19],[2,36],[30,23],[48,3],[23,-49],[-17,48],[74,-7],[64,60],[95,36],[147,-12],[46,-50],[95,-221],[-47,-134],[6,-47],[-39,-43],[-122,-34],[-20,-48],[-48,-17],[-24,25],[-5,-20],[-75,-23],[-17,-39],[-47,11],[-57,-62],[-23,-96],[-53,-20],[-28,12],[-50,-36],[2,-39],[-98,-16],[-29,-57],[-48,29],[-105,-40],[-162,82],[-51,88],[38,178]],[[137564,165798],[50,-76],[-64,-45],[30,5],[-3,-81],[33,4],[-7,26],[22,4],[80,-82],[-6,26],[45,29],[-37,44],[106,121],[-24,27],[6,36],[84,93],[30,0],[2,53],[46,7],[56,100],[41,13],[3,32],[40,-26],[15,61],[41,-1],[22,-52],[46,-11],[53,-50],[-50,-75],[-118,-402],[-142,-183],[-74,-9],[-13,-24],[46,-17],[17,-105],[-13,-98],[-27,6],[81,-122],[-90,-47],[-123,51],[-156,-54],[35,18],[-18,11],[-17,-8],[31,-4],[-44,3],[13,-26],[-32,16],[-66,-22],[-30,-54],[-43,9],[-33,-27],[-55,17],[-10,-25],[-106,44],[-44,-27],[-36,45],[-73,-17],[-10,28],[21,21],[-30,-27],[-56,53],[-119,171],[-28,80],[92,31],[2,61],[-28,64],[-43,1],[-48,67],[72,-13],[80,63],[28,-10],[-1,-30],[92,-45],[37,57],[-45,24],[-19,68],[80,-73],[46,61],[221,5],[5,-35],[15,26],[1,-61],[19,-4],[-17,99],[-48,-16],[-25,44],[37,50],[25,-1],[-6,30],[45,14],[40,76],[18,-22],[27,12]],[[137254,165828],[-56,-10],[-12,18],[31,80],[49,-21],[1,61],[25,-50],[33,-4],[9,20],[32,-20],[-34,-26],[-6,-85],[62,-47],[-38,-59],[-58,45],[-30,-10],[-33,41],[38,-30],[-19,26],[19,12],[-13,59]],[[136232,166053],[155,76],[-6,-41],[56,32],[28,-93],[-120,-120],[-52,38],[-118,31],[7,36],[50,41]],[[129560,164746],[21,6],[11,-47],[51,3],[-9,-25],[35,-50],[-34,-54],[-123,8],[-37,-44],[-62,4],[-4,81],[-74,-40],[-35,27],[10,91],[39,82],[27,-42],[54,-17],[2,-34],[32,18],[3,35],[64,30],[34,-6],[-5,-26]],[[137051,164610],[61,-33],[6,-29],[-41,-21],[41,11],[8,-15],[-27,-14],[50,3],[43,-46],[17,17],[48,-13],[-11,-91],[-77,-44],[-70,-79],[-109,-61],[-40,-47],[-99,3],[-5,-32],[-56,-36],[-31,5],[-59,-45],[-65,1],[-48,-44],[-129,53],[-42,-27],[-67,32],[1,38],[-46,30],[83,35],[15,32],[-42,89],[-4,66],[116,132],[94,43],[60,65],[77,-1],[0,-54],[9,38],[32,-7],[13,70],[137,24],[55,70],[57,2],[-42,-46],[87,-74]],[[132707,163296],[27,-9],[28,53],[59,28],[24,86],[47,-16],[111,13],[45,27],[54,78],[70,-4],[6,45],[38,29],[109,-68],[-44,-68],[28,-117],[83,-26],[13,51],[47,22],[-48,-111],[-35,10],[-27,-47],[-109,75],[-19,83],[-84,-9],[-26,-294],[-27,3],[-37,-50],[-33,-120],[-65,-64],[4,-47],[-78,-17],[-29,109],[-29,2],[28,18],[-14,53],[-67,28],[40,98],[-59,26],[-41,-77],[-44,9],[-8,122],[-33,17],[-102,-148],[-45,14],[-12,-40],[-27,-3],[-11,34],[-45,6],[-24,-72],[-17,5],[0,68],[27,57],[-57,41],[0,28],[-106,2],[-47,-201],[-27,11],[-18,-21],[-49,34],[-19,-48],[-11,31],[-45,15],[-28,-26],[13,-42],[-43,-47],[-19,6],[-2,55],[-41,9],[-212,-118],[-75,43],[-38,147],[-88,4],[14,110],[-17,53],[25,37],[-29,26],[110,113],[92,-11],[55,30],[-6,69],[48,27],[46,-65],[39,42],[-31,24],[12,52],[52,-31],[62,58],[52,0],[43,57],[58,6],[41,32],[44,-5],[0,23],[55,-34],[41,60],[20,91],[-46,51],[65,-49],[-29,73],[-30,25],[-107,-6],[-32,22],[14,23],[-35,64],[-1,105],[25,121],[57,78],[-9,50],[63,155],[84,66],[73,16],[1,25],[60,9],[116,128],[34,-36],[116,26],[-12,-79],[-52,-52],[7,-42],[31,-27],[96,3],[55,35],[15,-30],[59,-13],[-1,-103],[63,-7],[-13,-82],[38,-36],[-25,-42],[-77,98],[-65,1],[-76,-58],[-4,-27],[25,-15],[-35,-101],[-90,-40],[-16,59],[-59,-15],[-90,-111],[3,-53],[48,23],[64,-31],[-34,-56],[48,-9],[-4,-28],[29,-17],[218,73],[16,-22],[-12,-144],[45,72],[3,49],[22,-2],[12,32],[43,1],[-125,-173],[-48,-246],[-105,-60],[54,-94],[-30,-42],[-3,-84]],[[135133,164822],[86,-73],[37,8],[-6,31],[22,12],[52,-36],[162,-30],[58,-49],[135,24],[60,-27],[15,-41],[-78,-137],[28,-25],[35,30],[84,-2],[11,-77],[-37,-72],[-37,-15],[-8,-68],[-52,-26],[-16,-36],[-81,-32],[-57,32],[-44,-4],[-36,-97],[-18,29],[-28,1],[3,27],[56,24],[54,76],[-63,92],[-186,-11],[-41,-52],[-22,40],[-64,16],[-16,110],[-38,25],[-128,-29],[-122,50],[-124,2],[9,63],[33,29],[-15,-6],[10,68],[-29,57],[48,18],[50,81],[93,44],[137,3],[68,-47]],[[134600,164391],[-37,-38],[-29,4],[-44,-34],[-45,8],[-29,-29],[4,66],[-92,42],[-18,-12],[18,-16],[-60,-25],[-22,-38],[-88,8],[65,155],[-5,93],[105,165],[31,-5],[21,26],[38,-17],[57,59],[30,-17],[47,71],[37,-22],[35,10],[-40,-111],[30,-37],[44,40],[-24,-36],[25,-23],[34,6],[25,-71],[-111,-180],[-2,-42]],[[131405,164018],[-28,33],[28,20],[-26,29],[48,79],[-15,20],[2,59],[4,-41],[20,4],[15,42],[-29,13],[47,-5],[-52,27],[-13,-34],[-19,39],[17,156],[87,27],[-2,-44],[56,4],[15,-48],[16,31],[-14,36],[-47,55],[-77,16],[-14,67],[-55,28],[-20,45],[20,-44],[22,4],[-16,86],[-52,6],[-44,-18],[18,-14],[-23,-1],[-5,-85],[28,-16],[-34,-10],[-30,-160],[-51,-64],[-22,114],[-69,13],[12,187],[-41,91],[-35,-1],[-38,48],[-106,53],[-314,359],[10,60],[63,23],[-4,97],[-24,29],[19,15],[-105,198],[-87,20],[-42,81],[52,36],[19,62],[8,-71],[63,-26],[-29,2],[17,-15],[-22,2],[6,-23],[48,10],[6,23],[-26,8],[44,-11],[23,34],[36,6],[177,-12],[44,-26],[107,26],[86,-34],[75,-53],[56,-160],[89,-129],[-13,-52],[30,29],[25,-38],[-32,-23],[41,-27],[-26,-13],[24,7],[-5,-75],[26,-12],[14,18],[1,-25],[13,-10],[2,26],[28,-32],[56,18],[23,20],[-15,35],[67,-14],[45,71],[97,-237],[70,-43],[5,-73],[55,-13],[78,378],[-39,53],[26,9],[-61,45],[-48,101],[-30,33],[-31,-6],[-38,41],[21,4],[-49,8],[27,3],[-23,22],[-19,-14],[-22,13],[22,-13],[-24,34],[27,-3],[-66,77],[-61,-28],[-25,-132],[-137,-24],[-66,32],[-29,43],[-8,64],[153,131],[30,74],[-24,59],[-45,14],[-24,52],[-41,14],[-27,174],[44,19],[19,-24],[43,60],[82,-76],[32,-1],[27,41],[130,11],[163,-12],[-17,-10],[12,-23],[19,9],[-18,-10],[14,-24],[44,25],[7,-15],[48,45],[-22,109],[-26,17],[28,26],[34,-132],[73,-73],[40,-7],[-17,-28],[36,-5],[99,-227],[-43,-99],[17,-100],[-52,-47],[9,-28],[-9,27],[-15,-18],[18,-23],[21,11],[-57,-41],[50,-99],[41,7],[-23,-68],[-30,-13],[32,-77],[-34,-19],[7,-32],[-17,28],[-47,-180],[12,-256],[-57,-66],[-37,16],[-52,-144],[-37,57],[-46,-7],[-10,-41],[25,-42],[-28,-22],[-13,-98],[40,-22],[-26,13],[-9,-38],[35,-8],[-45,-3],[29,-20],[32,5],[-13,14],[40,-7],[31,-133],[24,0],[-27,-28],[61,-8],[0,-64],[55,-61],[38,-175],[-49,-19],[0,-26],[34,-3],[-49,-43],[52,-28],[-57,-9],[-54,51],[-159,-107],[-27,22],[-37,-39],[-31,1],[-43,-49],[-37,17],[-51,-22],[-28,29],[-39,-8],[1,22],[-43,-67],[-16,15],[13,102],[-35,-68],[-23,9],[-53,-60],[-48,0],[-43,-52],[-40,-7],[70,123],[55,52],[-11,59],[44,64],[38,9],[31,73]],[[137909,166293],[14,-30],[27,5],[74,112],[22,-14],[-7,-183],[-119,-94],[-33,9],[17,53],[-45,-24],[23,41],[-30,8],[-26,-31],[-33,73],[-27,-59],[-6,14],[6,70],[29,14],[0,77],[53,8],[23,61],[36,21],[15,-26],[25,6],[-53,-32],[15,-33],[-21,-22],[21,-24]],[[131240,166698],[-11,38],[19,30],[88,71],[58,-7],[19,-117],[37,-41],[-46,-47],[-4,-80],[-81,-20],[-7,-27],[57,-41],[7,-87],[-86,60],[-49,-55],[-120,89],[-44,-55],[-41,23],[-39,-17],[2,44],[71,7],[18,34],[89,49],[10,76],[24,32],[-23,-32],[15,-11],[41,24],[-4,60]],[[141652,166053],[-118,96],[-56,146],[-72,37],[-3,24],[-4,-28],[-178,77],[-5,49],[-43,57],[-18,75],[16,4],[-35,25],[24,14],[-22,-8],[2,37],[-114,187],[-49,6],[-45,37],[0,109],[31,56],[47,11],[-8,23],[29,-13],[-32,49],[-38,-13],[15,59],[31,27],[22,-24],[48,31],[30,-51],[-8,43],[12,27],[24,-2],[5,93],[-37,27],[7,21],[19,-20],[3,22],[76,20],[-34,-24],[53,-24],[63,13],[19,33],[32,-25],[131,4],[-1,-25],[42,-9],[13,-42],[-38,-42],[26,-112],[109,-90],[-13,-42],[-87,-36],[57,-5],[-56,-67],[112,120],[49,-10],[113,37],[-21,-32],[22,-23],[1,-63],[23,0],[-5,22],[20,-9],[-1,-54],[49,-68],[-1,-78],[28,-13],[37,28],[38,-21],[-10,-61],[18,-18],[-67,-56],[-114,-49],[-70,-124],[15,-32],[18,6],[-18,-12],[34,-8],[-9,43],[37,-46],[22,10],[34,-25],[53,32],[39,4],[9,-23],[-28,-5],[-48,-81],[-55,-23],[3,-53],[-20,17],[-46,-30],[45,-109],[-37,-55],[-74,-15],[-67,40]],[[139993,166839],[75,84],[46,-4],[-1,-25],[16,79],[62,-29],[38,-216],[49,-92],[-62,-58],[-5,-93],[-58,-39],[-124,16],[-62,39],[-23,44],[-15,117],[64,177]],[[140959,178985],[-2,-76],[81,-79],[57,51],[26,-16],[62,34],[18,47],[59,-3],[39,41],[99,-109],[69,29],[35,-29],[52,-3],[13,26],[421,86],[264,-100],[47,30],[-15,122],[48,-2],[46,37],[65,-22],[79,14],[58,-62],[97,-191],[64,-30],[51,-64]],[[142792,178716],[-32,-76],[30,-49],[61,-35],[17,-50],[70,-56],[19,13],[17,-27],[41,4],[77,-73],[69,-108],[14,-78],[87,-68],[19,-84],[154,-47],[84,-102],[-35,-125],[36,-162],[-23,-79],[-77,-32],[-52,-113],[-106,-41],[24,-117],[-48,-26],[7,-46],[-64,-73],[168,-308],[-105,-132],[41,-184],[-22,-70],[-79,-63],[11,-47],[-58,-52],[39,-57],[-24,-65],[38,-78],[-14,-17],[58,-88],[66,-42],[10,-72],[35,-51],[73,-24],[2,-58],[31,-34],[99,-43],[2,-38],[-23,-20],[13,-31],[109,-54],[-34,-43],[31,-28],[-6,-29],[53,-34],[14,-46],[-40,-68],[46,-91],[43,-12],[44,-61],[82,-26],[-16,47],[83,-16],[48,-67],[30,-108],[128,-13],[9,-67],[82,-16],[49,-90],[5,-96],[-25,-25],[14,-62],[-110,-129],[11,-61],[88,-59],[-61,-28],[-30,-77],[-40,-15],[-6,-95],[-31,-19],[42,-94],[-46,-27],[-35,-69],[70,-28],[5,-70],[43,-44],[-132,-200],[-36,-21],[48,-105],[112,-65],[-18,-75],[43,-81],[-26,-56],[49,-32],[-16,-44],[33,-62],[-5,-95],[100,-60],[73,-110],[-54,-75],[42,-48],[94,-25],[27,-33],[31,28],[91,-57],[-44,-195],[-52,-66],[1,-61],[-23,-39],[-40,0],[-18,-95],[-30,-7],[8,-60],[-26,-54],[65,-85],[-99,-97],[-18,-56],[18,-79],[111,-84],[-6,-58],[49,-45],[32,-126],[-16,-44],[121,-91],[97,-1],[6,-41],[124,-2],[10,-118],[65,-128],[-13,-36],[62,-47],[56,-9],[71,-104],[81,-48],[-11,-104],[29,-15],[23,-65],[-7,-86],[37,-22],[42,-111],[-100,-178],[38,-134],[-47,-8],[-22,-96],[117,14],[42,-111],[-14,-81],[-54,-48],[-40,-59],[6,-40],[-41,-34],[11,-57]],[[145248,169345],[-45,125],[-10,-137],[39,-38],[-3,-445],[-8,-58],[-31,-17],[-389,229],[5,305],[264,5],[-274,-3],[-103,62],[-48,-18],[37,-9],[-191,-25],[-183,52],[185,-74],[155,27],[71,-12],[38,-128],[-65,-142],[21,-74],[369,-227],[-26,-55],[104,-55],[-128,-199],[-264,220],[-49,-3],[-65,77],[-25,8],[-52,-53],[70,-32],[62,-95],[-2,-54],[-163,-26],[-65,-79],[-70,5],[-2,-41],[21,16],[-10,-31],[-26,-1],[-40,-177],[15,-12],[-26,-191],[-15,0],[12,-77],[44,-42],[-7,-105],[-16,-7],[-10,33],[-52,-16],[-9,-27],[31,-23],[-117,-73],[-60,-94],[-48,15],[-37,-25],[-41,20],[-79,-53],[-81,-8],[29,119],[-56,89],[-46,-1],[-78,47],[-37,-43],[-18,28],[-97,-12],[7,-40],[-26,-5],[-176,137],[7,-22],[-26,-26],[18,33],[-12,13],[-16,-24],[1,37],[-15,-24],[14,25],[-29,27],[-16,-26],[-16,24],[-16,-24],[-4,21],[-1,-22],[-30,-9],[14,-35],[-29,31],[3,-35],[-27,50],[-5,-33],[-39,-9],[-35,29],[23,-34],[-41,34],[6,-31],[-7,32],[-26,12],[7,-29],[-36,56],[-3,-32],[-8,38],[-10,-28],[5,78],[-30,-15],[-9,17],[37,3],[-59,81],[36,0],[-22,83],[-56,-31],[-32,-103],[-56,-25],[-69,8],[-63,40],[-26,49],[8,98],[48,19],[47,-22],[79,71],[16,178],[-62,113],[65,-13],[22,36],[-64,32],[-10,55],[-24,-13],[9,17],[-27,14],[-13,-17],[31,60],[-53,-34],[-50,16],[14,92],[-26,-76],[-38,-6],[16,104],[-17,-5],[-5,-68],[-25,28],[27,40],[-84,-10],[61,-269],[-57,-36],[-48,107],[-11,114],[-70,-6],[47,-193],[-97,-40],[-18,-82],[-66,-3],[22,-77],[-182,-41],[-77,32],[-78,-6],[-299,-156],[-7,16],[-4,-18],[-105,-31],[-31,11],[-61,-43],[-47,0],[2,-20],[-32,15],[15,-20],[-36,0],[10,32],[-99,-54],[-71,-9],[-6,17],[3,-17],[-94,-18],[-273,-160],[-189,-3],[9,37],[-37,60],[-13,-14],[-54,28],[-7,-16],[-56,46],[-51,-15],[-69,32],[10,98],[-20,13],[-12,-101],[-135,61],[-21,30],[-14,-33],[66,-23],[5,-24],[113,-75],[-33,-96],[84,-57],[-10,-29],[-43,-5],[-52,48],[-32,-33],[5,-52],[-46,-143],[-6,-167],[-53,-159],[-97,-52],[-161,36],[-104,-30],[-50,-37],[29,-16],[-15,-27],[-44,19],[-16,-10],[27,-14],[-37,10],[33,-17],[-45,7],[39,-20],[-50,13],[45,-23],[-62,10],[39,-49],[-32,37],[15,-49],[-61,-29],[52,34],[-53,-21],[-8,70],[-15,-27],[-35,19],[-27,-47],[-117,-37],[-59,7],[-77,-41],[-104,13],[-45,21],[-39,63],[-27,9],[9,-21],[-80,33],[-26,44],[12,-21],[-55,-74],[-53,5],[-38,-30],[-272,96],[-5,-39],[-38,-12],[-14,24],[-126,24],[8,54],[-33,-58],[-91,-17],[-158,-155],[-93,1],[-18,-18],[-38,9],[-40,50],[7,29],[37,-20],[1,21],[-68,42],[-13,65],[-18,-11],[22,-88],[-19,-43],[-65,-28],[-203,-2],[-26,-29],[22,-33],[-65,22],[-39,-37],[25,-57],[-37,-50],[-82,6],[-9,23],[-22,-39],[-30,15],[-13,-50],[-43,16],[-31,-30],[38,-25],[16,-57],[55,7],[-32,-77],[-77,47],[-79,-78],[-8,-43],[-44,45],[-40,-8],[-12,-49],[-46,-20],[12,-38],[-79,-26],[-11,127],[-46,-21],[-110,100],[-5,40],[41,95],[-21,14],[-33,-28],[-14,10],[28,64],[-43,-40],[-51,36],[-59,-5],[-5,-17],[-44,35],[2,-20],[-41,15],[-1,-22],[-31,-5],[-8,27],[-45,-50],[38,-35],[-39,31],[-8,-29],[-12,26],[7,-24],[-109,-45],[-25,39],[24,-35],[106,43],[-7,17],[-26,-29],[-78,-13],[-28,35],[-32,-9],[-14,-23],[47,-43],[-53,-27],[26,-27],[-35,-63],[1,-73],[-22,26],[-49,-163],[-38,-24],[17,-129],[-33,22],[-24,-64],[-115,54],[-14,29],[-66,-27],[-94,53],[-82,-12],[-5,-18],[-37,29],[-79,9],[75,-15],[-9,-84],[85,-144],[-17,-63],[-23,2],[-55,-72],[43,-42],[61,75],[65,13],[39,-51],[44,6],[31,-67],[-70,-97],[-49,-1],[-13,-33],[-35,13],[-40,-29],[6,-43],[33,-16],[-9,-42],[-43,14],[-65,-41],[-51,60],[-76,-14],[-41,27],[-70,-36],[-42,28],[-56,-51],[-111,25],[-22,-24],[-169,-19],[2,-17],[-10,16],[5,-18],[-46,-18],[3,21],[-26,-1],[-37,-50],[-39,15],[-25,-30],[39,-31],[-63,-58],[-13,19],[8,-23],[-37,-64],[-70,-32],[31,-120],[-24,-15],[-6,-54],[-65,17],[-7,26],[-57,30],[-31,-5],[-74,85],[-51,-18],[-63,15],[17,-30],[-39,-30],[1,-34],[54,-81],[-35,-32],[-76,8],[-35,-42],[-102,-6],[-2,-30],[-33,-11],[-32,22],[-53,-12],[17,33],[-49,29],[25,35],[-75,-42],[-34,21],[-3,71],[-73,33],[-19,-41],[-28,-3],[-30,76],[24,109],[-31,-3],[46,110],[55,-19],[-80,37],[40,25],[-23,8],[-43,-43],[-5,-75],[-11,-20],[-20,11],[-38,-90],[-88,25],[21,56],[-21,66],[-90,60],[0,-39],[-93,-143],[86,-48],[-38,-68],[-79,25],[-106,-95],[-43,-70],[-100,-56],[-12,-45],[-79,21],[-32,-28],[-71,-10],[-24,-39],[-54,18],[-60,-9],[-20,-23],[-84,7],[76,218],[17,-5],[-30,73],[44,27],[-46,-25],[-146,169],[91,105],[39,-32],[20,22],[85,-45],[27,30],[-30,24],[25,28],[38,-29],[-13,22],[24,28],[-20,26],[26,30],[23,-18],[38,70],[-95,69],[-24,-31],[-31,17],[-36,-22],[-47,36],[22,28],[28,-21],[-23,34],[27,13],[-23,-8],[-59,40],[26,-42],[-30,-37],[-53,14],[-55,-37],[-30,45],[-69,32],[86,61],[-11,87],[-25,-8],[-50,67],[-86,-56],[-49,23],[2,62],[36,44],[-39,24],[-2,45],[34,69],[-10,67],[39,45],[-1,61],[-86,53],[30,57],[-34,-7],[-93,89],[34,26],[-9,38],[-37,73],[-37,-1],[-52,121],[-26,2],[-12,36],[26,9],[-26,-8],[-18,58],[58,62],[3,55],[59,32],[25,77],[-22,105],[16,-4],[-66,25],[-43,-67],[-18,40],[-23,-35],[-28,69],[44,41],[23,118],[76,8],[16,30],[66,-27],[51,-83],[33,17],[36,-17],[12,28],[-45,-2],[-75,118],[220,118],[-27,49],[-68,-37],[-11,39],[32,33],[-30,1],[-150,-153],[-122,23],[-74,-59],[-130,-6],[-19,103],[-19,0],[13,56],[-50,26],[-21,41],[19,-54],[30,-16],[-9,-98],[-115,-78],[-94,20],[-12,-21],[-2,19],[-30,1],[-35,-26],[-71,21],[-40,-26],[15,-22],[-15,-56],[21,-20],[-18,-70],[-84,-5],[-38,24],[12,46],[-56,9],[31,122],[-94,5],[-55,51],[-13,-12],[-61,34],[12,20],[-19,10],[-11,-20],[-53,28],[-42,-67],[-19,10],[18,-6],[22,40],[-33,18],[-13,-49],[-150,70],[-11,-13],[27,42],[-31,-11],[13,21],[-51,31],[-17,-47],[-231,-7],[4,-17],[-86,-12],[22,-128],[-108,-31],[9,-28],[-70,-21],[-61,135],[84,36],[-26,38],[-28,-4],[-19,-46],[-7,15],[-159,-34],[-43,25],[24,-48],[-64,-29],[-66,21],[66,-39],[153,35],[33,-73],[-49,-31],[-25,56],[-172,-78],[-43,22],[46,-90],[98,43],[21,-46],[94,54],[4,-21],[55,24],[-24,53],[-51,-22],[52,23],[25,-54],[-59,-25],[-3,7],[-242,-105],[-69,150],[-40,15],[37,-19],[19,-43],[-51,-23],[-36,26],[-36,-72],[-56,-9],[-5,-27],[21,11],[28,-28],[-47,-3],[22,-69],[-48,-125],[15,-18],[-87,-95],[-39,3],[-36,-29],[-34,-44],[4,-56],[-46,4],[-15,-74],[-33,8],[-17,-37],[-32,-11],[-4,21],[-22,-22],[19,-13],[-32,-24],[-16,11],[8,-18],[-51,-37],[-1,-44],[-82,-91],[6,-57],[-26,-39],[-79,-55],[-35,24],[29,-45],[-49,-38],[-45,26],[-19,65],[0,-45],[-35,-11],[45,-23],[5,-32],[-36,-46],[-65,22],[8,-19],[-102,-55],[-45,-74],[-154,-57],[-115,-107],[21,8],[3,-22],[-77,-124],[38,-26],[-22,-148],[-55,18],[-38,-62],[214,-115],[40,24],[117,-197],[-35,-18],[8,-51]],[[128651,164970],[-344,-41],[-83,-72],[-62,-19],[-45,12],[-65,74],[-94,-56],[-29,42],[89,201],[77,99],[-7,51],[-28,0],[-43,-56],[-41,35],[30,38],[-14,16],[-66,-4],[5,-64],[-128,19],[-48,37],[-122,-78],[-64,46],[50,18],[0,74],[-68,6],[-26,-22],[-59,21],[7,-65],[-47,-11],[-21,62],[-62,25],[-10,42],[-81,-6],[-6,60],[30,47],[18,114],[-14,103],[-24,44],[-62,18],[-66,99],[8,43],[-33,43],[90,210],[-143,155],[-25,-47],[-32,-12],[-5,37],[46,48],[-63,9],[76,120],[-70,37],[-25,66],[30,68],[-11,85],[72,42],[5,73],[-36,63],[5,35],[-79,10],[-34,-50],[-102,-4],[-27,-41],[-31,6],[-90,138],[5,139],[-116,101],[-72,9],[-35,97],[-118,-38],[-96,12],[31,147],[-23,90],[62,46],[-32,56],[73,174],[-6,22],[-105,28],[33,56],[-20,22],[37,43],[-5,51],[22,10],[-81,225],[65,55],[7,73],[48,27],[-32,10],[-4,91],[86,185],[-79,176],[-54,68],[-7,75],[-42,34],[10,44]],[[126206,169141],[-51,132],[-106,103],[34,164],[-82,61],[-22,47],[-65,24],[-114,-15],[-37,40],[83,80],[87,139],[-16,94],[65,147],[74,-12],[16,26],[57,17],[10,30],[143,14],[26,33],[110,9],[58,65],[14,54],[99,68],[51,96],[95,37],[35,65],[61,24],[71,158],[-14,98],[104,76],[-13,100],[71,100],[-167,102],[-18,174],[75,83],[21,98],[104,90],[-4,88],[-52,72],[14,44],[81,39],[1,66],[49,0],[-1,60],[112,153],[32,12],[-10,62],[105,143],[4,67],[99,70],[-29,25],[17,55],[-38,70],[-192,25],[-30,-38],[-76,50],[-16,43],[-83,33],[34,48],[-17,93],[69,-15],[22,39],[57,8],[23,21],[-19,30],[21,49],[109,27],[58,84],[63,40],[58,4],[41,54],[95,35],[55,90],[48,-35],[106,-16],[38,61],[64,17],[-11,98],[94,68],[102,-61],[66,10],[106,65],[-14,44],[47,85],[-36,45],[66,76],[-25,81],[48,15],[7,40],[72,6],[-21,39],[45,12],[91,100],[-19,75],[23,33],[-15,78],[25,71],[-59,8],[-15,37],[51,77],[243,8],[16,-30],[88,-37],[37,-71],[53,26],[62,-15],[4,-35],[-53,-79],[66,-34],[12,-103],[132,-86],[51,15],[61,-42],[38,129],[84,84],[-12,58],[99,60],[38,72],[36,3],[16,-67],[53,-64],[154,-57],[170,56],[72,75],[61,-20],[63,53],[184,14],[121,-98],[-23,-148],[95,-53],[63,19],[53,-70],[31,25],[3,51],[64,42],[44,81],[106,100],[79,-8],[62,30],[-5,125],[-49,112],[63,-22],[62,29],[47,48],[8,46],[38,15],[129,-93],[4,-48],[143,-79],[0,-49],[-47,-25],[14,-34],[47,29],[191,-3],[44,-45],[74,7],[53,-46],[87,45],[37,-6],[30,30],[47,-42],[37,12],[62,-57],[28,5],[51,82],[30,-10],[86,52],[104,-83],[150,-63],[77,25],[40,99],[104,92],[189,-35],[21,89],[180,87],[49,98],[57,-32],[30,97],[91,72],[6,34],[18,-31],[54,-17],[35,29],[74,10],[-20,75],[13,41],[18,-15],[29,37],[-6,25],[41,-15],[11,23],[36,-22],[139,15],[23,-51],[47,-16],[6,29],[101,-53],[49,42],[66,7],[14,-58],[34,-32],[26,7],[25,-49],[37,-5],[104,12],[39,202],[36,14],[73,91],[16,-18],[137,0],[21,-105],[78,-20],[54,71],[111,41],[4,39],[-11,103],[-58,77],[-66,298],[-179,47],[-109,1],[-21,98],[-49,62],[-160,-78],[-52,28],[-57,131],[-71,21],[-68,-29],[-136,-5],[-32,36],[8,63],[99,-17],[22,85],[70,36],[50,107],[-3,42],[62,45],[71,2],[67,71],[12,48],[78,4],[48,28],[56,144],[63,75],[12,74],[180,49],[53,-36],[72,59],[62,-37],[35,10],[38,-68],[46,-18],[95,74],[-17,26],[22,35],[134,53],[17,42],[27,-20],[1,-70],[27,-7],[18,35],[81,29],[16,78],[-22,12],[51,16],[-108,163],[50,34],[66,-2],[33,-25],[115,93],[61,16],[-47,86],[23,34],[-49,24],[30,63],[151,28],[68,78],[87,25],[-17,66],[29,112],[61,64],[83,27],[136,117],[29,54],[-17,39],[50,26],[5,75],[190,106],[49,-23],[79,21],[5,90],[-58,40],[-66,115],[101,114],[52,22],[20,62],[58,44],[16,63],[173,136],[38,104],[117,52],[43,55],[64,-9],[145,65],[102,-14],[28,-12],[-2,-40],[77,-82],[92,-168],[91,-26],[34,16],[29,-30],[41,9],[35,-61],[111,55],[39,-44],[183,-95],[69,47],[144,23],[125,53],[34,51],[37,10],[-16,72],[53,106],[115,59],[22,-50],[65,5],[41,-22],[48,-111],[53,2],[99,-45],[20,-31],[-1,-63],[-19,-7],[26,-49],[123,-18],[38,-61],[45,-11],[24,-75],[143,-11],[119,35],[121,190],[106,-25],[57,36],[115,-22],[69,-44],[145,119],[80,-50],[63,1],[63,52],[28,1],[8,-29],[11,17],[66,-1],[84,-57],[14,-72],[104,-11],[32,-32]],[[158455,181692],[-17,81],[-50,68],[-65,40],[-46,-8],[-159,-94],[-76,-10],[26,-132],[-82,-96],[-194,-82],[-61,-63],[-190,-52],[-23,-104],[-43,-16],[-147,-169],[-62,8],[-44,-28],[-201,21],[-71,-41],[-30,13],[-183,-53],[-54,59],[-57,14],[-34,115],[-58,4],[-46,37],[-88,-44],[-60,-123],[-76,-36],[-128,14],[-33,-32],[-66,-2],[-30,-30],[3,-36],[-38,-8],[-18,-36],[-73,-16],[-48,22],[-136,-33],[-27,29],[-39,-1],[-68,-23],[2,-77],[-51,-138],[-171,-108],[-71,9],[-70,37],[21,132],[-46,115],[-65,74],[-76,29],[-33,44],[27,174],[56,66],[62,138],[-25,58],[35,78],[-38,74],[-44,33],[-197,-50],[-92,116],[38,42],[75,28],[-23,25],[-11,101],[104,117],[-10,36],[-60,15],[7,18],[-52,29],[-30,69],[-33,18],[6,55],[44,33],[-21,66],[-76,71],[-41,-48],[-58,-1],[-158,55],[-27,24],[5,56],[-153,123],[-9,66],[-45,21],[-19,69],[-42,-5],[-9,18],[-35,-20],[-70,35],[-33,-75],[-123,-3],[-62,-54],[-6,-32],[-111,93],[-103,-78],[-37,-2],[-54,6],[-81,84],[-166,27],[-28,41],[-91,-37],[-187,42],[-120,108],[65,171],[107,72],[50,70],[-56,60],[-9,42],[70,93],[-15,70],[-74,-14],[-20,31],[-143,23],[-71,-76],[-39,6],[-138,-84],[-139,72],[-192,-94],[-26,-62],[-118,-91],[-59,32],[-41,-10],[-13,26],[-42,-7],[-50,-60],[-34,-112],[-2,-40],[53,-54],[3,-39],[-33,-71],[-47,-30],[-12,-52],[-236,5],[-23,-36],[-117,-12],[-20,-45],[-60,-23],[-86,-95],[-23,28],[-41,-32],[-65,21],[-88,-47],[-67,16],[-46,-14],[-16,-91],[74,-32],[-3,-25],[-28,-9],[18,-46],[-27,-47],[35,-78],[-142,-66],[-32,-38],[-24,-70],[-109,-128],[11,-68],[-82,28],[-90,-39],[-195,63],[2,106],[-40,92],[-107,90],[25,105],[-108,126],[4,44],[-39,38],[15,48],[-36,23],[-49,-20],[-60,11],[3,66],[-39,-39],[-46,-7],[-17,50],[-92,28],[-84,79],[-36,68],[-51,8],[-14,32],[-74,-47],[-87,52],[-27,92],[-48,40],[-41,-49],[-65,40],[-34,-8],[-1,-40],[-41,22],[-44,-11],[-58,48],[-103,4],[-115,84],[-74,-10],[-89,43],[-75,-49],[-6,-64],[-178,-20],[-59,71],[-62,-6],[-84,36],[-192,180],[-123,7],[-31,40],[-78,11],[-147,-50],[-83,67],[-47,-14],[-48,30],[-55,-13],[-24,34],[-94,30],[-31,-68],[-85,-62],[11,-54],[40,-15],[4,-34],[-42,-30],[11,-22],[-30,-41],[-72,-57],[-20,-72],[-62,-41],[-15,-168],[18,-34],[-19,-26],[26,-51],[-49,-79],[-6,-60],[-43,-29],[25,-92],[-49,-66],[44,-74],[-69,-103],[17,-153],[-79,-39],[-23,-124],[-46,-20],[-35,-61],[-87,32],[-65,-9],[-125,-105],[-87,-2],[-35,45],[-128,21],[-31,-84],[-87,-37],[-37,-82],[80,-108],[60,-19],[82,-161],[12,-37],[-25,-34],[39,-105],[-6,-51],[52,-42],[-9,-54],[41,-53],[-40,-70],[-95,-2],[-44,128],[-63,-16],[-50,55],[-70,-23],[-32,14],[-63,-95],[-87,16],[-59,-21],[-40,-65],[-109,-6],[-35,-80],[-25,6],[-39,-35],[-55,40],[-49,1],[-48,-77],[-124,-29],[-22,26],[-111,3],[-132,70],[-85,-21],[-19,79],[-73,61],[-72,-10],[-40,29],[-80,-73],[-72,-9],[-28,-77],[35,-59],[-52,-77],[67,-48],[37,-103],[-7,-77],[60,-81],[5,-88],[87,-73],[19,-85],[-10,-201],[-84,-51],[-33,-60],[-47,12],[-167,-37],[-30,30],[-55,6],[-122,-32],[-39,-39],[-47,-7],[-59,-77],[-44,-16],[-12,-38],[-48,-22],[-110,81],[-120,13],[-81,-85],[9,-28],[-104,-99],[-84,6],[-46,60],[-42,10],[-36,-32],[-29,53],[-76,2],[-55,71],[-79,-38],[-31,-20],[-1,-44],[-43,-58],[34,-60],[7,-122],[-31,-123],[33,-71],[-91,-89],[-101,11],[-64,-74],[3,-33],[-47,-30]],[[140959,178985],[68,32],[-26,49],[38,34],[-66,62],[-11,88],[26,85],[34,27],[-16,41],[78,82],[-18,101],[-55,110],[89,90],[-21,125],[48,95],[-2,46],[89,63],[3,57],[32,25],[117,3],[65,70],[184,54],[64,81],[46,16],[42,115],[-17,123],[-44,47],[-16,70],[-56,9],[-45,49],[36,117],[-36,97],[-79,63],[-39,4],[-21,52],[-44,11],[-68,-48],[-57,3],[-23,-43],[-74,-2],[-23,50],[32,47],[-28,48],[18,102],[35,2],[35,50],[61,23],[16,-17],[124,76],[-8,27],[77,23],[60,66],[110,39],[40,-15],[78,64],[113,35],[79,-5],[146,119],[42,8],[31,-43],[60,-5],[107,66],[47,-4],[34,69],[61,30],[42,57],[73,23],[76,-49],[160,-9],[88,73],[134,-26],[55,55],[95,-17],[33,43],[77,35],[-43,224],[-109,165],[103,187],[-63,34],[-137,246],[47,21],[37,51],[-42,61],[23,152],[-28,43],[12,138],[61,70],[99,197],[115,-5],[46,56],[-11,71],[38,-14],[45,25],[-76,154],[-47,34],[4,23],[-32,5],[24,76],[82,61],[-19,26],[0,34],[25,15],[-15,161],[-164,334],[-110,88],[-397,158],[-684,555],[-92,255],[-239,493],[34,145],[242,179],[127,42],[233,4]],[[142453,186692],[18,-49],[16,31],[38,-25],[120,61],[185,34],[-56,-41],[-33,13],[-2,-29],[-103,-102],[10,-15],[-118,-75],[18,-35],[-46,-21],[-12,52],[-6,0],[4,-2],[19,-83],[16,-5],[-17,4],[-16,67],[-13,-3],[4,-27],[-6,27],[-20,-5],[23,-39],[-16,-30],[39,-7],[-29,-8],[7,-36],[55,3],[-7,36],[8,-36],[75,7],[66,-139],[-104,-45],[-23,-41],[28,9],[76,-160],[117,-145],[249,-220],[300,-178],[213,-89],[139,-38],[25,9],[20,-20],[70,-14],[-10,-23],[18,20],[-5,16],[130,-44],[231,-21],[106,-44],[373,-60],[29,25],[98,-2],[195,93],[4,51],[11,-24],[17,23],[-18,15],[12,2],[0,15],[-55,-11],[36,12],[32,1],[19,103],[69,109],[-36,47],[151,104],[13,62],[47,58],[184,64],[162,3],[253,152],[101,122],[165,3],[90,29],[45,50],[46,-23],[114,2],[67,72],[75,-41],[65,0],[150,43],[35,52],[84,30],[-22,24],[34,-15],[328,37],[49,-12],[-35,1],[42,-70],[86,-10],[90,-65],[258,-51],[105,2],[142,-72],[71,11],[11,-27],[121,-30],[-36,-3],[5,-30],[19,4],[-16,-13],[62,8],[35,-34],[76,-15],[416,-6],[70,20],[51,-36],[241,-42],[753,-41],[818,39],[641,73],[26,29],[53,-30],[80,2],[84,49],[53,-3],[27,-28],[231,25],[152,53],[-15,30],[20,-17],[33,12],[9,57],[103,14],[72,-32],[91,29],[13,107],[28,-6],[21,-42],[93,-21],[53,26],[88,-8],[32,47],[37,-49],[60,11],[26,40],[48,-32],[63,19],[44,70],[-6,27],[-36,-11],[56,40],[11,55],[41,32],[78,-99],[-2,-38],[34,4],[35,-130],[28,-13],[18,27],[-14,-30],[16,-12],[174,-24],[480,23],[136,27],[53,60],[37,-13],[21,18],[9,-24],[32,28],[80,-27],[43,7],[26,36],[43,-25],[21,29],[2,-24],[55,-4],[15,30],[115,-14],[473,69],[2,26],[92,-6],[249,64],[4,74],[87,12],[-69,-12],[0,-34],[64,0],[12,21],[161,-111],[13,10],[-38,62],[-100,44],[-3,51],[26,7],[12,-42],[46,36],[66,-45],[159,24],[329,90],[452,171],[113,73],[12,44],[-23,11],[49,44],[6,69],[72,33],[68,-20],[34,17],[13,28],[-70,46],[20,30],[-13,-26],[46,-29],[24,36],[-13,81],[25,31],[-17,18],[38,2],[-4,23],[123,5],[-1,45],[109,-8],[6,33],[10,-15],[35,20],[35,38],[37,-9],[-88,-45],[41,-5],[4,19],[18,-25],[16,16],[31,-42],[74,-6],[122,29],[52,26],[-20,3],[-1,46],[47,15],[-45,44],[3,21],[40,11],[4,31],[-31,29],[18,34],[47,-21],[31,32],[-10,-75],[60,-59],[35,18],[78,-23],[97,17],[87,64],[-8,147]],[[126206,169141],[-66,20],[-183,-45],[-45,53],[-81,-23],[-34,14],[-58,-89],[-89,-29],[-46,13],[-40,-36],[-1,-42],[-44,-16],[-48,-73],[26,-192],[-15,-45],[-71,-52],[-18,-48],[-54,16],[-115,-72],[-12,-63],[-94,-172],[59,-42],[3,-42],[44,-18],[38,-160],[97,-111],[-3,-66],[89,-69],[-25,-115],[24,-60],[-19,-64],[-63,-41],[-82,24],[-52,-23],[-114,-203],[-104,-45],[-19,-102],[-90,-32],[17,-156],[-72,-135],[-104,-5],[-25,-35],[37,-120],[-59,-116],[-50,25],[-11,44],[-139,163],[8,48],[-25,-4],[-78,64],[-67,8],[-43,88],[-117,36],[-31,43],[-58,-44],[-49,-127],[-103,-71],[-62,-83],[-166,148],[-15,-74],[-34,-23],[34,-123],[-9,-44],[-62,-39],[-23,16],[-87,-14],[-52,-61],[-62,19],[-70,-24],[-128,32],[-77,71],[-56,-43],[-45,9],[-14,36],[-37,2],[-38,-140],[-105,43],[-52,-44],[-52,128],[-44,31],[-94,0],[-53,75],[-69,13],[-22,148],[-74,52],[-34,-22],[-82,68],[-72,8],[-32,66],[67,115],[-21,143],[-93,39],[-37,97],[-45,37],[30,51],[-21,74],[20,42],[-52,45],[-2,62],[44,64],[86,41],[14,100],[65,79],[85,23],[10,95],[35,42],[-12,79],[98,198],[18,127],[-24,49],[-85,-29],[-105,21],[-49,-15],[-50,4],[-29,33],[-130,-55],[-62,40],[6,53],[-27,15],[-140,-83],[-52,-99],[-50,-8],[-116,66],[-92,-61],[-75,18],[-62,-25],[-42,57],[-105,64],[-66,-11],[-49,139],[12,29],[33,9],[26,99],[-48,38],[14,48],[-37,129],[69,74],[3,113],[-40,60],[-39,13],[-69,-41],[-84,0],[-23,101],[24,48],[-5,81],[-30,1],[-63,128],[-78,21],[-24,28],[19,105],[54,5],[114,123],[60,-24],[27,69],[104,41],[85,110],[73,38],[-82,78],[57,61],[10,56],[-34,89],[-31,9],[62,140],[-36,88],[46,-27],[98,-9],[48,121],[51,36],[56,-8],[44,72],[-26,59],[-79,48],[3,145],[-40,113],[34,28],[-40,87],[21,120],[-113,18],[-1,-28],[-49,2],[-163,126],[18,35],[-27,79],[56,66],[-25,42],[22,100],[-13,49],[47,92],[-77,-6],[-7,31],[29,26],[-18,59],[-89,13],[15,104],[-83,91],[38,11],[68,90],[-28,44],[16,54]],[[120984,172604],[4,-64],[102,-12],[81,-64],[71,57],[85,-47],[101,68],[32,-60],[51,25],[19,-18],[234,28],[422,123],[20,26],[395,100],[325,157],[256,177],[79,103],[10,35],[-22,40],[100,6],[37,30],[9,62],[22,-2],[57,64],[-28,120],[42,-7],[22,26],[-20,20],[37,7],[-83,52],[4,53],[-50,47],[-8,56],[66,13],[-10,33],[36,-10],[-10,22],[46,16],[43,-33],[24,22],[99,-44],[54,20],[14,25],[-32,60],[75,-10],[14,71],[-25,37],[41,40],[-12,19],[23,45],[38,0],[-9,-25],[76,25],[120,-37],[40,55],[6,109],[184,178],[-97,-100],[50,-121],[43,60],[19,-30],[15,12],[3,80],[41,30],[58,-24],[92,61],[20,41],[-18,15],[26,12],[-15,8],[28,41],[-27,14],[61,39],[-8,40],[39,1],[-4,57],[-35,30],[38,-5],[32,40],[-20,56],[45,16],[14,-15],[14,21],[20,-14],[32,58],[67,-7],[38,51],[68,-30],[102,86],[70,14],[27,30],[15,96],[34,-3],[-14,57],[16,14],[-19,11],[17,25],[81,31],[16,32],[92,27],[102,192],[-14,26],[-64,5],[-7,44],[-30,-7],[13,38],[-21,23],[30,6],[-7,20],[33,-17],[43,48],[52,-6],[10,35],[48,7],[-59,-84],[24,-1],[19,36],[-6,-95],[41,67],[-27,12],[11,44],[66,11],[4,62],[54,-13],[-33,60],[35,20],[44,-28],[27,28],[-13,27],[27,14],[-5,-29],[139,-48],[-62,-27],[2,-31],[-28,13],[13,-31],[109,-34],[106,31],[42,76],[-56,20],[-26,-13],[25,14],[-34,73],[79,12],[-44,150],[13,-36],[26,10],[-23,-20],[9,-26],[79,34],[-31,45],[32,-43],[28,19],[-37,51],[18,12],[43,-88],[48,22],[-89,111],[-9,100],[27,43],[61,8],[45,-19],[-9,-31],[30,27],[-7,-36],[45,10],[-8,77],[20,32],[56,-6],[-70,18],[-32,-35],[12,-37],[-19,4],[-54,94],[49,8],[-16,56],[51,0],[36,43],[-20,27],[45,-9],[25,60],[34,0],[-28,52],[19,29],[43,-13],[11,31],[29,-16],[-12,33],[24,16],[17,-22],[7,34],[81,-15],[32,-27],[51,40],[49,79],[-41,70],[11,19],[-28,7],[49,30],[1,27],[30,-17],[32,88],[14,-32],[55,-2],[396,221],[38,45],[-3,70],[9,30],[26,4],[6,56],[37,-13],[48,17],[356,216],[137,135],[-7,40],[131,72],[319,316],[2,-19],[75,93],[-1,56],[42,54],[-39,-93],[75,40],[-25,-2],[25,29],[32,-14],[106,30],[22,38],[54,-6],[27,49],[50,-7],[31,-42],[165,32],[135,68],[57,65],[50,-9],[51,22],[4,46],[28,-27],[35,1],[84,50],[-2,27],[78,28],[28,37],[-6,40],[24,11],[-23,7],[46,57],[23,-4],[-13,45],[41,42],[-18,3],[9,33],[127,40],[13,77],[-16,20],[-31,-6],[-12,107],[22,-8],[-17,27],[37,-7],[-8,24],[32,-1],[-9,21],[48,24],[14,69],[35,-35],[25,12],[4,-26],[23,7],[-6,-41],[16,20],[8,-19],[29,9],[-1,-23],[46,7],[-8,34],[-74,36],[27,29],[-24,-18],[-30,32],[68,14],[-42,7],[13,41],[55,0],[-5,20],[42,-19],[6,28],[-23,14],[15,12],[34,-45],[15,23],[-26,46],[25,9],[5,-22],[13,47],[41,-61],[0,42],[31,2],[-22,21],[39,2],[20,25],[-27,32],[67,-1],[-1,-17],[41,30],[-12,34],[27,23],[-31,-11],[-2,28],[21,-1],[-22,17],[40,7],[-36,5],[8,17],[56,-6],[24,-36],[-21,70],[93,-3],[-35,44],[66,-1],[4,21],[68,-12],[87,86],[22,136],[-54,58],[-53,1],[-26,50],[35,-12],[0,20],[41,11],[50,-30],[40,58],[6,101],[75,17],[-7,-45],[31,59],[40,16],[10,39],[-22,3],[23,42],[-32,-3],[-20,31],[22,24],[22,-9],[-16,44],[55,57],[-11,18],[33,-5],[53,37],[37,-8],[23,26],[-42,51],[29,-6],[2,65],[82,-14],[-26,36],[34,27],[-22,14],[-23,-19],[-21,63],[57,-24],[103,13],[101,51],[19,40],[33,-17],[1,19],[27,-10],[94,57],[89,107],[128,69],[23,73],[28,16],[-26,43],[176,32],[89,52],[31,45],[-26,74],[33,-12],[36,27],[52,-49],[63,-2],[24,10],[2,35],[15,-25],[26,25],[-21,46],[42,16],[13,43],[144,62],[45,-13],[85,23],[31,50],[-28,40],[37,85],[39,3],[6,29],[28,-11],[56,63],[38,-2],[78,52],[58,-3],[58,73],[87,-4],[16,43],[131,41],[40,49],[50,-13],[40,46],[-33,-41],[25,-12],[62,41],[-7,29],[158,1],[256,82],[199,133],[225,260],[211,380],[147,471],[39,400],[-18,242],[-39,77],[-40,15],[-30,-38],[-24,8],[47,28],[-11,17],[-38,1],[-47,77],[-25,-6],[-29,41],[-91,4],[-70,87],[-65,-3],[-60,50],[-66,-10],[-1,-21],[-109,20],[23,59],[-17,16],[29,11],[-24,25],[40,9],[-10,28],[35,17],[-13,68],[23,38],[33,-1],[40,-53],[35,15],[18,-24],[48,1],[0,57],[57,-30],[-6,36],[20,-14],[11,19],[-85,66],[5,30],[22,-20],[14,25],[29,-53],[54,-10],[-28,23],[29,35],[10,-43],[34,9],[-6,36],[28,-24],[30,27],[26,-22],[-11,71],[15,-23],[-2,24],[10,-23],[14,22],[-2,-56],[9,40],[46,17],[3,-93],[4,60],[39,-42],[-16,62],[42,14],[13,-18],[1,20],[27,-3],[-27,18],[54,30],[51,-8],[-7,-69],[16,28],[35,-27],[21,18],[12,-53],[29,-4],[19,38],[-67,106],[23,35],[14,-21],[51,8],[26,-31],[30,27],[43,-3],[21,-32],[44,2],[7,-35],[40,7],[-31,-41],[41,-37],[47,11],[13,-25],[172,90],[295,7],[40,20],[4,46],[48,-33],[-2,-27],[46,0],[58,49],[-20,33],[-26,-14],[62,83],[-43,-9],[-158,104],[-195,80],[-47,48],[65,-21],[62,38],[26,-23],[68,37],[44,-15],[53,46],[32,-6],[20,51],[66,-31],[66,36],[117,7],[53,21],[-3,21],[49,-1],[-20,-11],[34,-14],[47,30],[92,8],[77,48],[71,-12],[25,34],[-10,47],[159,141],[49,22],[14,-24],[87,21],[21,-20],[3,39],[44,55],[22,-4],[7,39],[92,-4],[-2,-29],[37,-12],[103,72],[48,12],[23,-17],[48,60],[53,-46],[67,96],[65,-39],[95,-11],[59,25],[-18,-16],[141,-2],[86,36],[178,-14],[110,72],[8,-15],[43,74],[21,-13],[-23,-18],[69,-35],[110,18],[89,-41],[27,29],[69,-5],[108,48],[121,-65],[107,14],[54,74],[-4,20],[-26,5],[5,24],[-19,18],[23,-15],[-6,-24],[22,-4],[-6,26],[21,2],[-15,49],[-19,-3],[18,20],[-46,-40],[5,39],[-40,23],[-21,-42],[15,-15],[-25,-2],[33,73],[-19,29],[32,9],[-25,59],[23,51],[-45,30],[40,-4],[-26,18],[12,31],[44,17],[59,-34],[0,-34],[64,3],[21,22],[-54,62],[49,-10],[14,27],[22,-41],[23,24],[52,-46],[4,70],[23,-50],[116,-4],[-20,-5],[2,-65],[29,0],[15,45],[85,-76],[89,26],[-9,41],[90,-6],[11,-28],[25,24],[18,-17],[20,13],[-9,-16],[46,-26],[-9,16],[51,58],[-18,76],[-26,16],[10,29],[-41,20],[41,66],[37,-41],[34,39],[-32,34],[41,-14],[-1,34],[83,14],[-7,-79],[51,-23],[61,7],[29,37],[-50,56],[62,-10],[46,45],[-10,43],[59,11],[12,-26],[16,18],[7,120],[-161,51],[-12,48],[88,-9],[22,34],[31,-12],[21,53],[74,-37],[25,-66],[29,51],[-27,27],[26,57],[214,-70],[68,27],[51,-51],[61,8],[-1,73],[-63,11],[18,41],[-54,1],[4,25],[66,5],[18,-19],[23,20],[-8,33],[-57,6],[11,38],[-29,30],[13,52],[-38,-38],[-16,45],[-57,0],[-16,34],[86,47],[100,-4],[-12,-65],[23,-28],[99,15],[28,-48],[65,31],[-6,-54],[39,-6],[-3,-69],[-14,14],[-14,-27],[102,-105],[-24,-33],[78,-46],[19,16],[1,-38],[39,22],[-19,17],[28,0],[6,26],[32,-16],[72,44],[56,-16],[7,-30],[-79,-13],[-20,15],[-53,-34],[8,-20],[35,2],[19,-74],[56,-20],[-3,-36],[31,-5],[-21,-78],[39,-36],[67,-3],[27,27],[48,-44],[35,65],[-2,-35],[30,-11],[47,36],[-53,42],[49,40],[20,67],[47,-11],[-19,-28],[20,7],[23,-36],[-1,-75],[29,0],[11,29],[29,-23],[21,28],[39,-12],[14,27],[-24,40],[50,-21],[22,26],[9,-49],[51,14],[-27,-26],[34,6],[-7,-32],[70,11],[-17,-40],[52,5],[11,39],[-47,27],[3,91],[-40,9],[45,21],[-41,33],[-1,32],[36,21],[27,-21],[-17,35],[21,6],[28,-15],[-8,-39],[49,2],[-32,-78],[10,-74],[20,-6],[53,44],[81,-19],[14,-29],[59,2],[17,39],[47,13],[-5,54],[-29,-1],[-3,30],[45,3],[-19,64],[23,32],[43,-63],[83,50],[16,-49],[104,22],[-18,-37],[-109,-19],[-26,-42],[9,-41],[160,43],[8,-53],[109,6],[32,48],[37,-6],[-5,40],[33,6],[33,-44],[-54,-40],[83,-14],[41,90],[69,-5],[20,-43],[10,86],[19,17],[31,-22],[4,27],[22,-33],[26,18],[18,-19],[-19,-52],[16,-13],[33,32],[47,-54],[19,9],[-38,26],[11,33],[-18,2],[22,25],[61,3],[13,-32],[25,-2],[-14,-16],[43,11],[12,-21],[-1,23],[31,11],[-21,29],[42,4],[-14,-33],[58,-1],[-14,-19],[9,-23],[23,3],[-5,-41],[30,58],[44,-17],[17,-39],[9,59],[30,24],[111,-110],[40,14],[57,-25],[13,16],[9,-24],[36,-6],[-76,-74],[-134,-53],[-23,-7],[14,23],[-34,25],[6,-22],[-31,-14],[13,-33],[-113,-17],[-26,27],[-154,-30],[-63,9],[-65,-32],[-169,1],[-82,-35],[-90,8],[15,-16],[-128,-45],[4,-19]],[[139992,194204],[93,-27],[-51,-33],[3,-38],[-57,6],[-13,-39],[24,-38],[-27,-6],[22,-21],[-19,-12],[16,-54],[-66,-31],[-12,24],[-12,-24],[-31,10],[-2,33],[-25,8],[37,132],[-73,-26],[-76,16],[-17,87],[-57,52],[-18,-19],[23,-60],[-35,-39],[6,-41],[-27,-9],[7,-33],[-21,-6],[-54,99],[-31,-9],[8,-80],[-18,-18],[-6,31],[-34,-4],[11,52],[-63,31],[-192,-79],[-54,39],[55,92],[-79,61],[-8,41],[58,15],[4,26],[-78,35],[1,20],[35,-13],[16,30],[-67,61],[12,35],[-25,15],[-2,37],[154,3],[52,-29],[24,22],[88,-38],[30,17],[3,-17],[23,46],[45,-58],[77,-8],[72,-88],[0,29],[42,-36],[-21,-34],[119,-62],[53,-61],[99,-42],[59,27]],[[142421,196725],[-21,-8],[21,-14],[-58,23],[-13,-30],[-39,65],[-50,-12],[-4,22],[82,6],[1,28],[65,50],[7,27],[-51,4],[-14,42],[25,57],[49,-24],[51,31],[9,55],[-24,48],[-84,25],[-56,-36],[-147,-17],[-69,71],[-19,-12],[-126,95],[20,17],[-27,15],[23,15],[-26,38],[5,105],[-44,0],[-9,-22],[-10,40],[-121,8],[7,31],[-27,24],[-123,-62],[-32,23],[43,41],[-23,151],[96,108],[-19,77],[48,153],[-60,72],[-20,-18],[-134,39],[-3,112],[68,50],[39,65],[42,164],[4,137],[-122,80],[25,26],[65,-1],[50,-27],[-5,-26],[36,2],[85,-110],[92,-1],[6,18],[-74,42],[0,68],[94,22],[102,-27],[27,45],[-84,-29],[-66,53],[-91,-8],[-61,-35],[-37,27],[43,18],[24,166],[55,-10],[15,-39],[53,31],[19,-12],[9,21],[45,-12],[8,49],[-19,-5],[15,14],[-47,76],[29,0],[17,37],[50,-2],[31,62],[125,-20],[93,75],[-36,52],[-10,-22],[5,19],[-48,24],[-14,98],[106,-5],[67,58],[32,-7],[107,47],[77,-29],[-9,-53],[60,-31],[35,42],[61,-34],[21,24],[-11,31],[50,20],[28,-12],[-4,20],[18,-15],[128,136],[12,83],[-69,47],[42,7],[71,-33],[-14,-43],[56,-31],[-22,-30],[26,-13],[10,-56],[78,-61],[26,21],[25,-99],[77,-34],[47,65],[47,-17],[-18,-74],[-40,-2],[45,-75],[167,139],[-40,-126],[4,-24],[50,-25],[-6,-22],[34,19],[22,-15],[-8,-74],[-23,-4],[15,-36],[64,2],[81,65],[58,-46],[10,20],[53,-8],[-82,-37],[-14,-33],[12,-16],[44,13],[-17,-51],[19,-14],[25,17],[27,-37],[-1,-62],[22,18],[117,-8],[28,23],[10,-32],[29,3],[-1,22],[14,-24],[46,-2],[-22,-72],[0,38],[-40,2],[-47,-64],[34,-43],[73,23],[-10,-61],[-45,-42],[32,-3],[9,-74],[25,-13],[26,37],[10,-36],[21,1],[38,56],[3,-33],[34,-7],[-6,-33],[77,-19],[-47,-96],[65,20],[16,-41],[57,18],[1,-29],[-58,-37],[9,-33],[-87,-37],[25,-51],[-41,-84],[8,-31],[-9,14],[-31,-27],[46,-39],[1,-36],[-39,-52],[49,-20],[-22,-28],[37,-151],[-40,-38],[-13,-48],[21,-22],[-53,-37],[-19,-257],[-126,-26],[-22,-26],[-68,16],[18,-65],[-40,6],[-33,-57],[-158,-10],[-6,36],[35,8],[42,77],[69,54],[-13,27],[-44,6],[49,8],[-4,28],[48,22],[-93,32],[-5,45],[52,-2],[11,19],[-79,39],[-12,25],[33,44],[-79,-68],[-27,2],[37,-79],[-36,-75],[-12,30],[-15,-7],[38,-73],[-11,-54],[-21,7],[-17,-37],[18,-27],[-23,22],[-67,-27],[-44,51],[-52,-29],[-88,50],[-45,-14],[-95,-91],[54,-89],[-10,100],[88,-7],[79,-53],[20,64],[61,14],[39,-53],[75,-4],[-17,-78],[58,-77],[-29,-92],[36,-147],[37,-42],[-93,-1],[-134,-47],[-196,79],[-29,64],[-14,-46],[-38,2],[1,-20],[-34,-10],[-8,48],[-26,-1],[12,30],[-59,7],[-15,33],[-17,-50],[-20,51],[-34,15],[-30,-12],[0,-73],[38,-50],[-52,-11],[-35,125],[-35,2],[6,-60],[-26,2],[-19,118],[39,66],[-36,29],[-53,-128],[19,8],[12,-28],[-20,-24],[30,-84],[-16,-47],[-137,-5],[-108,-95],[-26,19],[34,23],[43,98],[-60,-40],[-18,55],[-32,-128],[-41,-52],[-44,1],[-24,-34],[4,104],[70,85],[-112,96],[1,-24],[-31,-6],[37,-46],[33,-2],[-5,-34],[-40,-46],[-36,-4]],[[140017,194582],[0,29],[33,18],[-34,47],[42,77],[-14,60],[33,11],[-27,51],[-4,96],[53,-23],[-9,41],[67,29],[-49,21],[-4,62],[20,-19],[56,48],[-25,17],[10,42],[-33,1],[2,38],[-76,-39],[-52,50],[91,23],[8,25],[-35,16],[40,7],[-72,49],[41,32],[-64,69],[14,42],[-51,29],[-15,119],[66,-12],[28,84],[36,-5],[14,20],[43,-25],[-21,-9],[6,-30],[63,-1],[0,37],[-25,11],[18,27],[-51,26],[55,20],[-17,42],[42,29],[15,-42],[35,14],[-11,-40],[31,-1],[8,-26],[-45,-85],[40,-49],[-23,-46],[20,-21],[45,4],[-6,60],[22,30],[-26,-7],[0,26],[72,49],[-52,49],[68,-21],[9,36],[-50,-2],[-15,36],[-34,-17],[7,49],[40,18],[-4,41],[56,-16],[17,31],[19,-32],[61,3],[117,53],[18,-25],[-36,1],[-21,-24],[57,-7],[12,17],[15,-16],[-24,-32],[53,-16],[44,26],[25,-39],[32,1],[10,-33],[84,2],[-87,-91],[86,-17],[49,-40],[-131,-64],[14,-24],[-22,-5],[-6,-39],[37,-21],[-7,-35],[-55,-15],[20,-38],[-105,-40],[9,-42],[52,-6],[87,35],[16,-25],[40,8],[-18,45],[60,11],[30,-34],[112,-28],[4,-48],[42,-9],[51,-71],[-109,1],[-56,72],[-6,47],[-32,6],[-50,-90],[-34,-3],[-3,-52],[-44,8],[-4,50],[-66,-43],[-75,76],[-68,-6],[60,-76],[-33,-19],[45,-35],[-31,-28],[-3,-44],[33,-17],[-15,-16],[-213,103],[-2,29],[-64,-1],[-1,-20],[159,-111],[-9,-54],[-107,2],[60,-51],[-113,-12],[50,-42],[-1,-30],[74,11],[-16,-53],[-91,-14],[-135,59],[-26,-47],[47,-26],[-21,-46],[-28,22],[-62,0],[-13,-29],[-57,-3],[7,-39],[78,-19],[-22,-54],[-96,-7],[-10,-31],[-63,-6]],[[138776,194846],[-51,17],[0,52],[-24,26],[-58,2],[-91,45],[-108,-26],[-4,30],[-62,31],[79,42],[-106,-17],[-25,47],[53,21],[11,74],[46,62],[-80,-5],[-31,57],[67,4],[23,45],[-21,42],[55,11],[15,71],[45,-1],[-2,22],[20,-15],[0,21],[46,-13],[11,21],[54,-1],[15,46],[-18,-13],[-55,21],[2,32],[-37,-14],[54,44],[6,49],[42,8],[39,75],[67,45],[28,43],[-15,24],[32,-23],[36,28],[-8,37],[54,-16],[18,-83],[-29,-5],[-2,-49],[34,27],[35,-5],[18,69],[45,15],[35,-22],[3,20],[35,-3],[65,-62],[-21,-26],[50,-11],[0,76],[90,61],[-12,70],[24,113],[-22,129],[28,32],[75,-51],[25,25],[21,-31],[14,27],[44,0],[-20,23],[23,22],[12,-22],[79,-5],[28,-31],[70,6],[23,-19],[10,16],[29,-37],[-23,-2],[18,-25],[-16,-8],[28,0],[-29,-50],[145,74],[10,-89],[18,51],[35,9],[-14,19],[101,63],[47,118],[19,-8],[-7,-36],[115,43],[47,-9],[-19,-70],[60,16],[4,-22],[40,-8],[72,37],[-19,-39],[-18,10],[-4,-79],[-34,-4],[13,-38],[-33,-7],[14,-24],[-25,-16],[29,-27],[-51,-1],[-42,-77],[-94,-46],[-52,-71],[-36,23],[-59,-35],[-73,12],[-19,-25],[-126,19],[-32,-39],[-15,13],[-39,-27],[17,-43],[-33,-1],[-1,-34],[24,-54],[64,-39],[-33,-22],[3,-41],[42,-16],[39,27],[83,-128],[15,-84],[-93,-67],[6,-139],[27,-21],[-28,-52],[-49,8],[9,-44],[-22,-43],[-51,-11],[19,21],[-18,23],[-68,-10],[-16,48],[-39,-32],[-47,28],[-105,-29],[-105,173],[-69,24],[-36,-20],[44,63],[-21,51],[-49,22],[36,45],[-32,31],[-7,52],[19,33],[80,32],[6,54],[-11,41],[-91,87],[34,-111],[-42,-95],[-33,-18],[-27,23],[-40,-46],[-42,34],[-18,-15],[-48,15],[33,-67],[-9,-77],[-94,51],[9,86],[25,10],[-24,9],[-52,-65],[-37,-9],[13,-47],[-41,-8],[-11,-25],[31,-75],[60,-11],[-31,-33],[44,-80],[-13,-9],[33,-20],[-33,-19],[40,-25],[1,-31],[32,7],[78,-159],[-11,-67],[54,-92],[55,-37],[-35,-90],[-120,81],[-27,61],[-37,10],[29,7],[-18,19],[-104,40]],[[211902,213532],[-18,20],[45,37],[-23,26],[84,63],[98,-118],[-129,-96],[-52,62],[-51,-34],[46,39],[-65,-47],[-95,16],[93,-13],[67,45]],[[217768,205995],[-17,92],[-38,31],[-6,202],[-47,117],[-112,11],[-101,65],[-44,52],[-7,84],[37,77],[173,71],[34,39],[38,51],[-6,76],[95,159],[-19,43],[-62,37],[-42,87],[-102,45],[15,51],[132,138],[20,139],[-21,80],[36,59],[6,81],[-60,54],[-26,76],[-44,7],[-31,36],[-72,30],[-60,-16],[-202,28],[-5,26],[-62,28],[-21,50],[-127,19],[-18,55],[-76,14],[8,58],[-140,-16],[-57,111],[-49,45],[6,119],[39,76],[-113,72],[-227,-24],[-76,115],[-30,-3],[46,185],[-67,11],[-14,39],[-45,4],[56,423],[-26,91],[31,90],[-22,109],[35,73],[-21,29],[-2,152],[-149,130],[-36,134],[-34,20],[-15,164],[-53,88],[-183,38],[-52,-39],[-171,-5],[-110,65],[-36,80],[-27,9],[-57,-42],[-79,30],[-18,-30],[-144,-43],[-69,21],[-92,-106],[-112,-2],[-17,28],[-185,-60],[-178,29],[-10,-38],[-49,-38],[-111,-30],[-158,-114],[-57,3],[-100,-46],[-107,-16],[-24,-65],[-196,-34],[-23,14],[-2,-48],[-59,-48],[8,-39],[-26,-40],[-142,-96],[49,-66],[-88,-69],[-20,-61],[-70,-74],[-29,-72],[12,-37],[-62,-66],[14,-138],[-68,-74],[-30,-104],[-73,-68],[-43,-3],[-82,-137],[-82,70],[-102,28],[-171,-27],[-37,-53],[-103,-41],[-153,-139],[-27,-154],[-56,-73],[57,-56],[12,-79],[56,-29],[-88,-139],[2,-84],[-51,-24],[-13,-41],[53,-72],[1,-41],[36,-20],[15,-81],[-58,-27],[-4,-41],[-23,22],[-32,-117],[-176,-79],[-42,29],[-21,72],[18,136],[-47,82],[-138,49],[-11,77],[-38,28],[-75,-76],[-197,-26],[-246,43],[-58,31],[11,47],[-102,-133],[-4,-53],[-38,-42],[-108,-56],[-250,-31],[-19,-66],[-51,-3],[-49,-40],[-178,1],[-75,20],[-43,49],[-96,-35],[-120,56],[-98,-44],[-87,10],[-46,30],[-37,-15],[-84,-93],[-97,-3],[-82,-55],[-15,-62],[-86,-34],[-62,-68],[-118,-215],[31,-100],[-63,-87],[-43,-27],[-81,1],[-105,-59],[-27,-2],[-9,125],[-85,35],[-57,-35],[-103,19],[-68,135],[-64,-5],[-40,44],[-60,-12],[-75,70],[-41,-7],[-19,38],[-52,22],[150,203],[81,57],[-18,130],[-44,35],[-28,128],[45,-1],[54,48],[17,67],[134,176],[10,43],[-19,167],[-62,20],[-66,-32],[-85,42],[0,139],[-27,38],[-151,16],[-113,50],[-45,43],[-206,-40],[-95,41],[-35,-83],[-62,-56],[-65,9],[-68,40],[-62,122],[-226,24],[-159,94],[-59,-32],[-74,-3],[-114,-59],[-32,-46],[-99,-24],[-202,45],[-55,51],[-96,-2],[-56,-42],[3,-54],[-24,-35],[126,-77],[5,-29],[-41,-60],[-48,-16],[-50,-87],[71,-73],[-8,-48],[35,-103],[126,-64],[-34,-68],[16,-48],[-42,-42],[-71,-12],[-144,-164],[-28,-58],[16,-85],[-78,-99],[-86,-54],[-17,-77],[-170,-168],[10,-151],[-26,-41],[-105,-26],[1,-58],[-40,-68],[-369,-188],[-28,-131],[-89,-69],[-40,-22],[-84,12],[-93,-38],[-92,-84]],[[204871,206444],[-5,69],[-174,158],[19,186],[47,80],[-66,123],[-2,88],[-51,42],[-23,63],[-163,120],[-29,49],[60,80],[-25,77],[21,102],[-18,38],[32,170],[-38,43],[23,52],[-17,97],[18,29],[-26,76],[-108,76],[-151,215],[12,124],[-25,81],[73,58],[-22,223],[58,86],[-58,98],[-35,18],[-34,166],[-58,6],[-117,-35],[-150,14],[-197,122],[-97,-7],[-4,56],[-115,97],[-87,152],[-192,122],[-37,52]],[[203110,209910],[223,14],[68,33],[-59,4],[94,34],[119,11],[178,80],[267,57],[375,133],[24,14],[-31,18],[74,9],[604,245],[520,164],[241,173],[133,57],[85,91],[-141,-152],[10,-17],[29,21],[21,-53],[21,7],[-14,41],[52,39],[-33,5],[47,38],[10,-18],[538,126],[398,152],[194,132],[2,28],[11,-12],[150,75],[46,94],[97,87],[155,34],[165,98],[38,71],[172,86],[93,83],[-3,38],[42,48],[-37,-72],[42,-4],[-13,21],[25,5],[5,-39],[14,50],[-32,8],[95,43],[53,-14],[56,22],[59,-28],[50,6],[368,207],[48,52],[11,57],[13,-20],[3,30],[-24,7],[18,20],[-30,18],[51,-27],[34,14],[45,110],[319,238],[41,72],[-17,7],[35,104],[9,-61],[51,76],[67,46],[74,19],[275,-59],[161,-110],[73,5],[7,23],[36,13],[-38,-31],[112,-6],[56,-44],[251,16],[419,138],[109,-42],[107,18],[255,93],[137,100],[2,110],[42,-2],[86,280],[51,53],[-48,-55],[-93,-299],[41,-65],[81,32],[-10,18],[-24,-14],[-44,47],[35,53],[51,-56],[32,22],[-45,49],[138,97],[35,-47],[-42,-45],[162,100],[184,136],[-40,50],[39,-31],[40,27],[-18,23],[27,-23],[47,31],[-15,40],[31,-28],[124,106],[0,32],[2,-31],[33,25],[-21,43],[26,-30],[40,23],[270,228],[576,531],[23,64],[0,-41],[2,26],[74,41],[14,38],[752,714],[5,58],[140,-7],[101,115],[97,57],[-1,26],[47,-15],[11,20],[37,-3],[0,21],[19,-7],[136,92],[16,37],[78,12],[45,41],[1,64],[88,-19],[12,28],[46,-20],[66,34],[18,-12],[45,51],[59,-8],[56,34],[17,27],[-16,22],[27,45],[-18,-54],[88,29],[49,65],[56,17],[-21,-34],[40,-13],[31,11],[-13,27],[47,-8],[-8,21],[54,34],[29,-24],[7,71],[47,6],[-7,35],[65,10],[78,92],[409,616],[25,57],[-23,11],[24,-10],[8,18],[-20,11],[-13,82],[21,36],[-54,82],[19,80],[-18,-80],[54,-80],[16,25],[-37,-63],[14,-82],[49,3],[-21,9],[20,54],[91,178],[-22,10],[-32,-18],[-20,-34],[10,19],[-34,16],[35,-15],[8,15],[34,18],[22,-10],[-11,27],[42,6],[83,154],[153,345],[-1,187],[108,12],[63,33],[48,78],[6,55],[87,50],[102,125],[12,57],[85,94],[14,91],[88,65],[119,153],[143,94],[4,47],[20,3],[-21,-51],[64,48],[-34,4],[153,55],[73,72],[174,108],[163,248],[120,295],[165,159],[53,83],[129,365],[32,35],[-1,71],[38,60],[-25,-4],[-11,28],[52,3],[0,-16],[11,24],[-18,14],[50,39],[-33,16],[-45,-41],[46,61],[-69,33],[22,-8],[17,56],[16,-40],[72,33],[58,226],[42,48],[27,167],[-18,21],[52,91],[75,271],[-9,80],[27,59],[-13,53],[-28,14],[6,61],[57,79],[-20,41],[40,19],[62,104],[14,60],[-26,27],[32,28],[-11,65],[59,68],[30,132],[-20,8],[23,-6],[-18,7],[38,20],[81,166],[85,215],[-1,86],[36,24],[24,94],[56,36],[263,340],[499,455],[542,320],[35,56],[22,-79],[-5,26],[14,-13],[7,18],[-23,34],[27,4],[-17,22],[437,220],[478,320],[182,107],[41,-2],[-15,28],[35,23],[-25,38],[22,15],[-17,-16],[43,-23],[70,50],[-25,36],[22,14],[-17,-16],[23,-26],[88,47],[25,21],[-3,6],[-50,-27],[50,28],[11,0],[-39,24],[33,23],[-16,-15],[19,-24],[23,19],[-22,-20],[11,-4],[6,16],[86,53],[5,15],[19,6],[-13,6],[110,86],[-102,-82],[6,-9],[21,14],[-5,10],[7,-10],[16,11],[6,20],[30,2],[-2,20],[18,-10],[18,24],[-33,38],[39,-42],[23,14],[-12,18],[28,22],[-19,25],[36,-26],[45,36],[-20,29],[30,-26],[35,14],[14,19],[-20,31],[21,-26],[30,21],[-33,23],[17,12],[80,50],[44,-29],[111,61],[43,-38],[-7,36],[44,3],[-5,26],[-40,5],[-29,40],[134,-20],[51,29],[144,21],[-14,50],[26,11],[155,-7],[243,65],[127,-7],[964,344],[38,93],[142,73],[-8,11],[202,364],[-198,-365],[31,-52],[21,17],[-13,-30],[52,-4],[96,-225],[-88,-85],[12,-26],[69,38],[35,-16],[21,-77],[37,14],[-13,88],[66,7],[19,-42],[81,35],[-40,36],[-89,12],[-20,50],[25,23],[-13,30],[-72,-4],[-69,184],[72,53],[-80,91],[36,-39],[45,41],[-17,13],[18,-13],[143,94],[88,-35],[-10,20],[40,5],[-44,57],[-68,-2],[68,4],[36,-46],[29,8],[367,259],[391,320],[237,230],[630,697],[4,43],[368,507],[152,234],[-6,27],[25,-10],[288,491],[1,56],[-51,13],[-27,27],[68,-36],[28,42],[-25,7],[6,22],[36,-15],[6,46],[-43,23],[-120,-86],[98,71],[37,211],[255,475],[25,94],[-24,80],[-31,-8],[-85,54],[52,106],[37,155],[-19,84],[55,144],[-19,131],[16,126],[-35,36],[63,240],[-38,95],[57,355],[-31,393],[60,109],[-19,38],[44,35],[53,151],[-48,41],[13,37],[-38,50],[12,67],[33,20],[-12,43],[72,58],[-1,77],[66,77],[-6,44],[29,38],[-20,55],[40,8],[71,131],[28,4],[65,79],[13,65],[-20,48],[42,66],[-24,27],[46,9],[147,177],[53,188],[53,64],[-16,50],[58,36],[-2,103],[46,11],[-8,26],[20,-26],[-14,46],[-40,-28],[38,29],[-19,14],[58,18],[97,169],[-36,79],[87,35],[-12,26],[93,89],[252,419],[29,148],[-34,63]],[[229538,235442],[21,10],[27,-26],[13,-69],[58,9],[2,-49],[38,-2],[19,-37],[51,10],[91,-81],[86,19],[61,-109],[69,-6],[118,-88],[64,-82],[115,47],[44,-16],[35,37],[101,-11],[28,-38],[111,-21],[16,-52],[62,-49],[-13,-42],[22,-26],[135,-16],[79,-58],[147,25],[47,-33],[218,-25],[142,30],[38,-47],[61,-8],[31,-69],[106,5],[159,-53],[-19,-46],[60,-52],[6,-80],[-126,-101],[-48,7],[-16,-43],[28,-116],[78,-55],[-53,-39],[-1,-72],[69,-142],[-33,-56],[10,-146],[-27,-99],[29,-53],[-19,-122],[-30,-23],[-43,-120],[-88,-84],[-30,-116],[18,-105],[70,-113],[32,1],[145,114],[44,-36],[-4,-47],[78,-118],[-33,-69],[50,-91],[245,-198],[159,27],[126,-133],[54,18],[148,-20],[73,-65],[182,104],[175,14],[48,-67],[84,-23],[23,-93],[152,-32],[141,1],[-18,-99],[199,-132],[45,-44],[22,-69],[113,-81],[58,-213],[128,-42],[144,-128],[12,-94],[-24,-150],[26,-36],[-158,-105],[-55,-68],[-112,-57],[-10,-154],[-98,-67],[-59,-127],[-6,-86],[-82,-85],[-152,-83],[-115,-16],[-28,-36],[-227,-110],[-12,-29],[-115,-20],[-57,-73],[-64,-8],[-22,-63],[-140,-76],[-57,-93],[-69,20],[-73,76],[-86,-16],[-81,29],[-60,-82],[-66,-13],[-110,53],[-111,92],[-114,-18],[-84,32],[-40,48],[-43,-23],[-74,36],[-60,-38],[-133,-19],[47,-64],[-59,-67],[-29,-156],[-54,-48],[-66,-6],[-1,-66],[-72,-102],[45,-86],[-11,-117],[81,-67],[0,-83],[23,-22],[-54,-229],[32,-256],[44,-49],[-27,-48],[-77,-29],[-51,-48],[-140,-308],[21,-137],[-37,-61],[110,-4],[31,-21],[68,25],[19,-34],[55,4],[2,-70],[-80,-93],[90,-129],[-31,-75],[-116,-47],[-28,-104],[-72,-41],[-172,-10],[-106,-78],[28,-108],[-46,-55],[-15,-64],[29,-105],[-25,-186],[37,-40],[-11,-61],[-150,-29],[18,-57],[-77,-101],[68,-96],[-87,-157],[72,-49],[28,-70],[-40,-53],[-31,-112],[40,-93],[-49,-87],[-1,-108],[-105,-71],[-21,-71],[-42,-19],[-33,-109],[53,-91],[-31,-60],[74,-127],[-34,-118],[117,-154],[10,-67],[139,-47],[51,-64],[62,-24],[6,-133],[299,-192],[-6,-29],[34,-48]],[[212850,229698],[142,75],[63,93],[105,44],[79,69],[92,115],[-4,76],[65,-2],[115,73],[53,70],[-10,49],[120,89],[-30,76],[66,75],[36,-8],[11,-79],[46,-13],[43,63],[54,-25],[22,58],[60,3],[2,-21],[95,17],[91,95],[54,86],[-29,74],[100,124],[-28,96],[-28,20],[9,76],[117,110],[62,175],[-10,24],[85,30],[11,39],[36,-4],[15,25],[-12,87],[-40,-2],[-25,41],[45,30],[41,-20],[42,24],[81,-28],[162,115],[1,42],[47,-24],[72,28],[234,-17],[60,16],[32,-61],[-12,-40],[37,-24],[30,15],[10,-23],[-135,-150],[-23,-231],[-37,-83],[20,-54],[-23,-238],[27,-52],[-24,0],[-4,-45],[31,-94],[-36,-80],[-10,-173],[-30,-37],[-15,-112],[-150,-315],[5,-288],[-33,-34],[-46,-1],[-72,-139],[-8,-76],[-53,-65],[-10,-72],[-76,-72],[-12,-84],[-53,-22],[-73,-83],[-28,-101],[-131,-188],[10,-103],[-20,21],[-28,-114],[-82,-107],[-81,-193],[20,-8],[-20,-11],[40,-173],[-51,-163],[33,-104],[-35,23],[12,-44],[45,-19],[-35,6],[11,-49],[31,11],[16,-16],[-17,-19],[75,-43],[17,18],[16,-13],[-36,-45],[95,-55],[21,19],[-9,-20],[51,-24],[8,23],[22,-9],[-16,-20],[52,-24],[10,22],[-4,-30],[50,-22],[236,-75],[73,43],[75,84],[49,-18],[22,33],[99,5],[19,20],[43,-33],[67,22],[15,-18],[83,11],[136,65],[32,-8],[37,57],[3,59],[32,-32],[88,27],[55,-15],[9,32],[12,-23],[46,-4],[136,115],[-7,-45],[31,-27],[51,7],[55,-88],[-47,-81],[26,-9],[18,-56],[-13,-95],[43,-17],[-36,-16],[-75,-119],[-12,-94],[-7,38],[-29,-82],[7,-61],[-142,-181],[-36,-107],[23,-54],[-78,-219],[-103,-70],[-34,-125],[-75,-59],[-64,-151],[-77,-67],[-6,-79],[-58,-136],[-55,-61],[-30,-128],[-101,-146],[9,-125],[-65,-189],[15,-81],[-128,-7],[-77,-52],[-3,-47],[-36,-15],[-33,-57],[26,2],[-30,-3],[-103,-117],[-25,-85],[-83,-31],[-4,-30],[-142,2],[-96,-66],[-10,-45],[-73,-55],[-187,-49],[-133,-127],[10,-37],[-17,-4],[-10,38],[-49,-53],[14,26],[-43,-22],[-2,-33],[37,-7],[-25,-4],[-15,-49],[-149,-46],[-252,-276],[-61,-15],[-104,-103],[-64,-6],[-20,-19],[22,-9],[-75,-56],[-139,-24],[-73,-66],[-67,28],[-202,-38],[-115,56],[-13,-21],[-118,7],[4,-40],[82,-26],[-83,25],[-26,43],[-96,-96],[-130,4],[-46,-57],[18,-20],[-82,-9],[-9,-16],[27,-16],[-32,9],[9,-42],[73,-20],[-73,17],[-59,-31],[-12,49],[20,15],[-16,26],[-36,0],[-31,-31],[19,-30],[-65,-29],[-49,-62],[-37,14],[9,-24],[-125,-37],[-24,31],[-23,-34],[-24,17],[-2,-22],[-48,-6],[27,37],[-67,-15],[16,36],[-93,4],[21,11],[-25,26],[-70,-41],[-62,63],[-8,-28],[-56,32],[-76,-1],[-21,21],[25,17],[-51,18],[21,35],[53,16],[-130,-6],[-15,81],[-30,-22],[-18,27],[-1,21],[29,20],[7,-18],[-1,24],[10,-19],[10,28],[-32,56],[47,0],[65,45],[-10,26],[53,78],[116,-37],[26,40],[34,-13],[106,54],[24,-31],[19,14],[88,-22],[42,33],[18,65],[19,-16],[38,21],[70,-43],[126,100],[195,339],[30,84],[-28,56],[21,23],[-20,10],[50,23],[38,76],[-23,47],[33,64],[-18,87],[-52,51],[-62,17],[8,27],[-45,62],[42,30],[-21,29],[34,9],[-2,30],[42,45],[-9,54],[70,39],[152,150],[93,162],[305,139],[30,40],[-2,56],[99,39],[49,61],[16,130],[-44,159],[-223,255],[-133,104],[-222,92],[-188,-15],[-141,-57],[-26,-170],[-139,-115],[-17,-36],[26,-8],[-50,-41],[-16,-74],[99,18],[-99,-19],[-47,-174],[-80,8],[-11,48],[-178,101],[22,-56],[-26,11],[-39,53],[13,22],[-33,0],[-16,54],[-39,1],[-4,62],[21,-37],[12,56],[36,-37],[41,22],[-30,124],[36,22],[-9,140],[-19,16],[19,31],[-30,80],[-55,0],[-10,44],[-46,1],[-2,23],[-52,17],[48,75],[-43,49],[207,49],[37,44],[2,63],[-52,116],[14,39],[-27,10],[39,31],[16,63],[-8,36],[-37,13],[22,15],[1,64],[-44,42],[25,11],[-28,50],[59,38],[-8,28],[57,15],[-6,30],[76,76],[-39,38],[37,11],[2,-29],[31,27],[-19,52],[-37,13],[-36,-21],[8,17],[-30,8],[9,43],[25,0],[-23,8],[27,62],[42,-12],[-21,36],[22,-7],[8,33],[28,0],[23,42],[-25,5],[11,44],[81,-40],[9,18],[-24,2],[54,3],[49,34],[2,121],[90,70],[12,57],[58,65],[-1,55],[-57,13],[145,91],[31,74],[48,0],[12,38],[63,17],[24,86],[-12,47],[54,19],[98,133],[-6,35],[-63,53],[79,18],[-7,70],[44,80],[87,21],[44,166],[22,5],[134,238],[1,46],[-28,26],[61,-10],[16,22],[58,-23],[18,25],[43,-24],[20,18]],[[224992,233734],[55,-4],[34,24],[-36,79],[29,-1],[1,47],[-51,43],[75,50],[-29,43],[35,-27],[66,7],[-10,36],[29,-1],[15,40],[29,0],[31,43],[-18,77],[48,13],[42,99],[99,24],[-10,52],[68,62],[79,-40],[46,3],[4,-31],[-81,-75],[-24,-95],[18,-51],[29,-10],[-60,-26],[-30,-97],[9,-16],[20,17],[18,42],[-15,-42],[-151,-241],[-309,-234],[-16,24],[-108,14],[4,25],[26,-8],[39,34],[-25,59],[23,11],[-16,30],[18,1]],[[202452,200336],[70,-2],[19,61],[40,15],[120,132],[-22,132],[50,38],[25,80],[-16,24],[129,-13],[77,85],[138,17],[50,57],[46,283],[46,46],[28,95],[58,5],[32,56],[50,14],[-10,86],[28,94],[-81,155],[16,136],[78,80],[127,12],[1,201],[25,53],[94,31],[25,48],[81,-27],[96,17],[57,-50],[38,64],[116,52],[-37,112],[108,179],[-188,32],[-133,-24],[-38,26],[6,106],[63,153],[-25,134],[85,114],[109,30],[158,100],[153,153],[132,26],[190,-21],[47,27],[27,102],[-110,246],[-10,123],[33,113],[71,43],[39,195],[25,210],[-41,92],[67,38],[49,96],[-47,162],[18,162],[-77,24],[-8,65],[43,67],[-20,47],[-63,43],[-10,59],[37,195],[-27,159],[58,44],[-11,65],[71,121],[-55,37],[4,45],[-53,86],[148,245]],[[218225,192536],[-101,-21],[-189,30],[-32,-62],[-75,-45],[-44,-64],[-50,1],[-21,-56],[-84,-32],[-44,-201],[-90,-190],[-98,27],[-47,39],[-74,-1],[-40,34],[-107,-39],[-99,21],[-115,-77],[-82,54],[-88,-47],[-152,51],[-57,79],[-25,248],[37,36],[-7,58],[71,156],[-64,-16],[-68,26],[-24,59],[-138,103],[-24,-31],[-55,9],[-59,-22],[-25,-66],[-37,-25],[-61,13],[-106,83],[-113,-17],[11,26],[-23,20],[-210,-89],[-127,33],[-27,-19],[-102,68],[-123,22],[-30,37],[-70,-59],[-38,-106],[-111,-14],[11,-125],[-74,-117],[-105,39],[-151,-42],[-158,120],[-46,-6],[-32,-55],[-77,214],[-64,77],[3,77],[53,42],[-13,66],[95,151],[-52,112],[-59,36],[-22,42],[-283,143],[-141,7],[-79,50],[-235,59],[-136,86],[-152,-1],[-14,-68],[-106,-79],[-25,-189],[-55,-4],[-151,-148],[9,-113],[-48,-135],[-45,-28],[-81,-115],[-92,-226],[-265,-263],[-154,-276],[-172,-175],[-65,18],[-84,73],[-98,159],[-198,167],[-39,15],[-138,-49],[-87,-117],[-76,-296],[-48,-35],[-59,-134],[-48,-35],[-40,-128],[-111,-144],[-12,-43],[18,-21],[-24,-17],[34,-57],[-2,-63],[-55,-59],[-37,1],[-46,-105],[-32,1],[1,-30],[-43,-13],[-66,-123],[-6,-72],[84,-107],[121,-58],[82,29],[153,-182],[58,-12],[48,-82],[107,-37],[62,-88],[-101,-81],[-27,11],[-78,-53],[-32,-74],[-92,-69],[-84,-101],[-88,-37],[-43,-99],[-131,-63],[-27,-49],[-35,-4],[-47,-89],[27,-76],[65,-86],[62,-42],[33,-79],[1,-130],[-33,-57],[41,-171],[-13,-44],[169,-130],[35,-138],[125,-129],[21,-51]],[[211174,188241],[-112,-162],[-99,-40],[-14,-224],[51,-165],[-148,-219],[-11,-101],[-77,-115],[7,-74],[-71,-60],[-85,30],[-101,121],[-50,8],[-72,-26],[-68,-134],[-74,-34],[-77,-225],[-67,-32],[140,-38],[38,12],[72,-139],[-108,-141],[-51,-24],[-13,-83],[-120,-122],[11,-27],[100,-32],[-6,-97],[-88,-184],[11,-24],[99,12],[103,-83],[134,-26],[-87,-112],[-31,-204],[55,-45],[3,-41],[-47,-146],[-76,-20],[-43,24],[-101,-20],[-79,-74],[-51,-18],[-124,53],[-39,-52],[-6,-120],[64,-167],[-50,-91],[16,-25],[105,-21],[148,-75],[-15,-111],[-58,-42],[3,-87],[75,-37],[59,8],[62,-99],[58,-44],[-25,-116],[-48,-39],[-30,-66],[-61,-227],[-163,-71],[-76,45],[-81,-30],[-151,-94],[-85,-97],[-57,-3],[-43,-69],[41,-45],[-11,-123],[-159,-27],[-76,90],[-115,62],[-130,-3],[-78,-51],[-6,-69],[-57,-67],[-107,-6],[-79,-38],[23,-110],[-180,-93],[21,-143],[-110,-164],[-195,47],[-187,-44],[-135,-151],[-120,14],[-92,-169],[-42,29],[-67,-31],[-100,6],[-108,-111],[-204,-12],[-60,-243],[-90,-102],[-83,-15],[-234,76],[-27,-61],[-34,-1],[-97,-69],[-22,-30],[23,-67],[-30,-38],[41,-87],[-64,-163],[-93,-109],[-25,-11],[-94,63],[-79,10],[-131,-35],[-33,12],[-35,-15],[-19,-56],[-85,-21],[11,-61]],[[205916,181228],[-209,56],[-382,-192],[-162,31],[-59,-53],[-74,9],[-7,35],[-69,16],[-33,58],[43,68],[-15,69],[-41,0],[-77,60],[-46,-25],[-78,3],[-16,-21],[-34,17],[-45,-28],[-113,63],[-86,-28],[-84,11],[-33,51],[24,54],[-13,45],[-44,-27],[-91,-6],[-103,83],[-71,-41],[-72,37],[-94,-48],[-79,73],[-37,-70],[-72,4],[-76,-62],[-154,15],[-41,-25],[-23,-59],[18,-87],[-70,-55],[-53,-10],[-2,-77],[-157,52],[-181,-19],[-42,-25],[-31,16],[-163,-72],[-11,-27],[-149,-82],[-110,6],[-66,-21],[-30,134],[22,43],[-18,55],[26,109],[-46,18],[-43,100],[-54,20],[-80,121],[-139,81],[-64,171],[-26,13],[22,118],[62,15],[80,87],[-30,151],[117,51],[31,56],[60,26],[-52,116],[-70,-10]],[[191698,177986],[105,65],[70,15],[1,-156],[-134,-194],[-163,123],[121,147]],[[191777,178580],[224,2],[111,-313],[-40,-8],[-10,16],[-239,-75],[-78,-6],[-21,18],[-12,366],[65,0]],[[192210,178417],[29,-41],[-35,7],[3,-54],[-108,291],[36,68],[112,1],[0,-33],[86,21],[-40,-186],[-60,48],[-21,-20],[56,-81],[-19,-12],[-45,49],[-21,-20],[27,-38]],[[192644,178715],[-59,-129],[7,26],[-17,-25],[-99,5],[69,211],[-38,4],[26,78],[59,61],[119,-21],[-67,-210]],[[198601,173287],[12,28],[11,-61],[3,61],[266,-4],[22,-92],[21,-1],[1,35],[124,-11],[-92,-191],[1,-34],[-43,-43],[-61,-24],[-102,-6],[-8,-33],[-110,-8],[0,20],[-28,-1],[-17,22],[0,343]],[[195037,173301],[-15,-7],[95,-24],[-45,-29],[-10,-76],[-74,-34],[43,94],[-67,50],[-9,60],[-39,6],[-54,-33],[-5,-71],[-87,50],[40,44],[-51,31],[73,9],[4,52],[40,28],[114,-67],[95,-25],[-11,-58],[-37,0]],[[198789,174255],[-38,-36],[-149,-28],[-74,229],[135,45],[40,-61],[117,-47],[31,-43],[-62,-59]],[[198746,173614],[-6,-168],[-148,30],[0,90],[54,0],[1,70],[31,0],[1,63],[68,-1],[-1,-84]],[[191659,175790],[106,-68],[74,-89],[46,-95],[-49,-10],[9,-44],[51,10],[12,-105],[1,-65],[-162,-31],[20,-107],[-79,-14],[-21,24],[-114,565],[16,23],[90,6]],[[191880,177018],[-26,-54],[-129,83],[108,156],[54,-36],[-13,-17],[37,-25],[19,13],[-50,-120]],[[205916,181228],[-36,-20],[-106,2],[0,-45],[45,-53],[-126,-26],[-22,-104],[-47,-70],[-8,-81],[-39,-28],[-85,25],[-57,-70],[19,-63],[80,-78],[98,3],[110,-110],[5,-34],[-63,-125],[89,-51],[19,-49],[-100,-69],[-45,20],[-35,56],[-20,-5],[-34,-126],[38,-66],[-66,-51],[-59,-102],[-67,-4],[-51,89],[-62,-26],[-9,-100],[93,-50],[-10,-109],[41,-208],[-85,-50],[-33,-122],[-150,20],[-48,49],[-68,-148],[30,-209],[-82,-81],[-79,-6],[-32,-60],[-66,-17],[-6,-41],[-68,-15],[-143,-113],[-170,-272],[-76,-21],[-16,-44],[-69,-21],[-8,-123],[-52,-35],[-26,-73],[-83,-98],[-53,-183],[12,-80],[37,-40],[42,2],[7,-29],[-115,-163],[101,-202],[-40,-33],[-100,33],[-33,-28],[-6,-40],[-60,-65],[-5,-114],[-48,-35],[-42,7],[-39,-95],[-60,-60],[-100,45],[-71,-18],[-73,-67],[-20,-78],[-79,-79],[30,-109],[-45,-96],[-41,-31],[13,-108],[-20,-60],[-47,-5],[-34,-51],[10,-193],[-76,-57],[-31,-67],[-229,-115],[-10,-49],[-119,-6],[-141,-41],[-23,-35],[-7,-180],[-110,-156],[-143,30],[-38,-16],[-132,28],[-94,-21],[-86,16],[-10,-43],[-84,-59],[-35,-57],[-60,-2],[-45,36],[-67,-9],[-15,-28],[-67,-15],[-77,-81],[-216,-40],[-37,-35],[-15,-59],[32,-82],[-85,-52],[-26,-76],[-85,-49],[8,-47],[92,-108],[-38,-106],[20,-143],[-52,-43],[-100,-32],[-73,-121],[33,-55],[-32,-58],[9,-181],[-35,-25],[-11,-84],[89,-150],[-32,-85],[43,-58],[-14,-40],[6,-47],[21,-9],[-6,-77],[82,-78],[56,-227],[-35,-221],[-64,-78],[17,-72],[-12,-93]],[[201038,172487],[-639,-94],[-1738,-440],[-761,-247],[-505,-202],[-173,-32],[-216,-97],[-53,-57],[5,80],[-41,32],[-26,-16],[15,-20],[23,12],[11,-34],[-136,-42],[-302,-149],[-209,-60],[-334,-45],[-92,31],[-63,-16],[-164,65],[-795,-227],[-37,8],[-32,41],[-142,-16],[-58,-28],[-25,50],[41,55],[60,-4],[5,36],[53,54],[94,309],[350,708],[161,146],[153,5],[119,-84],[2,-45],[-17,26],[-33,-21],[-25,20],[-13,-53],[17,-27],[18,-16],[45,29],[-1,-26],[-67,-42],[29,-10],[7,25],[36,-7],[11,19],[-1,-30],[146,-24],[67,-48],[-60,-50],[3,-87],[37,1],[37,45],[88,-18],[54,15],[-12,-25],[30,-19],[79,54],[167,62],[48,69],[23,-16],[-67,99],[-101,19],[-1,36],[69,25],[173,-58],[-15,25],[-26,-2],[-137,38],[-33,2],[-20,-18],[-10,10],[-21,-11],[9,-15],[-22,3],[38,37],[59,-2],[137,-39],[109,16],[63,28],[12,-27],[61,3],[103,29],[113,68],[134,149],[93,-33],[44,10],[125,156],[57,-3],[19,20],[102,-55],[67,-1],[75,53],[34,54],[-29,21],[41,79],[36,-20],[40,28],[71,-3],[-1,21],[-53,6],[-93,137],[173,115],[90,-18],[80,-144],[56,-10],[-7,51],[77,160],[-72,119],[319,245],[221,-46],[9,-527],[-9,-30],[-167,-6],[33,-33],[-59,-99],[-17,18],[26,-51],[-29,-82],[58,44],[53,8],[9,-23],[1,62],[84,-42],[85,-8],[10,-45],[23,60],[52,-1],[-16,29],[42,71],[33,18],[50,-15],[-166,65],[43,70],[134,-31],[55,115],[86,26],[76,48],[-15,53],[123,237],[69,42],[46,1],[-80,89],[-118,-58],[-255,70],[5,613],[70,7],[-6,32],[34,31],[126,-8],[-2,98],[-93,13],[-39,67],[12,25],[-44,50],[-82,38],[-56,131],[-64,80],[-126,82],[-195,44],[-1,-22],[107,-25],[-29,-91],[-92,23],[-82,-15],[-15,47],[43,17],[-48,21],[-43,-6],[-10,-23],[26,-6],[-2,-38],[27,-30],[-41,35],[-72,-37],[-30,86],[17,-70],[-22,-7],[-45,27],[-85,-25],[-52,31],[-41,-18],[-44,73],[22,19],[-49,19],[3,35],[-56,10],[25,-41],[-108,23],[-108,40],[1,33],[-63,-2],[6,19],[-115,61],[-4,-22],[92,-79],[-34,-37],[-56,49],[-25,-27],[63,-54],[-128,-160],[-132,116],[51,54],[49,-33],[-60,67],[-100,-106],[-53,31],[-7,-15],[54,-41],[-131,-250],[39,26],[25,-11],[-6,-46],[-30,4],[-21,-39],[32,-34],[-25,-87],[17,-13],[3,26],[15,-18],[6,-50],[-170,-183],[-107,-7],[-24,39],[21,43],[67,8],[17,49],[-22,28],[24,40],[34,9],[-10,28],[-19,-6],[12,28],[-24,-9],[-14,58],[-61,48],[-23,-2],[-1,-42],[-98,28],[26,-31],[-143,-49],[-62,39],[-44,75],[-14,-14],[-37,22],[3,-35],[-18,-1],[-4,39],[-69,-7],[5,-22],[-35,-29],[10,-39],[-27,-21],[-111,26],[-17,30],[25,-6],[-65,50],[-14,-12],[-21,48],[-142,17],[-15,-25],[27,-34],[-20,-24],[-42,8],[36,-42],[-97,-9],[-66,-73],[8,-20],[-45,-11],[4,17],[-54,-48],[-64,92],[18,28],[-98,39],[-10,30],[-160,-29],[1,-32],[-2,21],[-24,-4],[-3,-32],[-268,-102],[-131,23],[-18,-41],[5,16],[-89,27],[-164,167],[1,48],[-41,35],[5,51],[-87,51],[-70,78],[-41,116],[8,40],[44,-8],[-61,51],[-89,-7],[-362,109],[-61,96],[-122,-82],[-32,48],[66,51],[-12,-19],[23,-37],[27,37],[49,4],[-46,76],[10,77],[-32,34],[2,34],[-18,-20],[18,21],[-23,8],[-14,97],[18,-95],[17,0],[0,106],[-28,-8],[34,17],[-2,78],[183,271],[-25,14],[19,39],[93,-33],[15,22],[4,17],[-78,36],[87,257],[97,0],[-10,60],[-47,1],[-2,-41],[-31,1],[-6,51],[24,439],[24,-1],[25,76],[-38,89],[21,108],[76,163],[-43,3],[11,64],[-43,19],[-43,-212],[-45,9],[23,-21],[-42,-411],[-68,-51],[59,-46],[-12,-52],[-91,-247],[-110,-199],[96,-74],[-8,-17],[-12,-22],[-40,19],[-14,-69],[-28,14],[14,69],[-192,80],[-55,-62],[84,-51],[-3,-77],[-84,-129],[-166,57],[5,-104],[103,-22],[15,-51],[-21,-8],[-4,-81],[-68,-7],[-22,81],[-28,-27],[15,-86],[47,-10],[-18,-105],[25,-14],[-25,-14],[6,-122],[-52,-2],[-11,-253],[-73,-17],[30,-147],[-43,-94],[25,-83],[-64,-152],[-24,-194],[73,-99],[100,-24],[6,-113],[109,-57],[28,-59],[75,-42],[45,-88],[74,-59],[85,-12],[104,-66],[67,-142],[-38,-34],[-48,2],[12,-58],[-36,19],[37,-43],[54,25],[23,-39],[31,8],[-16,-80],[-43,-3],[-6,-46],[30,13],[46,-91],[43,24],[20,-72],[-24,27],[-3,-35],[-11,26],[-23,-10],[6,-47],[-43,1],[38,-48],[20,20],[-40,-41],[-57,80],[-46,17],[-225,-26],[-38,41],[0,-21],[-28,-7],[-61,55],[19,-3],[8,28],[-58,3],[-17,44],[-29,-14],[-8,-33],[25,-6],[-22,-8],[48,-9],[-44,-27],[-50,14],[-13,46],[-101,16],[-35,20],[58,-6],[-64,29],[0,-23],[-1,31],[-105,42],[-4,25],[-51,28],[-81,10],[10,16],[-34,19],[-189,59],[-69,81],[-104,34],[6,19],[-65,52],[17,11],[-41,42],[-65,22],[-34,-13],[-19,85],[-98,95],[-115,171],[-17,76],[-25,0],[47,34],[194,520],[13,84],[-17,11],[116,359],[-15,19],[27,196],[-27,40],[-9,-19],[-5,91],[-33,77],[-53,76],[-9,-21],[8,134],[-30,49],[-80,78],[-60,6],[-7,25],[-100,60],[18,36],[33,-20],[-6,35],[-15,-14],[-10,19],[26,14],[-30,25],[11,29],[-30,10],[-28,-46],[6,-40],[-36,-73],[-41,33],[-32,-22],[-78,139],[2,75],[69,79],[-31,29],[-34,114],[1,40],[5,-27],[27,21],[-33,11],[-13,54],[-12,-45],[46,291],[4,132],[-25,34],[58,172],[-6,143],[34,131],[21,1],[-133,85],[146,202],[70,-37],[35,59],[-66,36],[89,133],[37,-8],[-30,38],[63,108],[84,-11],[47,79],[-152,26],[29,53],[24,-3],[-4,26],[29,24],[225,-43],[-13,-34],[32,-23],[78,128],[-9,16],[-22,-16],[-247,41],[-9,20],[236,410],[354,9],[1,-32],[16,49],[-92,6],[0,29],[-112,4],[-25,25],[96,302],[-43,61],[24,16],[3,65],[25,-1],[-3,-66],[39,-1],[7,101],[82,-2],[-83,23],[3,164],[-135,21],[6,37],[-23,3],[-6,-37],[-57,8],[-31,-45],[11,35],[-23,-6],[-40,72],[-17,-8],[20,-55],[-30,-75],[35,-46],[-63,-132],[-22,26],[23,42],[-17,20],[-35,-73],[37,-51],[-15,-31],[-35,45],[-50,0],[-6,93],[48,33],[-49,-23],[-11,-22],[-1,-135],[45,12],[22,-27],[-26,-157],[-43,10],[8,-45],[-112,2],[-22,16],[20,1],[1,29],[-66,-4],[43,80],[-170,-3],[4,-72],[-46,-84],[-3,-67],[-459,21],[1,-111],[51,0],[0,-56],[-51,0],[0,-43],[51,0],[-5,-158],[-195,111],[-46,-21],[-16,63],[-46,-7],[3,-19],[38,4],[-36,-13],[31,-5],[14,-28],[-18,-13],[217,-176],[-33,-122],[-109,75],[158,-123],[-163,123],[-57,-23],[-61,67],[-91,-13]],[[220814,184282],[-76,-47],[-111,-23],[-58,-70],[-83,-27],[-65,-65],[-125,-8],[-76,-68],[12,-39],[-161,179],[-87,-37],[-71,41],[-103,-64],[-153,-54],[-48,-83],[-103,-66],[-59,38],[-98,-14],[-156,18],[-995,-206],[-85,28],[-109,-34],[-171,-14],[-27,-50],[-251,-32],[-129,570],[-105,88],[-340,1],[-412,-83],[-163,642],[-68,55],[-56,13],[-90,143],[-61,-79],[-96,-22],[-99,-80],[-61,-7],[-81,-180],[-52,-29],[-53,-77],[-99,-38],[-90,-79],[-7,-117],[63,-198],[-17,-60],[-89,-116],[35,-49],[-12,-272],[17,-93],[-22,-63],[16,-66],[59,-77],[3,-167],[-113,-72],[-37,-83],[-168,-118],[9,-170],[53,-72],[-1,-74],[72,-170],[-19,-210],[-68,-58],[-16,-82],[89,-112],[-2,-75],[35,-34],[53,-260],[41,-31],[33,-118],[-68,-107],[77,-152],[3,-110],[-65,-51],[-87,27],[-13,-33],[-81,17],[-12,-26],[32,-5],[-40,-41],[-2,-52],[-104,-73],[-70,-155],[-66,-33],[-9,-47],[-59,-52],[-53,22],[-45,72],[-76,19],[-13,44],[-79,-32],[-153,55],[-59,-21],[-214,19],[-36,-22],[-108,39],[-48,37],[-40,124],[-86,146],[-149,58],[-123,-43],[-28,90],[-30,20],[-15,132],[-37,68],[15,89],[-71,243],[-7,104],[-68,106],[-42,19],[-64,153],[-90,111],[32,110],[-37,58],[1,159],[79,147],[-69,167],[-39,38],[-76,24],[-8,65],[-140,-30],[-70,38],[-107,138],[-135,18],[-169,-79],[-64,-69],[-181,-35],[-30,-77],[-132,-118],[-107,50],[-16,48],[-69,63],[-174,38],[-44,62],[6,64],[-46,21],[-1,74],[-38,23],[116,119],[-45,105],[26,55],[-66,153],[3,86],[-60,58],[-57,-20],[-72,66],[-76,21],[24,129],[45,87],[45,60],[79,49],[21,64],[-14,76],[160,122],[16,400],[-53,134],[1,66],[-99,46],[-57,116],[-3,69],[25,74],[94,35],[36,58],[47,175],[22,423],[121,138],[-80,142],[9,60],[-89,67],[37,196],[-7,162],[-101,43],[-91,97],[-18,42],[19,96],[-51,44],[-22,56],[9,68],[-33,55],[67,126],[-4,96],[-35,123],[-69,17],[-8,21],[15,87],[-30,36],[39,100],[-110,65],[-9,31],[56,212],[-49,94],[-140,-21]],[[256734,233808],[22,1],[17,70],[-39,15],[12,66],[-33,16],[14,44],[24,5],[70,-29],[10,-49],[36,-23],[12,-59],[-29,-30],[31,-23],[15,36],[59,-5],[-41,-66],[24,-13],[-12,-24],[37,-4],[-12,-31],[31,5],[4,-38],[-60,-52],[-3,-47],[-56,-11],[22,48],[-29,-1],[-1,24],[-49,-35],[-7,44],[-40,14],[-16,42],[21,35],[-43,45],[25,9],[-16,21]],[[258081,240221],[-51,100],[-46,22],[-30,90],[29,60],[85,1],[0,19],[-97,36],[-57,98],[44,62],[191,21],[48,44],[-2,52],[32,15],[8,-38],[38,-8],[12,-41],[-23,-17],[40,0],[66,-85],[-45,-27],[38,-76],[-19,-42],[-44,-28],[-46,15],[-52,-40],[5,-52],[66,-37],[-9,-28],[-54,-4],[-9,-38],[55,-59],[78,2],[4,17],[56,-18],[-46,-38],[59,-105],[-36,0],[-14,-23],[-23,29],[-49,2],[-58,-160],[-12,76],[-108,58],[24,47],[-86,90],[38,8]],[[255954,230814],[-48,7],[39,72],[-41,16],[44,27],[22,-19],[32,56],[-51,55],[3,34],[22,12],[73,-55],[41,53],[74,-27],[4,-26],[93,-44],[22,-84],[56,-30],[-9,-35],[45,-75],[-10,-72],[48,1],[29,-68],[35,42],[19,-17],[-24,-21],[-9,-73],[71,-83],[-90,19],[-12,59],[-59,-32],[-28,33],[-46,-26],[-48,38],[-31,-28],[-73,84],[16,10],[-27,15],[5,60],[-31,-8],[14,60],[-57,50],[-47,-25],[29,40],[-20,22],[-75,-17]],[[257171,231387],[57,54],[229,120],[41,-27],[-46,-61],[178,-41],[61,-50],[58,-13],[-32,-90],[-66,-47],[-5,-80],[-43,-29],[62,-59],[1,-37],[-35,-12],[69,-44],[-118,-90],[-10,-51],[-63,21],[11,24],[-45,28],[-25,54],[-143,88],[-25,52],[-51,35],[-4,94],[-28,13],[22,20],[-53,86],[3,42]],[[255349,231535],[77,-44],[8,-47],[-38,-10],[70,-152],[-5,-34],[30,7],[-5,-25],[46,10],[4,-28],[-76,-17],[-45,-58],[-50,20],[-122,-66],[-30,93],[85,138],[-39,46],[-7,51],[26,59],[71,57]],[[251356,231926],[32,-29],[-11,-32],[35,-5],[-73,-11],[1,-36],[38,-16],[-20,-43],[-32,19],[-9,-22],[-38,28],[5,39],[-56,10],[-22,28],[-9,49],[59,73],[30,-33],[-8,-47],[39,8],[-36,81],[30,-10],[-18,38],[33,-8],[60,59],[-18,38],[22,1],[2,26],[20,-66],[-52,-37],[-1,-49],[30,1],[-4,26],[44,34],[-34,-85],[21,-36],[-60,7]],[[251704,231726],[-95,94],[43,25],[12,42],[-68,-23],[-38,26],[25,-45],[-27,2],[5,-26],[-57,0],[48,-34],[24,18],[50,-68],[-45,-6],[-11,-26],[-25,29],[-21,-48],[-25,1],[30,92],[-47,23],[-1,44],[-49,40],[25,28],[-42,47],[23,41],[17,-28],[3,55],[27,-57],[17,22],[15,-23],[51,6],[3,49],[37,-61],[37,-2],[0,47],[25,17],[-101,100],[-29,84],[5,18],[51,-13],[33,45],[12,-20],[31,22],[113,-62],[-50,-87],[31,27],[11,-103],[29,3],[40,-49],[-46,171],[33,-48],[-15,69],[41,2],[-15,-12],[26,-36],[11,22],[13,-19],[-5,43],[20,-49],[26,14],[4,-36],[-53,9],[-22,-23],[46,-1],[-44,-24],[45,0],[-12,-46],[44,31],[-20,-70],[20,-13],[-27,-7],[25,-36],[-41,-68],[64,-68],[12,-53],[60,14],[88,-71],[-77,30],[34,-42],[-26,4],[-5,-29],[-10,28],[-29,-7],[20,18],[-12,17],[-55,2],[-3,18],[-23,-13],[1,40],[-65,33],[-65,-11],[3,-42],[-59,2],[7,-40],[-25,-3],[-31,34]],[[239653,226089],[-71,87],[19,179],[90,137],[95,93],[-38,20],[-50,120],[-26,160],[-73,49],[-2,118],[44,119],[38,13],[21,95],[-80,109],[59,46],[52,-17],[47,14],[49,-60],[55,25],[85,-59],[79,67],[47,-12],[54,24],[57,-49],[204,13],[135,-46],[78,10],[20,49],[61,25],[119,-36],[126,11],[115,106],[-25,96],[39,34],[187,-35],[86,16],[21,57],[185,105],[50,132],[-24,32],[-29,211],[113,186],[-25,64],[18,49],[82,81],[192,69],[-32,75],[15,84],[114,165],[216,96],[-9,61],[30,36],[6,123],[144,179],[-33,166],[10,107],[-78,111],[9,75],[-33,64],[46,173],[-69,64],[-31,70],[56,33],[-26,124],[6,84],[40,76],[-42,67],[13,50],[32,21],[-22,140],[25,39],[207,45],[56,90],[68,49],[-66,160],[4,150],[132,42],[31,53],[1,101],[221,-78],[43,110],[87,72],[-16,31],[30,40],[-78,123],[-49,238],[15,92],[51,73],[102,74],[101,1],[62,32],[93,197],[57,22],[99,-5],[56,131],[147,121],[-51,63],[-11,177],[-34,90],[112,163],[32,167],[-18,62],[74,53],[55,-23],[36,42],[75,-84],[82,113],[63,17],[71,147],[91,20],[-38,32],[-125,26],[-26,77],[23,108],[-73,147],[21,55],[-133,103],[-154,40],[-67,53],[-61,5],[-11,41],[-82,67],[24,75],[-79,77],[95,75],[2,37],[-37,43],[57,88],[-49,35],[-81,-18],[-57,50],[-37,3],[-22,175],[28,33],[53,-9],[64,57],[25,98],[48,62],[-48,78],[162,117],[4,40],[-46,34],[6,39],[-63,92],[15,102],[-59,62],[27,60],[-156,58],[-2,81],[54,34],[-1,41],[-55,64],[-82,35],[-47,83],[14,23],[-91,68],[-12,88],[-69,96],[93,207],[35,25],[109,-42],[113,16],[92,-160],[52,-11],[39,27],[50,-56],[114,-30],[29,-2],[94,85],[73,26],[52,133],[-19,34],[22,73],[47,80],[56,24],[-20,37],[34,89],[85,103],[-15,28],[9,48],[25,10],[-10,59],[43,37],[-12,93],[-39,55],[40,57],[-92,8],[-142,56],[34,82],[-29,203],[182,153],[26,93],[-24,36],[152,137],[-1,84],[52,141],[115,63],[43,76],[-60,97],[-67,31],[-142,-56],[-161,56],[-41,71],[-122,31],[-6,85],[-57,49],[-2,126],[-44,42],[29,104],[-37,39],[21,68],[39,34],[-7,128],[-83,40],[-30,134],[-62,5],[-86,82],[-47,-6],[-43,24],[-100,90],[-99,-13],[-33,133],[-45,55],[-82,38],[-103,12],[-19,149],[36,85],[23,-3],[64,79],[-28,70],[22,62]],[[243344,240898],[81,-102],[17,-108],[47,-5],[60,-47],[29,26],[79,3],[39,57],[100,50],[79,-21],[10,66],[45,33],[10,49],[104,-67],[129,25],[33,95],[56,24],[100,-60],[126,-16],[76,-48],[24,-49],[27,-1],[81,88],[125,6],[-10,42],[215,93],[15,52],[125,125],[16,83],[75,69],[105,25],[99,76],[37,-16],[5,-37],[50,-5],[25,46],[38,3],[3,59],[77,14],[70,84],[10,74],[57,45],[-3,64],[69,82],[155,72],[27,43],[185,35],[78,-24],[128,17]],[[246472,242017],[42,16],[77,-14],[162,94],[91,-34],[146,43],[185,-8],[119,-87],[64,-19],[47,-118],[195,-113],[133,-33],[112,-102],[20,-49],[97,-38],[1,-28],[54,-14],[23,32],[100,-27],[115,31],[107,-29],[33,-39],[2,-73],[30,-2],[-7,-58],[80,-10],[25,-31],[3,65],[57,50],[67,-16],[8,-67],[57,-24],[52,22],[53,-22],[47,-77],[33,16],[21,-27],[49,7],[46,-28],[50,-36],[2,-59],[58,-18],[7,-54],[59,-47],[24,-69],[-27,-43],[96,-41],[44,-66],[51,-24],[-27,-19],[28,-45],[73,-27],[57,40],[30,62],[67,15],[68,-45],[56,45],[49,-8],[45,59],[55,28],[25,-87],[36,31],[62,8],[43,-50],[-2,-40],[65,-20],[89,-2],[32,56],[85,53],[26,-25],[106,35],[103,-42],[32,11],[48,-41],[142,70],[51,-4],[64,70],[74,-50],[55,0],[-3,-66],[68,-51],[36,18],[56,-10],[59,43],[156,-22],[83,-41],[58,11],[52,-114],[35,-19],[9,-211],[-121,-142],[-74,-39],[-37,-86],[-94,-64],[-38,-13],[-101,49],[-115,-12],[-28,-109],[11,-37],[21,0],[-4,-90],[54,39],[106,-45],[66,61],[37,-14],[31,-57],[-34,-86],[66,-10],[24,-52],[135,26],[34,-36],[-51,-349],[104,-100],[65,23],[133,-73],[37,12],[66,-80],[39,30],[31,-12],[9,45],[74,17],[26,39],[75,-78],[127,-47],[72,-87],[73,-32],[32,-136],[-15,-69],[119,-136],[230,-13],[63,24],[-8,101],[70,6],[-3,34],[90,9],[-3,34],[71,6],[20,-21],[46,34],[-23,146],[29,90],[72,67],[-4,114],[83,14],[-2,81],[51,61],[36,-15],[-6,-28],[78,-29],[64,83],[97,-19],[77,-49],[97,0],[-6,66],[-28,20],[21,49],[-16,28],[66,85],[-9,166],[37,53],[108,16],[98,-125],[109,-56],[31,-82],[94,-9],[1,37],[159,62],[39,-27],[50,2],[8,-33],[33,-13],[53,21],[74,-32],[109,-185],[106,63],[41,-27],[55,25],[49,-74],[-7,-84],[110,-21],[82,-52],[57,10],[10,-109],[-77,-102],[-2,-88],[57,4],[47,46],[76,13],[-17,132],[50,24],[61,-3],[17,36],[96,-18],[24,63],[-51,9],[-47,80],[16,102],[42,61],[-5,62],[-41,35],[-27,-17],[-29,65],[117,38],[119,-39],[67,22],[42,-15],[60,49],[6,21],[-64,19],[-20,35],[23,59],[-63,168],[-4,78],[66,160],[128,94],[31,53],[-18,29],[-126,36],[-42,37],[20,48],[-45,167],[140,126],[66,25],[21,50],[-26,49],[14,44],[57,16],[30,42],[144,81],[82,74],[38,94],[4,32],[-38,43],[38,68],[-78,136],[-12,92],[67,121],[15,90],[-20,24],[54,84],[-53,32],[-19,183],[-73,155],[27,65],[-19,51],[88,205],[226,31],[24,47],[129,-18],[-17,-55],[90,-112],[190,66],[52,-11],[101,26],[73,-25],[52,17],[45,-33],[94,35],[112,-145],[69,-4],[93,31],[74,-30],[126,-9],[50,-19],[228,-199],[90,-40],[54,5]],[[258331,242222],[27,-44],[27,0],[-47,-80],[96,-18],[33,-92],[32,-13],[-31,-18],[-57,15],[-68,52],[-18,-68],[34,-60],[39,10],[-7,-39],[42,6],[-25,-38],[36,-23],[-9,-45],[125,-7],[-12,-27],[-40,13],[-37,-41],[24,-98],[-50,0],[-4,-22],[-37,7],[-39,-28],[44,-12],[30,-42],[38,25],[40,-44],[-5,-50],[47,6],[11,-42],[55,-20],[-36,-43],[8,-64],[-48,-19],[26,-44],[16,20],[22,-13],[0,-36],[36,2],[-48,-77],[87,-61],[17,10],[25,-48],[31,21],[35,-25],[-29,-59],[60,8],[13,-65],[-53,24],[-32,-23],[40,-89],[-35,-25],[30,-29],[-18,-24],[35,-5],[12,-46],[48,-27],[-26,-21],[24,-20],[-21,-21],[25,-32],[33,3],[-1,-36],[23,-5],[4,-72],[-25,-15],[16,-46],[-26,-14],[-21,48],[-30,0],[6,33],[-38,-11],[-8,23],[-25,-12],[-31,30],[-13,-37],[-40,0],[-20,24],[16,56],[-90,35],[-21,31],[15,49],[-29,43],[-32,-9],[25,69],[-72,-14],[37,74],[-16,17],[-49,-30],[9,24],[-67,19],[65,78],[-17,12],[-23,-29],[-38,2],[-9,33],[27,47],[-55,38],[16,58],[55,41],[-94,-14],[7,-42],[-39,-54],[-80,70],[27,-62],[-18,-15],[81,-15],[13,-54],[-45,34],[-61,-17],[-34,15],[4,-41],[-88,-37],[9,-97],[-33,-12],[-6,57],[-30,24],[12,-47],[-52,-60],[-40,6],[0,101],[-37,-34],[-62,156],[-126,12],[-3,33],[22,4],[-27,36],[-13,168],[-67,12],[-8,-59],[-50,15],[-37,-20],[65,-21],[-2,-63],[24,-5],[57,-117],[113,-60],[6,-65],[-52,-6],[14,-100],[-51,-95],[43,-59],[-72,-49],[-2,-115],[-43,-96],[11,-83],[45,-59],[63,-175],[73,-2],[14,33],[29,-13],[41,-42],[20,-79],[-16,-14],[-33,37],[-51,1],[-86,-120],[-54,41],[-93,-12],[-67,-81],[4,-49],[23,21],[29,-65],[-85,-42],[-17,-39],[-40,81],[-133,-12],[-53,-46],[4,-51],[38,9],[8,27],[-5,-40],[-28,-30],[9,-18],[-25,-38],[-56,21],[-12,-63],[-57,38],[-32,-60],[-66,22],[-35,-45],[-102,-26],[-25,-49],[-63,-10],[-43,-49],[-28,-113],[13,-59],[-39,-100],[6,-83],[57,-4],[19,-25],[-28,-54],[132,-20],[-7,-24],[-21,7],[22,-15],[-15,-47],[15,-34],[54,-3],[-43,-15],[12,-41],[47,16],[23,-42],[32,43],[3,-35],[28,0],[12,-54],[-65,-10],[-13,-58],[31,3],[21,36],[21,-46],[90,14],[0,-65],[-38,-10],[46,-36],[62,40],[12,49],[93,-26],[50,51],[27,-11],[2,-107],[-59,-41],[56,-21],[19,-54],[-67,-34],[-45,4],[-24,-75],[27,-77],[107,-59],[-7,-89],[-42,-35],[18,-94],[-62,-34],[29,-65],[-27,-25],[-78,92],[7,36],[58,40],[-25,101],[-109,76],[-42,4],[-66,-53],[-50,17],[-22,-65],[-27,140],[-72,63],[-99,-34],[63,-115],[-30,27],[-48,-24],[-1,-22],[49,-33],[-56,-50],[18,-36],[-58,-31],[-4,-48],[25,-1],[2,-25],[-24,-40],[-20,6],[11,-31],[-46,-26],[11,-15],[-43,13],[-9,-49],[-52,105],[-82,-25],[-16,96],[-26,-16],[-6,-77],[-30,-16],[-39,31],[-32,-18],[23,-66],[46,-19],[30,-68],[-34,-43],[-3,-60],[-19,-3],[2,39],[-38,-5],[-28,33],[-95,-61],[-13,59],[-68,35],[-35,-16],[8,-42],[-30,1],[-75,-91],[25,44],[-21,15],[-34,-38],[23,-16],[-17,11],[-42,-28],[-49,-1],[-71,74],[-48,-10],[-5,-31],[-9,33],[-63,-11],[35,-67],[-8,-85],[65,-104],[-138,-178],[24,-8],[11,-44],[110,-5],[20,20],[64,-30],[13,-53],[18,49],[29,-6],[43,97],[89,-54],[109,3],[65,-51],[28,-1],[43,55],[25,-12],[-6,-28],[30,-7],[74,53],[-7,-59],[53,-17],[43,19],[11,-29],[-25,-21],[39,-26],[30,37],[26,-4],[10,-43],[64,46],[20,-22],[24,40],[6,-48],[48,5],[30,-25],[26,23],[60,-9],[-53,-165],[29,-5],[-8,-100],[-19,-13],[22,-23],[-33,-23],[-23,-125],[-41,-10],[-8,20],[-44,-95],[-90,18],[-36,-18],[2,-29],[31,-13],[-31,-51],[4,35],[-43,29],[-22,-8],[-10,34],[-37,-14],[53,-132],[-59,-14],[-27,-48],[-41,-8],[-7,26],[-44,-24],[21,-28],[-26,0],[1,-33],[-26,14],[-29,-74],[-34,14],[-69,-34],[-38,54],[-87,-51],[-92,-10],[-58,-170],[24,-84],[-71,-48],[6,-74],[42,-10],[10,-41],[-61,-70],[14,-48],[-26,-6],[28,-11],[-6,-29],[-46,-27],[37,-8],[36,-50],[63,90],[31,-36],[42,49],[11,69],[-70,88],[-57,32],[-32,52],[26,23],[67,-33],[52,28],[53,-21],[19,21],[24,-29],[22,43],[15,-22],[-34,-38],[8,-27],[23,-11],[23,38],[36,-78],[43,-20],[34,14],[-36,-121],[20,-29],[-15,-65],[121,-133],[72,4],[26,60],[66,-54],[50,2],[18,26],[-30,25],[2,33],[70,94],[23,2],[11,-72],[62,-9],[50,112],[104,41],[2,-38],[30,4],[-2,-95],[-59,-70],[9,-66],[113,-7],[-16,-33],[52,-86],[47,9],[17,-17],[-24,-65],[-84,-59],[12,-88],[-77,-35],[39,-20],[35,-86],[44,31],[-33,-99],[-20,-14],[-23,29],[-13,-45],[-37,-15],[27,-14],[29,-77],[-29,-34],[-18,37],[-67,-35],[-30,38],[-43,-19],[19,82],[-24,4],[-2,23],[-79,-56],[-36,8],[22,111],[-25,58],[-32,0],[47,15],[5,32],[-32,43],[-4,68],[-120,-24],[-21,-53],[-24,36],[-44,10],[-59,-40],[-34,81],[-85,40],[-34,61],[-188,19],[-35,-91],[-39,-28],[8,-27],[110,99],[33,-6],[50,-71],[59,-23],[70,-77],[17,-44],[-33,-42],[33,-54],[95,31],[-5,-70],[19,-16],[-88,-105],[20,-58],[44,-9],[2,-60],[41,-46],[-128,-149],[-77,36],[-105,-53],[4,-69],[92,-12],[53,-36],[74,34],[14,-47],[75,27],[43,-15],[-21,-45],[-78,-28],[-6,-39],[40,-18],[7,-62],[59,36],[0,-63],[93,36],[2,67],[40,-10],[-11,-35],[25,-8],[-48,-25],[0,-72],[-23,31],[-74,-20],[-14,-26],[-64,12],[-25,-16],[25,-54],[-28,-46],[-19,6],[12,48],[-60,-3],[4,48],[-41,-17],[-22,-80],[-55,-7],[-29,60],[-30,2],[-27,-38],[-16,42],[-99,-31],[-98,113],[13,15],[-48,-11],[6,-26],[-44,22],[-22,-34],[-5,21],[-27,-15],[-29,26],[-14,-29],[10,-41],[89,-3],[67,-110],[35,-2],[51,-55],[-29,-113],[54,-4],[57,31],[40,-66],[2,-48],[-58,-46],[16,-24],[41,-2],[-13,-76],[-50,-45],[23,-28],[-83,-102],[22,-28],[20,9],[11,-49],[48,-5],[36,82],[81,-5],[42,89],[88,25],[28,102],[57,-11],[31,59],[20,-17],[14,28],[39,-40],[-5,-63],[-45,-49],[2,-52],[48,-39],[24,25],[-12,-59],[24,-27],[52,39],[40,-108],[43,38],[8,-27],[22,21],[39,-8],[23,60],[102,-13],[45,84],[64,-25],[-9,-65],[34,-17],[-42,-19],[3,-53],[39,-26],[-104,-47],[3,-45],[-32,-43],[-13,16],[-9,-21],[-10,36],[-34,16],[4,79],[-34,14],[-13,-16],[-14,22],[-16,-39],[-23,7],[-43,-36],[9,53],[-71,31],[-50,-15],[19,-34],[-45,-33],[11,-45],[-35,8],[-24,-35],[-43,13],[-36,-28],[-16,19],[-60,-40],[-44,43],[11,-42],[-57,2],[-49,-67],[63,-111],[44,-24],[26,0],[53,66],[16,-27],[17,21],[13,-43],[63,48],[34,-17],[40,14],[17,-29],[75,24],[3,-32],[67,-43],[-22,-58],[48,-14],[-34,-46],[56,-24],[13,-37],[-20,-19],[21,-8],[-19,-45],[23,-59],[134,-117],[-57,-116],[13,-57],[-62,-5],[-25,-57],[46,-29],[6,-34],[56,-3],[-16,-32],[78,-9],[51,-38],[6,-120],[-27,-106],[-33,-31],[-99,-4],[-24,-71],[-33,-5],[13,-98],[-24,-19],[-11,-113],[22,-32],[-31,-25],[48,-29],[-52,-27],[25,-35],[-32,-18],[-31,27],[-16,-26],[-56,61],[-49,8],[-33,92],[14,170],[-33,46],[17,4],[-12,57],[-61,-57],[-67,-8],[-44,-48],[-56,34],[46,109],[-16,20],[42,51],[-98,62],[-26,-25],[-43,17],[-43,-25],[-23,11],[-29,-30],[-112,166],[29,73],[-21,4],[-30,-84],[38,-119],[-54,-31],[-102,60],[-7,53],[-42,33],[-95,8],[126,118],[124,6],[27,30],[-16,35],[82,36],[-12,83],[-141,20],[29,87],[-38,170],[-61,-1],[-17,-65],[-37,7],[11,-48],[-47,-45],[1,-31],[-36,30],[19,41],[-25,157],[-19,-22],[-13,23],[-17,-47],[-48,-24],[13,-21],[-38,-38],[20,-25],[-65,-54],[-70,9],[28,47],[-29,56],[-44,-36],[-50,6],[-32,-40],[-7,67],[-79,-32],[65,70],[-36,1],[-1,45],[-34,30],[120,12],[19,31],[-18,9],[77,104],[34,-14],[46,35],[69,-12],[44,85],[208,38],[4,23],[-71,9],[-10,26],[-16,-21],[-74,20],[-90,-15],[-42,-57],[-33,31],[-41,-5],[85,78],[3,50],[-21,15],[-32,-18],[-18,30],[-27,-41],[-46,-4],[1,41],[-31,-8],[-41,33],[29,65],[49,21],[71,97],[-48,64],[-16,-43],[-76,-36],[-58,33],[-56,-87],[-21,73],[-38,-16],[18,39],[-31,45],[11,41],[-34,19],[-87,-63],[2,-60],[-44,-21],[-21,-61],[-72,-17],[-27,-70],[-130,-38],[6,37],[-119,-42],[-122,91],[35,13],[55,176],[-33,19],[14,100],[-70,37],[-19,37],[-112,32],[-376,-35],[3,-40],[115,3],[67,-53],[-64,48],[-206,-9],[58,6],[-3,44],[-107,-6],[1,-72],[-48,110],[-287,-5],[22,-154],[-115,-15],[-11,74],[32,3],[-6,41],[-76,-8],[3,-26],[-28,-4],[-4,27],[-81,-12],[-17,29],[34,21],[-3,25],[-17,-21],[16,30],[150,30],[-7,53],[-140,-17],[-17,-31],[-9,57],[-93,-10],[-7,-115],[37,-39],[-31,-8],[3,-26],[-123,4],[-385,-117],[-476,-232],[-299,-199],[-12,27],[-1,-24],[-167,-159],[-29,-180],[-198,111],[-76,-11],[12,54],[-21,-47],[-80,-4],[-17,34],[39,13],[57,144],[-69,90],[-95,44],[-29,-22],[-23,25],[-25,-24],[-13,33],[-56,-3],[-116,91],[-25,-7],[33,-92],[119,-59],[-38,-31],[-47,36],[-44,-20],[23,-81],[-36,-5],[-11,-36],[-25,14],[16,26],[-33,-2],[16,41],[-16,-10],[-21,39],[-26,0],[1,-27],[-34,25],[-6,28],[52,-6],[-18,41],[-110,7],[-43,47],[-66,-19],[-16,-31],[-53,-12],[-5,21],[-42,-21],[-61,-117],[-119,-37],[15,-224],[37,8],[14,-62],[-58,2],[-32,26],[-3,-40],[-103,7],[106,-50],[-32,0],[7,-29],[-25,32],[5,-28],[-50,-44],[19,58],[-23,4],[-9,-26],[-16,18],[-11,-31],[-28,12],[6,36],[-42,-12],[17,33],[-60,7],[14,-52],[-75,-48],[-16,-65],[22,4],[-4,-32],[48,13],[-28,-67],[55,62],[-21,-54],[42,10],[-4,33],[31,-13],[-3,52],[14,-31],[36,27],[-24,-48],[78,-101],[-25,19],[-102,-108],[-28,-3],[9,-22],[-38,-3],[-28,24],[-9,-43],[-19,-2],[17,26],[-46,-16],[-28,27],[4,-19],[-31,2],[-83,-56],[146,-4],[-4,-23],[70,18],[-19,-37],[16,-6],[28,39],[53,-6],[-60,-121],[-68,-76],[69,28],[54,72],[22,-1],[29,-62],[16,4],[-17,74],[54,-9],[61,23],[3,-25],[35,8],[3,45],[40,6],[34,84],[55,-30],[11,15],[86,-20],[49,-82],[-7,-69],[44,-51],[-24,5],[8,-29],[35,-12],[-9,37],[26,-41],[26,1],[-37,-11],[11,-11],[55,-17],[-21,44],[26,-40],[-22,-112],[-27,5],[-26,-52],[-91,47],[-88,-31],[-90,-98],[-16,-97],[-19,-10],[6,27],[-32,-9],[21,-25],[-101,0],[-32,-19],[-1,-31],[-15,22],[-87,-20],[-20,-15],[17,-36],[-55,-34],[16,-42],[-28,44],[46,36],[-49,-34],[-135,45],[-58,-47],[-52,5],[-4,-28],[-250,42],[4,-18],[-65,5],[-6,-51],[392,-37],[14,-31],[14,22],[60,-7],[-12,-16],[202,-16],[-272,16],[-55,-23],[-441,-640],[-268,-455],[-134,-284],[-18,-62],[77,-31],[-15,-49],[-8,47],[-39,-16],[-47,41],[-46,-67],[32,-14],[17,48],[39,-17],[-12,-33],[35,-17],[62,29],[-14,-19],[-85,-19],[-143,-281],[-101,-236],[-156,-550],[-86,-393],[-44,-457],[14,-45],[-31,-60],[3,-115],[34,-32],[-22,-11],[67,2],[-69,-5],[-53,-230],[-45,-700],[113,-987],[45,-192],[40,-28],[-1,-28],[22,45],[3,-112]],[[229538,235442],[-65,86],[-56,-1],[33,17],[6,37],[-2,-41],[25,13],[19,-27],[40,22],[6,41],[-35,21],[167,203],[11,48],[-30,20],[44,20],[-2,85],[72,80],[-32,-1],[43,18],[-27,48],[88,65],[7,39],[-30,9],[80,43],[13,59],[-18,17],[166,203],[51,135],[-12,19],[39,23],[20,83],[46,34],[-14,104],[45,32],[103,201],[74,52],[-19,79],[68,23],[0,60],[88,68],[83,146],[114,-43],[42,31],[-9,16],[49,18],[23,59],[7,-16],[68,39],[59,141],[108,28],[0,57],[19,-14],[22,24],[-17,77],[70,13],[-9,30],[17,-8],[15,47],[68,15],[36,-28],[64,3],[53,86],[77,16],[40,67],[68,36],[-24,65],[26,43],[28,7],[72,116],[42,5],[-34,20],[22,23],[-7,49],[231,148],[10,22],[-33,36],[44,-13],[64,22],[48,-22],[-33,68],[135,108],[75,30],[198,381],[241,580],[296,926],[136,547],[120,-77],[27,11],[104,-120],[28,-67],[30,2],[-112,196],[-32,6],[21,13],[-96,27],[34,15],[-34,23],[-52,-14],[-43,21],[8,19],[-22,2],[27,21],[-69,14],[38,91],[72,-28],[42,49],[21,87],[-86,31],[37,88],[-26,10],[130,-26],[31,64],[138,16],[-1,20],[16,-19],[10,27],[-24,-4],[49,116],[-52,19],[-61,-98],[-51,-11],[3,17],[-97,36],[97,231],[88,-28],[139,276],[31,13],[-28,24],[370,1072],[20,164],[27,19],[-68,59],[70,75],[-26,69],[18,-1],[20,93],[45,36],[33,103],[-27,52],[4,92],[-60,14],[3,61],[-61,41],[20,41],[-23,11],[9,43]],[[233983,244617],[503,9],[548,-98],[33,71],[641,-189],[44,167],[140,117],[755,170],[-11,-364],[77,-191],[-62,-110],[181,-103],[282,-21],[252,-106],[33,-164],[45,-4],[104,-80],[77,3],[63,37],[8,-26],[76,-42],[-3,-29],[114,-181],[78,11],[64,83],[124,-51],[55,103],[177,19],[12,47],[69,-18],[60,14],[44,-28],[6,-53],[42,-44],[-43,-103],[27,-127],[-41,-61],[173,-49],[60,8],[127,-95],[135,4],[123,56],[72,-53],[137,123],[78,-64],[65,20],[218,-72],[75,-68],[25,-92],[89,-4],[44,-45],[99,-26],[111,187],[-19,49],[20,51],[142,57],[38,-66],[78,-15],[94,-65],[144,-32],[104,35],[-21,-99],[26,-27],[20,-142],[41,-66],[52,-22],[75,-156],[34,16],[115,-16],[37,-36],[69,-16],[154,9],[66,37],[41,-66],[97,38],[156,-7],[83,-162],[116,-38],[1,-104],[66,-17],[-18,-143],[54,-73],[0,-102],[-57,-113],[25,-24],[1,-104],[94,-62],[15,-95],[39,-51],[-1,-88],[131,-74],[35,18],[75,-23],[40,32],[25,-71],[110,-92],[-1,-62],[32,-63],[78,-64],[70,1],[147,88],[124,-13],[17,-34],[131,53],[38,-9],[127,-147],[-4,-32]],[[229502,245660],[-9,-19],[-37,21],[-31,92],[19,78],[-25,4],[-1,34],[28,-11],[113,96],[-7,104],[24,23],[175,-129],[17,-65],[-64,-29],[-22,13],[-111,-82],[-46,-93],[48,-31],[-24,-21],[-47,15]],[[248980,262945],[-146,-23],[-60,-93],[29,-180],[-18,-40],[-216,-13],[-90,-40],[-131,-2],[-58,-26],[-15,-65],[-114,-69],[46,-20],[-6,-71],[-127,-122],[44,-131],[-238,-208],[-116,-40],[-109,-93],[34,-94],[99,-100],[92,21],[76,-13],[36,-43],[-17,-105],[-108,-126],[1,-58],[-105,-116],[97,-162],[-39,-105],[136,-36],[-79,-311],[-173,-160],[-65,25],[-44,-17],[-11,-54],[-37,-12],[-2,-53],[-94,-53],[38,-152],[53,-63],[1,-128],[59,-115],[-3,-150],[-66,-92],[19,-95],[52,-55],[-34,-58],[38,-47],[-95,-124],[25,-233],[-37,-96],[-17,-189],[-22,-20],[33,-86],[5,-183],[82,-22],[47,-67],[-22,-27],[16,-114],[-52,-41],[-13,-90],[74,-98],[-40,-110],[138,-106],[46,-83],[-14,-176],[107,-107],[55,-130],[14,-80],[-22,-109],[-111,-58],[-161,-11],[-77,-74],[-134,89],[14,38],[-86,34],[-76,-9],[35,62],[-14,37],[-63,15],[-15,47],[-35,19],[-51,-57],[-73,-3],[-17,-51],[-109,-2],[-117,39],[-95,-112],[-83,-28],[-57,-84],[12,-117],[63,-27],[-52,-43],[72,-100],[-57,-128],[14,-125],[-41,-54],[5,-47],[67,-30],[-22,-50],[115,-39],[58,-68],[67,-28],[101,52],[54,-38],[84,-9],[51,-92],[50,4],[53,-50],[127,-32],[76,-108],[15,-82],[-114,-77],[-74,-123],[-125,-107],[-47,4],[-84,-147],[0,-43],[-149,-101],[23,-57],[-14,-94],[-31,-42],[-86,-58],[-147,-52],[-84,0],[-83,-55],[5,-28],[57,-5],[65,-56],[-9,-55],[74,-45],[-5,-53],[85,-163],[149,19],[64,-45],[-14,-100],[34,-103],[60,-74],[95,-45],[-57,-131],[23,-10],[-23,5],[57,-173],[-33,-260],[29,-51],[-96,-63],[-50,-152],[-64,-74],[18,-128],[-80,-88],[32,-111],[-102,-129],[-45,-22],[-167,20],[-47,-91],[26,-130],[-89,10],[-57,-40],[-86,-15],[-132,-273],[-194,-88],[-147,-3],[-30,-149],[23,-48],[146,-104],[23,-169],[-34,-54],[-15,-169],[-17,-16],[-68,15],[-96,-61],[-21,-70],[-28,-4],[44,-46],[-5,-110],[-58,6],[-86,-97],[-4,-77],[79,-151],[75,-69],[-219,-89],[-160,-137],[-103,-29],[-30,-76],[-75,-47],[-13,-67],[-58,-86],[122,-171],[-9,-207],[-73,-121],[-39,30],[-24,-32],[-75,11],[-105,-48],[-51,7],[-12,-64],[18,-31],[55,-18],[-15,-45],[27,-27],[-78,-64],[-68,-142],[173,-110],[131,27],[53,-44],[-3,-159],[-36,-33],[-7,-49],[84,-65],[12,-37],[140,-56],[-67,-124],[8,-56],[59,-49],[41,15],[104,-29],[4,-52],[65,-97],[16,-72],[-149,-25],[-15,-109],[-48,-32],[-19,-100],[63,-54],[-55,-99],[5,-74],[116,5],[28,32],[94,-99],[90,12],[21,-38],[-6,-50],[-29,-23],[21,-277],[137,-38],[73,-63],[48,5],[99,-81],[106,18],[26,-77],[55,-54],[59,0],[66,-59],[37,22],[114,-177],[158,-51],[-36,-68],[22,-121],[-146,-54],[-94,-1],[-12,-64],[-42,-14],[-45,-87],[63,-137],[-39,-114],[86,-71],[106,22],[29,-45],[107,-55],[122,22],[149,-155],[-6,-36],[-62,-31],[-51,-19],[-46,24],[-106,-63],[-32,-96],[-34,-22],[-72,51],[-61,-11],[-47,-138],[-70,-72],[-2,-43],[-81,-96],[-7,-43],[-87,-19],[-54,-72],[32,-82],[94,10],[37,-64],[127,-91],[-46,-64],[-147,-31],[-1,-99],[80,-21],[21,-33],[-99,-188],[15,-56],[-54,-48],[-7,-76],[80,-13],[6,-32],[59,-46],[46,8],[54,-35],[50,3],[59,49],[52,-10],[18,-40],[148,-33],[81,-7],[33,22],[-22,-64],[46,-31],[-3,-79],[-55,-55],[-5,-46],[73,-50],[75,-8],[-90,-113],[-40,-16],[-20,-82],[-81,-41],[35,-92],[-40,-56],[29,-54],[-68,-94],[-64,-35],[-31,-83],[-47,-27],[-19,-106],[-138,-76],[-7,-41],[-58,-12],[9,-60],[45,-29],[-10,-46],[-46,-41],[10,-65],[58,-52],[19,-97],[66,-94],[-38,-61],[-3,-42],[41,-59],[-19,-38]],[[233983,244617],[13,38],[88,-1],[31,36],[-29,33],[53,32],[29,86],[30,20],[-52,94],[26,99],[33,61],[159,133],[-18,4],[116,338],[28,201],[-23,121],[-51,47],[-53,10],[4,24],[-45,7],[11,-22],[25,8],[-11,-19],[-37,15],[-14,36],[32,37],[-29,38],[32,33],[-22,36],[48,15],[-7,33],[23,8],[-19,22],[26,-2],[70,107],[127,308],[26,95],[-37,104],[40,11],[-18,18],[-34,-31],[-15,51],[34,58],[-18,55],[33,25],[28,120],[54,96],[45,16],[41,60],[35,6],[12,42],[240,9],[75,35],[62,1],[8,30],[38,15],[-22,-24],[92,26],[100,111],[152,259],[207,443],[228,665],[-12,103],[25,8],[9,38],[-42,9],[-6,-18],[-33,8],[6,18],[61,-7],[18,23],[65,127],[45,171],[217,1009],[150,889],[-8,166],[54,198],[109,1074],[15,811],[-48,316],[15,38],[-30,543],[-46,104],[-9,105],[-31,44],[-52,-8],[-32,143],[32,6],[-18,116],[-118,39],[156,-43],[9,69],[-34,112],[28,42],[-13,58],[-89,-21],[44,-151],[-40,-25],[-18,32],[-51,14],[-13,45],[49,13],[-15,59],[-43,-10],[-43,157],[119,9],[-15,83],[-88,-20],[-21,74],[51,-44],[24,21],[-11,41],[-48,-11],[-3,10],[40,1],[11,24],[-34,149],[-210,444],[-252,362],[-262,281],[-264,220],[-332,192],[-216,91],[-153,36],[-205,5],[-66,-14],[-25,-40],[-220,-3],[-175,-21],[-59,-29],[15,-19],[-90,-121],[-35,-6],[122,-22],[-33,-47],[-24,14],[-8,-22],[-79,-11],[103,-40],[-53,-20],[-7,21],[-57,-1],[22,-42],[-38,35],[32,-58],[114,27],[7,-21],[-105,-29],[16,-44],[100,29],[34,-100],[-161,-47],[-11,80],[-71,11],[0,-18],[51,2],[-9,-80],[-121,-1],[7,64],[-115,33],[-69,-33],[-49,-57],[-15,-87],[-74,-14],[-87,16],[-118,114],[-117,37],[-30,-11],[-39,-78],[-37,57],[-47,2],[-35,-41],[30,-1],[-25,-29],[32,-23],[-86,14],[-28,-32],[-13,30],[33,46],[-35,21],[-138,-39],[-6,-35],[-85,-55],[7,33],[-33,9],[23,64],[-169,76],[17,46],[-49,11],[11,86],[-24,-6],[3,25],[-21,0],[3,57],[-25,35],[36,21],[-55,55],[23,22],[-36,120],[12,132],[-79,75],[-55,-36],[-82,20],[-5,20],[-18,-19],[-13,19],[26,43],[-38,20],[25,20],[-48,22],[-10,38],[-19,-9],[19,35],[-33,7],[7,31],[-35,-14],[15,20],[-22,0],[33,57],[-73,20],[-7,24],[31,29],[-7,26],[-35,7],[20,32],[-24,17],[28,41],[-16,42],[-44,14],[35,16],[-18,1],[13,31],[54,-3],[28,32],[64,-22],[66,9],[24,137],[-18,47],[-62,49],[-52,0],[-47,-72],[-25,4],[-9,67],[-58,11],[21,77],[-39,74],[34,19],[-35,24],[28,45],[-43,2],[-66,55],[22,78],[29,6],[-7,40],[-46,29],[32,88],[-48,17],[68,11],[-23,23],[16,9],[-29,11],[55,62],[25,79],[146,-178],[63,-145],[105,-95],[125,9],[21,29],[112,-90],[325,-58],[57,-34],[14,-41],[146,-31],[61,-81],[0,-40],[109,-35],[1,-18],[105,-12],[231,53],[259,115],[224,140],[248,198],[246,246],[475,611],[355,618],[328,757],[249,743],[17,177],[-111,21],[78,278],[-46,11],[85,-15],[-14,-9],[36,-20],[53,185],[-60,11],[8,40],[71,-9],[-7,-41],[26,33],[25,-4],[16,-27],[-26,-31],[-30,-206],[80,255],[-35,93],[312,-4],[-153,21],[-42,27],[-144,-9],[-20,17],[59,34],[27,70],[17,159],[50,111],[82,344],[108,822],[26,457],[-17,169],[-43,32],[21,16],[-48,71],[-71,41],[-11,110],[-44,69],[-40,21],[-63,-13],[-33,60],[5,-42],[-17,12],[-7,44],[-168,57],[-13,29],[-46,-5],[-60,93],[22,70],[-29,62],[-76,41],[-51,-13],[-18,55],[-138,71],[-44,61],[-104,15],[-40,165],[-108,87]],[[259032,266235],[88,-98],[-4,-41],[70,-106],[106,-55],[12,-91],[36,-59],[108,-35],[103,-190],[29,-2],[11,-27],[-34,24],[-2,-59],[38,-34],[-21,5],[-18,-54],[110,-114],[14,-62],[55,-59],[74,-23],[29,-69],[91,-53],[100,-125],[3,-214],[102,-59],[51,6],[44,-44],[-18,15],[-16,-15],[-14,35],[-23,-59],[30,-32],[30,12],[42,-21],[-9,-206],[47,-101],[8,-89],[70,-39],[12,-45],[25,-5],[-13,17],[57,-36],[-7,-46],[45,-42],[36,-121],[62,-65],[-20,-23],[56,-46],[29,-79],[89,-66],[-14,-15],[76,-101],[-17,-11],[87,-82],[-13,-53],[18,-8],[-24,-13],[45,-8],[-14,-18],[45,-41],[-26,-14],[25,-14],[-21,-25],[32,-13],[-19,-6],[32,-55],[-16,-14],[46,-30],[-15,-24],[31,-3],[-35,-69],[53,-39],[0,-38],[44,-30],[30,-80],[-22,-114],[34,-55],[-19,-35],[30,-34],[-221,16],[-29,-50],[-34,2],[5,-32],[-31,-2],[44,-32],[-26,-28],[-73,54],[-74,-103],[-35,-84],[3,-94],[85,9],[97,-157],[-86,134],[-66,-6],[23,-75],[-39,-32],[-47,19],[13,18],[-22,-1],[-11,39],[-29,-2],[6,-71],[60,-13],[74,-112],[147,9],[63,-69],[42,27],[93,-33],[30,15],[25,-31],[23,16],[33,-59],[137,-75],[5,-34],[78,18],[5,-31],[111,-65],[-10,-38],[47,-3],[-20,-42],[37,-65],[69,-36],[48,-125],[47,-11],[-70,-139],[-60,-18],[-25,-32],[-91,-19],[-109,54],[-68,-13],[-140,-171],[-14,-45],[21,-62],[-22,15],[-24,-11],[15,-16],[-71,-28],[-37,-231],[65,-132],[-31,-91],[14,-63],[43,-51],[4,-74],[134,-129],[118,-182],[51,5],[116,-74],[71,36],[-12,-36],[37,-43],[68,16],[25,-15],[35,-51],[-14,-19],[52,-41],[-16,-12],[16,-53],[37,-21],[-4,-49],[181,-155],[5,-62],[38,-23],[-28,-53],[24,-20],[33,11],[3,-19],[26,22],[31,-33],[-26,21],[-16,-12],[34,-46],[-32,14],[19,-31],[22,-13],[2,27],[27,3],[-21,24],[110,-66],[107,-6],[61,38],[14,-30],[36,37],[26,-22],[33,7],[8,-107],[51,-27],[-14,-35],[75,-33],[-3,-43],[32,-18],[12,-57],[31,7],[14,-58],[34,3],[-25,-34],[29,8],[26,-25],[-12,-61],[28,-12],[-35,-26],[15,-81],[-22,-20],[36,-52],[-20,-28],[22,-53],[-16,-63],[51,-44],[-22,-45],[50,-18],[24,15],[-6,-28],[-55,-11],[-9,-26],[53,-61],[-20,-20],[-35,22],[-21,-31],[-61,35],[-81,-5],[-40,-41],[1,-47],[-48,-23],[31,-63],[-54,-46],[20,-21],[40,3],[9,-39],[-41,-26],[45,-28],[-39,-39],[-9,-66],[32,-27],[-12,-18],[77,-56],[-45,81],[83,-102],[-35,5],[25,-5],[-20,-16],[31,-35],[72,-280],[96,-88],[126,-16],[39,-165],[39,-38],[-7,-62],[39,-64],[-46,-48],[17,-23],[-30,-10],[27,-22],[-13,-26],[28,-4],[-28,-5],[-2,-26],[34,-13],[-35,-15],[-11,-49],[21,-9],[-23,-38],[29,-33],[26,8],[-32,-49],[66,-33],[-32,-77],[28,-84],[-35,24],[1,-37],[28,-19],[81,30],[28,-52],[-11,-47],[53,-60],[-21,-51],[-32,-15],[6,-27],[-39,-2],[0,-20],[-18,14],[-1,-37],[27,-12],[-34,-73],[6,-65],[29,-28],[-23,-18],[43,-1],[21,-31],[-30,-15],[4,-68],[-34,-18],[10,-32],[-20,-15],[104,-41],[-13,-30],[77,-98],[62,2],[56,-40],[-54,-44],[-44,-3],[-99,-89],[-21,-154],[38,-74],[56,-36],[54,30],[5,-23],[61,1],[-19,-29],[-38,7],[10,-23],[-160,-46],[-40,-129],[-42,-23],[23,-40],[-49,2],[-36,-29],[-17,45],[-35,1],[3,-34],[-25,4],[-18,-28],[28,-15],[-31,-12],[21,-40],[60,-25],[60,11],[34,-16],[2,-43],[46,3],[-45,-13],[-31,-91],[46,-31],[-5,-81],[19,-3],[-44,-9],[-43,-59],[-63,7],[-14,-70],[-40,-19],[26,-48],[-19,-61],[-74,-52],[28,-57],[64,12],[46,-27],[34,27],[12,-18],[36,19],[46,-45],[-1,-38],[-40,-29],[5,-33],[-44,-55],[-1,-49],[-77,-71],[1,-72],[-51,-40],[45,-70],[-65,-69],[30,-28],[119,40],[68,-50],[-21,-12],[-72,51],[31,-38],[-15,-25],[30,-2],[-34,-31],[49,-1],[-101,-63],[-63,58],[-27,-3],[-18,-81],[62,-24],[-23,-26],[-62,19],[-10,-42],[87,-48],[-83,22],[-2,-29],[38,-15],[39,-110],[-30,1],[5,-44],[-86,1],[45,-100],[-37,14],[-24,-38],[20,-66],[-114,-100],[28,-23],[-129,-52],[42,-38],[-12,-11],[-42,33],[-28,-17],[3,-71],[46,-49],[-20,-3],[-19,-74],[23,26],[80,-37],[77,9],[55,89],[-13,16],[77,86],[2,49],[37,20],[30,69],[47,19],[-19,28],[33,-1],[15,25],[-18,21],[103,40],[36,43],[152,250],[98,94],[-15,37],[41,8],[-2,47],[83,69],[4,43],[59,56],[-16,11],[74,8],[10,-19],[36,27],[-8,-20],[36,-9],[-57,-36],[53,-21],[-34,-39],[46,-13],[9,-42],[-48,-27],[47,-17],[-44,-23],[54,-72],[-79,-19],[37,-14],[36,-56],[-80,-29],[37,-28],[-50,-36],[44,-30],[-25,-96],[29,-14],[-36,-19],[43,-48],[76,19],[8,-62],[41,-9],[-85,-11],[-35,-33],[37,-127],[81,-15],[-64,-54],[17,-28],[-20,-46],[36,-25],[-78,-159],[48,-34],[-36,-29],[55,5],[34,-22],[19,31],[-31,18],[33,6],[18,-32],[24,7],[-23,-56],[56,27],[50,-20],[69,40],[13,-36],[33,25],[2,-28],[13,29],[50,-7],[-21,-25],[31,12],[4,-24],[-37,-25],[39,3],[-40,-42],[17,-48],[25,-1],[-8,-31],[14,8],[-27,-41],[102,17],[-2,21],[49,-18],[26,-58],[-34,-42],[37,-31],[-33,-15],[32,-2],[-15,-26],[25,-42],[-23,-46],[37,37],[10,-27],[-42,-44],[20,-31],[-27,2],[10,-25],[-57,-2],[17,-27],[-17,-12],[22,-7],[-35,-26],[18,-1],[-6,-44],[-17,23],[-15,-20],[-65,3],[-3,-30],[-87,7],[47,-25],[-41,-14],[16,-15],[122,-48],[-54,-60],[-48,-6],[-9,34],[-56,28],[-77,88],[-102,1],[-53,-33],[-13,-62],[-46,-50],[40,-47],[-34,-51],[-14,-135],[-17,11],[-31,-27],[25,-16],[-17,-30],[-82,-37],[21,-33],[-19,-11],[-41,37],[-74,3],[-15,-17],[30,-46],[-49,-49],[-1,-49],[31,-27],[-27,-32],[41,-134],[-19,-52],[-32,-15],[-41,61],[-50,-12],[-149,82],[-99,-54],[-108,37],[18,-16],[-52,-1],[7,14],[-83,-46],[-26,-55],[-23,14],[-115,-31],[-27,-50],[11,-63],[-17,22],[-5,-51],[50,-103],[64,-11],[-2,-23],[-65,-20],[66,-31],[17,-82],[-29,-24],[90,-11],[42,27],[37,-145],[89,-22],[97,154],[30,-7],[3,38],[39,-5],[41,38],[105,-115],[31,-4],[-8,44],[-31,10],[18,9],[-13,97],[91,161],[236,132],[2,40],[67,33],[67,96],[49,-38],[34,34],[89,-19],[46,39],[2,-54],[-35,-24],[48,-42],[0,-42],[26,22],[37,-51],[33,0],[-20,-22],[46,-1],[-37,-18],[21,-28],[-35,-30],[24,-7],[-23,-16],[13,-12],[-34,6],[-31,-63],[-83,-70],[14,-99],[-71,-21],[-35,-43],[-33,9],[5,-31],[-20,6],[29,-27],[-28,-24],[64,-1],[-22,-5],[26,-31],[-21,-19],[-27,20],[15,-25],[-43,-52],[35,9],[-5,-38],[49,-14],[-25,-83],[35,-6],[5,-35],[-88,-4],[11,-44],[-31,-13],[-2,-45],[-61,-11],[16,-10],[-31,-8],[10,-19],[-44,-3],[-42,8],[-10,27],[-29,-7],[1,47],[-37,6],[-35,65],[-94,28],[-34,-20],[-17,-59],[56,-78],[-5,-40],[-53,15],[-19,-75],[-101,26],[-18,-43],[-189,-19],[-38,29],[18,79],[56,45],[-25,52],[-26,-8],[18,15],[-17,49],[-33,-9],[39,35],[-50,21],[-59,-10],[-4,-68],[17,-4],[-33,1],[-5,-54],[-27,-3],[-38,-67],[-75,-54],[9,-28],[-43,-58],[-33,-3],[-19,-87],[-42,-14],[-9,-51],[-33,7],[13,-19],[-70,-34],[11,-23],[-122,-113],[64,-155],[33,24],[10,-26],[-27,-4],[0,-30],[73,-43],[46,15],[-13,28],[31,-1],[32,52],[115,36],[30,-17],[17,-70],[-39,-28],[16,-31],[-148,-139],[43,-30],[-16,-57],[-162,-90],[-43,6],[-46,-42],[-59,50],[-26,-13],[-8,40],[-59,-10],[-172,62],[-16,-19],[53,-33],[-18,-18],[-76,62],[-48,4],[98,-164],[-93,-28],[-12,-48],[-77,-13],[-45,-47],[9,-85],[40,-75],[34,-24],[85,51],[15,-77],[43,-8],[49,97],[60,49],[135,-7],[28,-37],[74,-20],[16,21],[43,-11],[6,69],[46,41],[40,-13],[52,76],[81,13],[-32,-66],[117,10],[39,-28],[12,34],[67,-8],[33,32],[26,80],[64,59],[4,-15],[55,36],[59,2],[37,36],[19,-15],[-102,-121],[-23,1],[-4,-34],[-61,-22],[-39,-55],[15,-11],[-37,-46],[18,-14],[-85,-113],[29,-20],[15,-84],[-73,-19],[-15,-72],[-178,59],[-48,-59],[-122,46],[-5,-38],[-51,-10],[-10,-59],[-26,-13],[-40,-8],[-47,33],[-62,-26],[-88,23],[-25,-66],[-31,1],[-2,-47],[-30,48],[-32,-22],[-65,12],[-22,65],[-114,-43],[-24,-32],[1,31],[-34,-18],[-32,15],[-2,29],[-21,-9],[18,-46],[-61,-26],[3,-34],[75,3],[20,-33],[52,10],[116,-43],[37,-36],[-73,-43],[9,-20],[62,-5],[20,-29],[62,3],[19,-56],[57,22],[69,-25],[16,-65],[-76,-33],[58,-40],[20,-84],[37,-19],[-18,-57],[-81,-29],[-27,51],[-46,-25],[-20,71],[-29,-29],[1,-51],[-35,9],[-64,77],[-148,-10],[-65,47],[-27,-6],[22,-21],[-40,1],[72,-30],[-75,27],[-11,-60],[106,-19],[43,-18],[-6,-18],[-198,39],[179,-54],[48,-39],[-3,-59],[38,-2],[18,-25],[-32,-15],[27,-50],[-90,-60],[-90,-10],[16,-25],[68,6],[23,24],[51,-11],[21,29],[29,-6],[1,28],[35,-69],[89,20],[20,-22],[-23,-105],[22,-13],[32,18],[62,-48],[32,17],[49,133],[41,-25],[25,-55],[36,37],[42,-4],[2,74],[51,-34],[115,44],[60,-9],[29,29],[117,3],[11,16],[10,-15],[23,18],[33,-14],[1,-52],[-52,-8],[-26,-31],[-27,36],[-15,-23],[-34,19],[-37,-62],[-46,20],[-44,-11],[-30,-44],[-35,22],[-21,-13],[12,-30],[-26,-41],[64,0],[23,-27],[-15,-34],[28,-128],[61,-21],[-7,-27],[38,-2],[-79,-28],[-57,-68],[-62,10],[-71,98],[-76,-15],[-27,-27],[-12,20],[-30,-18],[-41,24],[18,-19],[-30,-21],[63,-30],[-10,-48],[-35,-16],[-55,16],[-64,-29],[-100,-94],[-56,-11],[-9,-30],[-79,13],[1,24],[-48,32],[-107,-7],[54,-30],[-2,-40],[32,-8],[-25,-31],[21,-42],[-43,-32],[-41,19],[-22,51],[-55,4],[-125,57],[4,17],[-81,-4],[-31,-80],[25,-32],[45,25],[43,-59],[-103,-66],[26,-30],[121,13],[61,-18],[34,-47],[-17,-46],[107,-18],[31,-53],[44,25],[-8,33],[86,1],[17,-20],[80,37],[174,3],[46,-36],[-36,-26],[15,-70],[-75,-63],[8,-19],[-153,-61],[-143,-103],[27,-23],[-28,-23],[-36,8],[-34,-47],[-45,-3],[-2,-27],[-72,-18],[-66,19],[-56,-37],[-107,-1],[-66,52],[-12,-25],[-63,39],[-70,-8],[-76,-36],[-100,-128],[3,-35],[32,5],[118,-59],[27,-42],[-14,-15],[42,-32],[197,-42],[56,-28],[-11,-13],[39,-3],[-12,-22],[32,-16],[-58,-88],[14,-34],[52,30],[-36,-86],[29,-31],[51,25],[142,-17],[18,23],[27,-13],[125,59],[-1,-22],[30,13],[-18,-32],[61,-15],[-5,-67],[58,-19],[0,-47],[34,16],[13,-32],[87,-1],[-12,-28],[39,-5],[1,-19],[-106,19],[-41,-43],[-120,-32],[0,-34],[-66,-42],[-67,-1],[-32,-109],[-97,8],[-6,-77],[-27,-18],[-29,22],[-6,123],[-36,-9],[-49,60],[-58,21],[-77,-18],[-35,100],[19,1],[-3,23],[-372,5],[-62,51],[2,25],[-123,77],[-75,16],[-54,-43],[-7,-61],[16,-19],[35,9],[9,-24],[-79,-60],[46,-28],[43,-97],[-90,-25],[-7,-48],[47,-59],[165,-7],[-9,-35],[-42,-17],[32,-68],[-21,-20],[29,-37],[152,-4],[18,-27],[118,52],[78,-56],[85,1],[13,-36],[101,10],[23,-17],[53,27],[43,-52],[-15,-52],[56,-16],[-59,-37],[-31,11],[-18,-41],[-62,-29],[4,26],[-31,13],[-25,-25],[-12,31],[-131,-60],[-155,48],[-121,-41],[-41,20],[-42,-28],[-59,28],[-69,-30],[5,-46],[43,-15],[-19,-33],[24,-43],[131,-75],[67,-8],[9,-30],[32,11],[62,-40],[42,7],[24,-40],[68,-21],[-13,-26],[37,-34],[-19,-35],[43,-32],[-51,-13],[12,-17],[-40,-21],[-120,1],[-33,-25],[-155,39],[-92,-73],[-19,34],[-42,-11],[-113,48],[-20,-22],[-25,8],[-10,-30],[-34,0],[-72,90],[60,182],[-28,38],[-2,-41],[-42,4],[14,-9],[-35,-37],[-22,-82],[-29,17],[-16,-27],[-27,2],[-34,-88],[-72,15],[-97,104],[-28,-8],[9,-64],[-34,20],[-1,-44],[-23,-6],[11,-39],[-15,9],[-30,-36],[35,-19],[-14,-44],[-49,-7],[-16,-37],[-43,29],[-31,-13],[-4,29],[-56,-16],[-58,85],[-36,-5],[-20,-37],[-59,14],[-10,-24],[-30,19],[-12,-49],[8,33],[-64,50],[-13,55],[145,41],[-6,30],[-42,-5],[1,23],[-64,-18],[27,37],[66,9],[-7,45],[26,-8],[-73,120],[43,38],[-9,29],[65,21],[9,31],[-30,36],[-65,-59],[-13,35],[93,89],[-29,40],[11,42],[-61,44],[6,33],[-29,2],[-13,-40],[5,55],[-32,21],[-39,-43],[22,-24],[-46,-39],[-42,24],[58,-77],[-22,-79],[-38,2],[41,-250],[-210,-275],[93,-56],[-12,-84],[24,71],[19,-9],[30,-73],[-26,-28],[31,23],[7,41],[-26,19],[29,22],[90,-86],[41,7],[13,56],[-5,-114],[81,-98],[0,-66],[52,-22],[-2,-31],[37,-5],[5,-35],[-29,10],[-9,-26],[35,-59],[-44,-92],[-34,63],[-77,-14],[-12,35],[-36,-9],[-21,31],[-10,-31],[-35,4],[-29,-26],[15,59],[-48,89],[-51,-9],[-1,24],[-30,-2],[-52,-28],[53,-113],[-4,-60],[47,-58],[-31,-12],[-38,51],[-48,-3],[-1,-98],[-45,11],[-26,-32],[-28,13],[-7,-32],[-36,15],[-31,-111],[26,-40],[69,-36],[44,10],[14,34],[77,10],[36,-25],[30,17],[-2,-52],[35,4],[51,-34],[-14,-37],[32,-40],[-19,-21],[55,-18],[-28,-39],[35,-13],[-68,-13],[-8,-32],[-33,45],[-101,-21],[-14,-15],[39,-32],[-23,-17],[25,-14],[-150,-22],[-8,-31],[50,-35],[-33,-43],[-71,8],[10,49],[-59,-5],[-3,32],[36,21],[-36,41],[-49,-27],[-49,19],[-8,44],[57,57],[-21,63],[-57,-10],[25,29],[-32,38],[22,11],[3,63],[-42,12],[5,29],[-31,25],[-93,-4],[11,49],[-74,19],[-22,45],[-28,-17],[9,54],[-43,57],[33,31],[-10,90],[58,11],[25,61],[80,12],[27,67],[-140,102],[-64,18],[-124,-88],[24,67],[-122,32],[-13,37],[-24,-68],[-68,71],[-148,10],[-37,-61],[-51,-9],[-20,-40],[-15,11],[43,-51],[-29,22],[-5,-37],[59,-69],[-84,-19],[45,-46],[48,22],[8,-46],[-20,-9],[14,-20],[-24,6],[-33,-41],[24,-4],[-18,-59],[19,13],[12,-52],[13,27],[-13,-43],[77,-62],[13,-39],[-30,-23]],[[191467,198865],[-54,213],[32,59],[-20,66],[17,33],[-94,122],[45,63],[-31,168],[40,77],[80,-1],[46,58],[127,53],[32,55],[-21,74],[-90,114],[5,168],[-26,54],[-29,7],[18,29],[-8,109],[-28,25],[-1,111],[-225,212],[-125,10],[25,89],[-5,36],[-40,12],[4,87],[13,34],[62,31],[56,-31],[122,141],[135,83],[-92,44],[-26,86],[140,146],[-48,36],[48,77],[-35,42],[-3,59],[59,133],[41,32],[-4,86],[-50,0],[-69,108],[29,12],[15,69],[-28,143],[61,79],[4,87],[58,24],[123,253],[60,232],[-75,133],[-58,27],[-71,106],[-47,19],[-88,-27],[-23,22],[40,97],[-12,75],[31,75],[-16,82],[-80,51],[2,147],[33,29],[-66,80],[-4,76],[-37,54],[21,38],[2,152],[137,47],[38,66],[34,15],[9,165],[93,18],[30,62],[-30,30],[41,74],[56,24],[59,133],[44,6],[28,36],[-12,57],[-33,20],[28,98],[-28,48],[-48,26],[-76,-12],[-22,29],[32,85],[-11,38],[56,103],[-37,46],[-84,29],[-40,56],[-72,21],[-131,149],[53,26],[10,102],[32,43],[149,-22],[22,31],[103,-10],[54,18],[29,157],[45,28],[33,-16],[61,12],[101,55],[81,173],[55,55],[49,180],[-132,195],[105,74],[46,126],[-50,113],[-4,102],[-30,30],[11,55],[46,66],[39,17],[-10,49],[80,127],[-49,174],[74,20],[20,29],[-19,80],[74,51],[-85,60],[35,42],[-17,51],[122,38],[20,68],[65,28],[78,134],[-13,86],[49,49],[-59,51],[-32,72],[-1,219],[120,141],[-1,32],[70,29],[41,98],[141,28],[39,47],[96,24],[53,108],[51,7],[2,48],[55,50],[0,56],[51,23],[0,29],[68,-12],[167,89],[81,11],[131,-119],[102,-17],[42,-54],[120,137],[24,174],[39,62],[129,-5],[45,-56],[76,-39],[227,44],[79,-23],[145,76],[194,-129]],[[195052,209576],[-43,-11],[-61,-90],[-56,-56],[-30,-1],[-76,-102],[-78,-58],[13,-105],[68,-154],[-79,-77],[-3,-52],[-119,-75],[-91,-184],[-44,-40],[13,-34],[-19,21],[2,-43],[-36,-11],[-39,-62],[-43,-8],[-32,-62],[-28,1],[-31,-97],[-72,12],[-34,-39],[4,-149],[36,-30],[19,-125],[19,65],[20,-44],[-17,-58],[30,8],[-3,88],[11,-92],[-54,-15],[71,-124],[303,-308],[409,-270],[119,-161],[48,-5],[54,50],[78,-75],[-56,-50],[82,-96],[167,-56],[-42,-2],[79,-72],[64,-24],[11,30],[11,7],[-17,-27],[47,-10],[7,13],[-6,-18],[42,-15],[10,28],[-47,21],[78,-29],[16,43],[178,-58],[-21,-24],[-47,14],[-10,-22],[42,-16],[-10,-21],[47,-41],[-59,-26],[-172,31],[3,-62],[-59,27],[-3,-46],[85,19],[187,-50],[-41,-77],[27,-18],[37,50],[146,-107],[133,-23],[-11,-54],[39,-21],[33,24],[50,106],[-31,27],[-30,-90],[-59,17],[12,48],[-115,25],[-106,69],[13,93],[-25,54],[30,-10],[30,75],[206,-68],[-10,-28],[34,-11],[-28,6],[21,-19],[-23,1],[-6,-26],[27,-20],[10,18],[104,-35],[133,-85],[370,-94],[119,5],[-22,31],[26,17],[-16,-13],[23,-14],[44,36],[123,-29],[210,29],[52,-29],[41,104],[-57,-209],[23,1],[-4,-28],[19,25],[-4,-24],[64,197],[-9,30],[26,11],[-15,-20],[44,-13],[30,24],[-71,22],[76,-14],[2,-15],[110,12],[90,-17],[138,-46],[171,-4],[268,-56],[56,-38],[70,37],[21,-33],[15,18],[-19,35],[243,-17],[180,59],[148,161],[39,83],[28,-17],[0,22],[-51,0],[77,84],[235,174],[136,54],[34,50],[38,-10],[-13,18],[132,70],[46,85],[-15,161],[24,1],[-18,24],[21,12],[-30,3],[17,26],[-20,3],[54,60],[41,131],[162,184],[27,104],[-21,31],[-23,-58],[17,56],[-23,84],[68,57],[62,140],[-2,186],[-45,120],[-67,68],[-8,40],[139,235],[38,120],[81,76],[-7,25],[97,73],[357,131],[94,79],[136,45],[190,130],[92,31],[242,51],[225,10],[55,24],[542,40],[171,162],[38,3],[-51,2],[-12,-21],[7,23],[27,11],[208,10],[446,70]],[[223514,180073],[-25,-37],[-11,-141],[-54,-40],[-113,-174],[-123,-67],[-24,-51],[20,6],[-12,-51],[-70,-105],[-49,-14],[-52,-101],[10,-45],[39,-28],[-15,51],[41,4],[22,37],[-18,-38],[26,-102],[-106,-84],[15,-96],[55,-92],[-44,-33],[-27,-106],[-48,-28],[16,-31],[-22,2],[3,-43],[-23,-7],[73,-118],[74,21],[38,-43],[49,-12],[41,59],[61,21],[96,-78],[-42,-459],[37,-120],[-56,-35],[-65,24],[-71,-11],[-45,-112],[51,-99],[97,-77],[29,-104],[-24,-96],[66,-74],[53,-8],[42,-49],[45,30],[-68,36],[71,-33],[-19,30],[157,-8],[129,-69],[-9,-70],[43,-40],[-35,-53],[23,-67],[38,-9],[1,-34],[26,-11],[28,32],[65,4],[30,38],[42,-13],[3,-25],[-28,-17],[32,-46],[-20,-25],[15,-47],[-10,-47],[-39,-27],[75,-75],[-43,-50],[34,-43],[-27,-8],[-80,-140],[1,-191],[-22,-3],[1,-46],[-63,-48],[-35,-82],[11,-48],[98,-17],[15,-58],[-79,-48],[-68,-167],[-83,-25],[-3,-23],[-47,-5],[-55,-52],[-194,-25],[-20,-97],[-36,-11],[-5,-87],[-56,-28],[-97,40],[-15,-68],[-41,-6],[-10,-92],[-75,-106],[16,-57],[-34,-108],[1,-37],[53,-67],[-5,-35],[-36,-16],[29,-38],[-90,-65],[-10,-30],[19,2],[-147,-213],[-3,-155],[-43,-108],[-28,7],[-32,-29],[0,-36],[-29,0],[-124,-94],[7,-20],[-29,-1],[24,-44],[7,35],[0,-22],[35,-6],[9,36],[17,-90],[-25,-23],[-117,-17],[-109,38],[-34,-11],[-64,-87],[3,-60],[-31,-56],[-80,-15],[-33,-41],[-40,29],[-61,-16],[-95,-134],[-16,-31],[50,-93],[-48,-45],[8,-64],[-75,-25],[22,-29],[-41,-2],[19,-54],[-58,3],[60,-89],[-123,-81],[-7,-52],[-60,-6],[2,-73],[-34,-19],[-38,-122],[-8,-136],[48,-37],[7,-51],[34,8],[20,-21],[-44,-18],[-2,-58],[-65,4],[-9,-43],[39,-14],[-6,-22],[40,21],[5,-70],[19,3],[-17,-22],[38,-15],[62,36],[-11,-21],[32,-22],[-39,-42],[42,-81],[-9,-22],[-71,27],[-6,38],[-37,-126],[-113,9],[-43,42],[-29,-63],[-62,30],[-56,-8],[3,81],[18,-3],[12,32],[-25,64],[33,24],[-19,5],[12,47],[52,9],[11,47],[-88,60],[-63,-30],[13,-15],[-77,-4],[10,-114],[-44,-16],[36,-10],[1,-32],[-36,-7],[-16,15],[16,18],[-69,57],[-30,-31],[-38,5],[78,-75],[-51,-6],[-34,-43],[-22,30],[-51,-12],[-65,-46],[1,-31],[-100,-50],[-23,-42],[15,-23],[-23,-10],[28,-48],[-20,0],[0,-54],[-46,-27],[-15,-83],[-52,-20],[-11,-33],[-10,16],[-30,-21],[3,-33],[-101,71],[-29,-24],[-19,41],[-37,1],[-42,-54],[2,-43],[53,3],[-36,-32],[0,-32],[-34,38],[-28,-17],[11,-40],[-111,15],[-53,-33],[-25,-80],[-83,34],[-38,-57],[-58,-10],[-14,-24],[22,-25],[-57,18],[-65,-33],[-24,24],[4,-47],[-20,-7],[24,-11],[-34,-19],[15,-44],[-15,-21],[-14,51],[-54,36],[48,-91],[-30,6],[36,-31],[-38,1],[-5,-22],[-25,35],[-15,-11],[-12,51],[-20,-35],[-34,52],[6,-40],[-77,35],[-29,-22],[-14,22],[-28,-5],[-6,30],[22,1],[-32,26],[21,56],[-29,28],[12,12],[-31,12],[12,-30],[-26,-2],[-8,-38],[-41,55],[-50,8],[0,107],[-51,26],[-9,68],[-20,3],[6,-25],[-30,14],[-94,-45],[-24,-56],[-31,28],[-17,-17],[-25,23],[15,173],[-59,36],[-2,38],[-42,23],[-12,-26],[-58,-15],[-8,35],[-59,6],[-70,142],[29,52],[-3,56],[82,-8],[14,82],[61,12],[-9,27],[87,-54],[-12,35],[33,18],[-41,67],[20,5],[-11,40],[-57,3],[-34,-58],[-44,31],[-30,-11],[-6,135],[-106,100],[-45,-21],[8,78],[-141,106],[-196,-70],[-47,47],[58,54],[-36,33],[33,10],[-19,35],[24,27],[-48,10],[25,31],[-35,51],[54,195],[-9,94],[-37,2],[-7,49],[34,6],[8,26],[27,-36],[13,29],[31,-1],[-11,84],[44,10],[-2,40],[68,-59],[24,9],[11,46],[-23,53],[16,7],[18,-34],[50,26],[-13,48],[-66,30],[-14,43],[66,-4],[63,98],[36,-28],[46,49],[78,10],[-7,68],[23,21],[-31,33],[-26,-20],[6,17],[35,10],[-29,103],[-25,13],[-19,-19],[-29,40],[-36,-25],[-34,14],[105,64],[-47,52],[19,-47],[-49,26],[7,33],[34,12],[-8,54],[-22,-19],[-14,68],[-58,28],[17,22],[-22,0],[7,32],[-35,11],[-16,38],[-17,-19],[25,42],[-35,18],[32,21],[-73,57],[67,55],[-8,-40],[71,6],[9,42],[-26,15],[74,51],[-30,20],[14,34],[-22,19],[-70,-27],[-2,23],[-27,-18],[-32,30],[-36,117],[22,58],[85,46],[23,39],[71,-16],[-43,-9],[-14,-35],[57,-24],[2,-42],[45,20],[-34,57],[13,64],[-60,27],[-47,175],[78,8],[-2,49],[36,27],[27,-24],[34,9],[42,45],[7,59],[-25,60],[-93,7],[-20,73],[-75,-20],[-79,70],[-26,51],[74,43],[-34,196],[7,37],[147,177],[70,13],[12,-46],[121,117],[1,72],[20,-19],[67,15],[25,60],[-9,40],[-29,11],[15,29],[-37,20],[-16,98],[-89,94],[-48,267],[-117,133],[-51,331],[20,64],[49,22],[-39,-86],[79,-18],[15,-23],[50,-5],[33,23],[-23,134],[-40,-7],[-52,65],[40,68],[42,164],[70,68],[-29,146],[17,107],[57,50],[6,85],[53,83],[29,-6],[-51,-58],[25,-45],[38,24],[101,-18],[29,-45],[114,-9],[39,-24],[41,59],[115,26],[61,-33],[33,20],[22,-48],[54,-28],[22,9],[49,-35],[40,20],[34,-71],[34,5],[27,43],[44,-11],[19,40],[48,26],[46,-13],[30,32],[20,-17],[76,24],[11,-16],[41,58],[39,10],[34,-98],[39,35],[20,62],[24,2],[22,-37],[-21,-67],[31,-16],[17,18],[40,-34],[79,59],[21,54],[-80,67],[13,39],[-23,25],[95,103],[-21,89],[29,-22],[22,42],[40,7],[45,48],[-51,-16],[-67,55],[-33,-42],[6,49],[-38,-17],[-32,23],[-16,-18],[14,-44],[-77,-28],[-38,138],[-28,11],[14,-39],[-56,79],[47,-20],[-45,80],[-14,-46],[1,67],[-51,106],[-83,72],[-28,4],[-34,-40],[-107,119],[14,33],[-66,-36],[74,47],[2,37],[-45,-41],[-33,57],[-21,-28],[12,-51],[-26,67],[28,41],[-86,137],[-126,118],[-239,152],[-475,203],[-419,115],[-551,83],[-193,-18],[-59,76],[70,47],[-48,8],[-29,-33],[-4,55],[-136,-10],[177,-157],[-245,-42],[-96,-73],[-346,-132],[-102,-73],[-144,22],[-256,-24],[-123,13],[-340,-62],[-60,-20],[-238,-170],[26,38],[-24,-10],[-23,-34],[37,-3],[-34,-34],[16,-11],[39,47],[-41,-56],[-33,10],[-26,-46],[-60,-191],[17,-9],[-197,-408],[-216,-141],[65,-81],[-110,-75],[-38,84],[-29,0],[23,-110],[-19,-16],[-38,146],[-55,-38],[23,-9],[32,-131],[-37,-36],[-40,84],[-24,-1],[-17,-12],[35,-71],[-30,-24],[-39,77],[-46,-40],[-22,-44],[-20,8],[21,-14],[19,39],[38,-6],[33,-70],[-43,-135],[-17,57],[-33,7],[-21,1],[0,-51],[25,5],[42,-45],[11,-83],[-54,18],[15,-38],[26,-3],[-8,-27],[36,25],[-2,-225],[66,-68],[28,9],[-58,-52],[-35,56],[-22,-5],[104,-111],[70,20],[41,124],[-29,52],[-43,20],[13,22],[-27,-12],[-58,43],[2,38],[75,-19],[-17,53],[-39,4],[-5,88],[26,49],[111,-6],[-109,4],[-17,-45],[66,17],[43,-39],[-3,21],[48,5],[-19,37],[65,-76],[2,-42],[29,18],[-31,47],[14,64],[-38,84],[87,0],[158,-98],[-94,-324],[-104,-129],[-249,-216],[-344,-182],[-876,-332],[-199,-206],[-230,-46],[-100,-69],[-50,-5],[14,-20],[-23,11],[-22,61],[-24,-8],[59,-80],[-41,18],[-178,-118],[-9,-72],[-89,-169],[3,-48],[-133,-132],[-8,-122],[-57,-38],[-27,-41],[14,-11],[-50,32],[-15,-14],[87,-60],[-14,-65],[-2,43],[-37,25],[-9,-51],[-53,10],[43,55],[-13,10],[-25,-39],[-34,24],[9,-87],[59,13],[3,-20],[-10,-44],[8,44],[-26,7],[-12,-62],[25,-5],[-32,-59],[26,-4],[0,-52],[-26,-1],[-11,-58],[51,-41],[-2,-21],[-18,-27],[-49,65],[-1,-37],[34,-64],[46,27],[24,123],[-7,-76],[91,-162],[17,-111],[-15,-54],[-470,-708],[-27,-108],[-42,-16],[11,24],[-21,11],[-13,-25],[-24,12],[8,65],[-50,22],[-49,-55],[86,-80],[147,20],[-220,-237],[-290,-165],[44,64],[-65,-20],[-27,-20],[31,5],[4,-25],[-414,-293],[-117,-129],[-29,8],[-179,-303],[-13,-108],[29,-8],[-17,0],[-18,-87],[-79,-122],[30,-32],[-17,5],[8,-26],[-73,-90],[-85,-176],[-58,-331],[25,-205],[29,-66],[55,35],[29,-39],[-55,-10],[13,-21],[26,8],[-16,-37],[27,11],[-13,-30],[65,-107],[36,9],[55,-70],[-23,-30],[30,21],[42,-53],[44,23],[-25,-82],[33,-22],[25,13],[-4,-23],[44,3],[-14,89],[57,-71],[-5,-25],[92,-19],[-21,-108],[-85,-71],[-282,89],[-197,2],[-234,133],[-353,119],[-173,113],[-1052,401],[-661,184],[-555,106],[-732,34],[-206,-14],[15,-33],[-50,32],[-106,-36],[-601,-103],[-577,-183],[-187,-32],[-94,33],[-202,19],[-400,156],[-818,185],[-580,90],[-297,30],[-332,-4],[-32,31],[-76,18],[-322,6],[-796,-43],[-348,-48]],[[183893,198801],[70,77],[53,19],[193,162],[114,122],[46,66],[-15,57],[29,56],[121,117],[44,73],[6,68],[71,50],[33,61],[65,-19],[33,30],[86,12],[17,-16],[-23,-15],[18,0],[34,33],[72,12],[22,34],[50,-10],[95,41],[157,94],[283,224],[530,490],[577,659],[390,552],[65,59],[13,21],[-24,33],[34,5],[111,133],[65,42],[464,532],[44,106],[58,29],[6,32],[709,884],[38,129],[-26,42],[27,35],[42,-25],[55,6],[59,96],[46,26],[-3,23],[58,41],[23,54],[-70,49],[139,181],[33,-23],[27,17],[157,163],[283,405],[326,526],[549,1015],[-11,14],[438,943],[189,593],[137,649],[-29,250],[-77,62],[-59,-38],[19,35],[-39,-7],[53,28],[-63,-11],[21,-58],[-85,138],[19,75],[162,170],[-26,91],[-53,13],[-2,28],[54,-19],[25,15],[79,130],[42,336],[-10,47],[-61,61],[62,82],[1,77],[-38,78],[-27,-23],[6,22],[-28,4],[38,16],[-108,52],[-40,-3],[6,21],[-26,-11],[-45,68],[-48,-11],[-14,25],[-48,10],[8,77],[-14,-22],[-10,19],[24,59],[-21,19],[35,36],[25,106],[-50,4],[-27,32],[-34,-16],[12,32],[48,14],[-53,77],[-30,3],[2,29],[-51,7],[32,54],[-26,25],[3,46],[-50,-23],[-14,59],[-31,-17],[-55,52],[-10,112],[-43,-21],[42,23],[1,24],[-7,94],[-41,62],[-3,32],[27,15],[-28,-3],[-7,64],[74,85],[65,-17],[-49,33],[39,20],[-82,7],[5,27],[26,1],[3,59],[30,-7],[-7,21],[26,8],[-21,39],[52,43],[-15,46],[-36,13],[50,31],[-28,39],[-17,140],[-21,10],[24,22],[3,128],[37,31],[-36,34],[2,62],[-22,15],[18,-12],[10,45],[-147,172],[-101,53],[-85,14],[-42,-12],[20,-22],[-28,14],[9,-26],[-56,-115],[52,-21],[25,37],[-25,-39],[-91,21],[-67,-47],[-22,15],[1,-23],[-30,-15],[-15,22],[24,59],[-104,-47],[-59,26],[-43,60],[-14,112],[56,90],[-5,75],[44,87],[-39,59],[45,119],[-28,122],[13,81],[69,41],[21,53],[-21,55],[-42,28],[65,33],[-15,35],[-30,-1],[21,34],[-14,14],[52,50],[78,26],[-6,52],[64,-2],[25,21],[8,123],[40,-21],[42,20],[53,113],[-83,116],[29,65],[-27,12],[29,-5],[63,106],[106,9],[96,109],[179,383],[-21,42],[40,41],[-13,83],[-34,50],[-58,-16],[9,38],[-44,-7],[14,-51],[-18,38],[5,109],[22,23],[-30,33],[42,34],[-20,31],[-38,-3],[24,59],[-20,54],[12,55],[-47,51],[60,125],[112,108],[49,17],[35,61],[-40,77],[5,55],[58,-11],[45,-69],[57,5],[69,51],[36,67],[3,47],[-54,15],[-30,49],[39,9],[42,115],[136,5],[79,39],[15,-27],[14,26],[32,-7],[-9,34],[35,24],[58,-40],[29,80],[101,20],[-11,54],[62,-13],[43,22],[40,-35],[58,99],[64,0],[-15,43],[31,29],[235,36],[64,52],[-6,33],[33,-12],[47,61],[39,9],[25,49],[32,-17],[52,42],[39,-31],[7,37],[54,9],[26,-20],[59,43],[68,10],[11,31],[34,-15],[17,20],[105,-18],[22,-37],[159,-45],[49,37],[-8,48],[43,18],[-30,-21],[69,-12],[35,-34],[-45,14],[5,-40],[-32,1],[30,-40],[11,38],[16,-13],[-21,-21],[26,-11],[-3,-26],[66,6],[3,-42],[20,-2],[9,32],[53,-36],[136,1],[587,290],[49,-15],[60,21],[98,99],[378,183],[208,59],[-34,-23],[112,2],[221,189],[19,37],[-12,61],[62,-28],[106,14],[202,94],[14,55],[22,-4],[68,48],[18,44],[59,28],[-6,28],[54,59],[56,9],[-46,78],[70,5],[-18,34],[72,-15],[32,27],[56,3],[24,70],[47,39],[90,3],[81,78],[127,33],[85,51],[67,-2],[18,36],[358,64],[137,-55],[100,35],[21,34],[110,17],[61,55],[18,0],[2,-33],[102,-1],[111,67],[17,37],[-24,35],[35,27],[-12,-22],[49,-10],[48,61],[45,-37],[51,12],[41,49],[-20,20],[31,9],[7,-20],[91,-12],[39,41],[-22,33],[26,13],[-13,20],[65,-17],[62,31],[10,36],[101,34],[41,-48],[120,84],[36,-13],[-21,-21],[23,-39],[60,-31],[82,46],[132,-62],[94,37],[47,5],[34,-35],[238,46],[-25,-74],[38,-87],[70,-39],[170,-26],[-38,-76],[35,-18],[72,-123],[-31,-38],[8,-41],[-79,-57],[-59,-139],[76,-155],[176,-172],[-18,-43],[39,-71],[17,-120],[-119,-96],[-97,-43],[-200,-45],[-252,-15],[-16,-29],[-31,48],[-35,14],[-9,-23],[-71,60],[-219,-13],[-214,-66],[-40,-33],[2,-46],[-3,46],[-27,-14],[14,-25],[-12,16],[-25,-12],[7,-64],[-49,56],[-84,-79],[-124,-291],[-10,-124],[22,-88],[-94,-89],[-14,-177],[31,-146],[83,-56],[-43,-63],[88,-166],[72,-24],[56,41],[118,34],[4,-53],[-66,-65],[-7,-75],[-96,-24],[-31,-59],[30,-34],[40,15],[18,-15],[86,56],[34,-87],[-83,-96],[-2,-29],[44,-20],[-2,-21],[-31,-29],[-23,9],[-10,-42],[-122,-76],[-19,-118],[-46,-53],[-100,-66],[6,62],[-42,7],[-27,31],[10,26],[-30,4],[-1,-32],[-35,47],[15,-83],[46,-18],[-95,-5],[17,-29],[76,5],[24,-37],[-41,-33],[-72,19],[7,-22],[77,-27],[-3,-51],[-30,-14],[27,16],[-13,34],[-59,8],[-47,-47],[-55,-12],[24,36],[-15,20],[-67,-19],[-23,33],[-14,-37],[-57,10],[-16,-18],[-32,16],[36,55],[-11,33],[-37,-13],[-34,24],[-71,-40],[-9,-29],[-39,-2],[-64,51],[-21,-17],[-29,12],[-23,-30],[-111,34],[-84,-25],[-30,52],[-70,34],[-7,-58],[-21,-10],[46,-26],[-51,1],[-50,14],[7,40],[-41,14],[-28,54],[-34,0],[42,-102],[-5,-34],[-36,4],[-7,-33],[61,-20],[-128,24],[-23,36],[-178,-108],[-2,-20],[-15,16],[-182,-56],[-130,-128],[-118,-31],[-60,-243],[-53,-27],[23,-13],[-7,-53],[39,-27],[-94,-38],[-19,-77],[-137,-62],[-74,-199],[-40,-26],[-18,-135],[39,-87],[-51,-28],[9,-26],[-31,2],[-7,-26],[-53,2],[-31,-84],[-95,45],[-82,-26],[-60,-50],[-84,6],[-121,-29],[92,-36],[-39,-10],[-10,-43],[67,-18],[3,-42],[-86,-28],[9,-55],[-41,-46],[-93,19],[-16,43],[-7,-58],[-83,-75],[-68,7],[-38,88],[-50,11],[-30,77],[-59,36],[-8,33],[-22,18],[-64,-12],[9,37],[-41,17],[-17,46],[-27,-26],[5,-47],[-79,24],[-61,-21],[-27,45],[15,40],[-34,-5],[-11,54],[1,-79],[-24,-14],[-76,79],[-35,3],[23,73],[-38,54],[-46,-6],[18,62],[-36,5],[-76,-62],[149,206],[134,67],[-60,55],[-107,-22],[-31,-33],[-59,4],[-19,-33],[39,-17],[-84,-96],[-25,76],[-49,-52],[-7,70],[-28,-17],[-36,12],[16,48],[-26,-22],[-7,27],[-7,-39],[-53,-14],[-16,58],[-22,8],[-15,-71],[149,-100],[-27,-46],[-71,23],[-27,-41],[-81,20],[-33,35],[-12,79],[-22,-15],[7,-30],[-57,-22],[7,-18],[-66,-67],[9,-14],[55,30],[72,-18],[-11,-86],[63,35],[41,-10],[-13,-49],[105,-100],[-55,-109],[-18,119],[-110,-39],[-14,-55],[-62,54],[-61,-3],[88,-143],[-32,-35],[-67,-20],[-17,-93],[-56,-21],[32,-9],[-4,-19],[-184,-212],[8,-56],[-81,-28],[-14,-89],[-64,-132],[22,-37],[-49,-48],[-41,8],[40,-23],[-19,-60],[69,-86],[17,76],[71,-5],[-35,51],[34,26],[31,-19],[34,16],[33,-87],[40,-10],[2,-21],[50,8],[11,-27],[-20,-69],[-32,-15],[-31,-174],[-25,-23],[0,-125],[-65,6],[-69,65],[-43,-89],[-89,73],[-17,-26],[-51,2],[-23,-97],[-60,9],[-46,-23],[14,-17],[90,17],[6,-102],[-26,-33],[26,-90],[65,-68],[-9,-26],[-77,-9],[-46,-33],[-37,-45],[-9,-74],[103,-30],[110,-72],[188,-27],[24,99],[111,-44],[58,39],[22,59],[31,-9],[-33,102],[54,96],[53,21],[36,-19],[32,29],[22,-27],[105,-26],[35,-40],[50,30],[41,-4],[88,-58],[40,2],[-81,-78],[-37,-1],[16,-113],[32,-46],[174,-26],[52,22],[104,-25],[-58,-138],[-29,15],[-8,-42],[231,-164],[54,23],[-21,70],[16,8],[23,-38],[13,27],[22,-3],[-1,-35],[47,-3],[-16,-55],[51,23],[-12,39],[18,13],[23,-14],[48,33],[-17,-15],[24,-16],[4,26],[33,5],[-20,43],[-36,-24],[-31,46],[87,51],[21,4],[53,-76],[67,30],[32,96],[-79,25],[20,54],[-16,5],[22,58],[1,-43],[35,53],[12,70],[47,5],[17,-56],[-2,83],[-26,45],[25,18],[52,190],[63,33],[23,79],[99,38],[27,59],[60,-59],[104,73],[12,-22],[101,14],[30,-21],[74,29],[-16,-62],[-39,-39],[9,25],[-34,11],[-40,-44],[10,-80],[37,-23],[-33,-211],[55,-116],[-22,-32],[16,-41],[-25,-43],[5,-66],[-50,-65],[20,-17],[-3,-74],[-63,-261],[79,-283],[-33,-86],[16,-13],[-49,-31],[17,-11],[-21,-11],[14,-129],[91,-130],[-14,-67],[-57,-67],[36,-110],[-14,-60],[88,-135],[-15,-55],[-50,-37],[-3,-50]],[[193419,212512],[21,-50],[64,61],[-9,73],[62,15],[20,-25],[-11,-64],[72,-32],[6,44],[35,15],[-8,30],[135,-28],[29,24],[-2,48],[187,-112],[-14,51],[-126,84],[23,53],[-15,60],[82,-40],[69,-98],[48,50],[63,18],[32,-64],[3,-77],[69,-55],[81,1],[13,-67],[57,7],[44,32],[8,94],[48,-36],[41,18],[-23,33],[40,7],[79,-33],[30,45],[3,47],[-25,21],[35,52],[6,103],[95,81],[15,47],[51,22],[49,-3],[32,-62],[35,-12],[-8,-66],[79,-31],[5,-52],[-6,37],[-18,-3],[-5,-41],[72,-81],[-88,-7],[-66,-64],[11,-21],[-38,-44],[-7,-42],[48,-108],[85,-30],[-7,-57],[-31,2],[35,-42],[-18,-33],[-68,-25],[-38,-42],[-60,13],[-98,-30],[-34,9],[-75,-89],[-34,53],[-27,-30],[-72,-2],[-15,14],[32,58],[-24,16],[-24,-36],[-33,-5],[-5,88],[-31,-26],[-22,21],[45,-128],[-25,-9],[-43,34],[-18,57],[-68,13],[-212,-190],[-62,-160],[-39,41],[-39,-31],[-40,101],[-50,8],[-86,-37],[-158,-177],[-16,29],[28,29],[-8,114],[-51,39],[20,39],[-54,81],[6,47],[-51,26],[-23,62],[-52,47],[-145,29],[-52,133],[-56,16],[-48,-24],[-44,23],[6,81],[-66,38],[26,59],[25,-8],[10,25],[-9,21],[-37,-23],[-17,25],[-3,84],[40,-13],[34,42],[-16,-36],[33,-41],[6,37],[36,8],[5,48],[69,-32],[-11,-38],[23,-36],[72,-40],[21,18],[35,-46],[-51,-41],[-13,-150],[18,-34],[31,-1],[9,59],[22,-38],[53,33],[-11,66],[37,39]],[[146934,167234],[-32,50],[35,9],[-4,32],[62,61],[22,-55],[57,-16],[28,32],[7,76],[42,-1],[34,32],[55,-33],[0,-46],[-92,-12],[-50,-116],[-60,-14],[-39,-39],[-65,40]],[[146402,167664],[-187,94],[-6,61],[62,77],[40,9],[29,-29],[-17,-21],[39,-6],[43,35],[-50,12],[36,3],[0,27],[44,2],[27,54],[-6,-31],[27,-4],[18,116],[58,-7],[7,22],[65,-28],[69,-121],[6,38],[30,-16],[43,29],[6,-47],[-36,14],[-22,-46],[-19,14],[-33,-21],[1,-60],[-75,-115],[4,-45],[47,-31],[46,20],[46,-28],[66,31],[-32,-38],[36,-66],[-19,-53],[-150,31],[-39,-38],[-124,115],[-49,-13],[-31,60]],[[146184,167889],[-38,-9],[-39,57],[4,58],[-57,99],[14,41],[-19,21],[102,-6],[60,76],[3,-41],[25,-7],[16,94],[25,27],[72,4],[-35,-51],[22,-38],[-44,-33],[44,-151],[-70,-15],[-24,-67],[-61,-59]],[[156990,173037],[-25,15],[-68,-40],[-113,8],[-6,19],[72,43],[6,43],[-30,3],[-7,-31],[-36,-1],[-29,-33],[-69,69],[32,73],[-6,57],[52,12],[65,-72],[20,3],[11,38],[-27,60],[104,90],[57,11],[191,-50],[98,-174],[68,-40],[50,36],[71,108],[48,-9],[167,-214],[-7,-24],[-54,-22],[-14,-52],[-23,62],[-41,7],[-3,61],[-38,3],[-4,-36],[-29,-12],[-76,63],[-32,-19],[-14,-48],[30,-22],[-2,-41],[-118,-23],[-22,38],[-26,-28],[-25,35],[-34,2],[12,41],[-17,19],[29,19],[-49,19],[-15,56],[-56,-45],[16,-70],[-84,-7]],[[155293,171491],[-4,-45],[53,-15],[110,40],[38,56],[127,20],[20,21],[42,-22],[-100,-143],[-50,-25],[-85,-12],[-46,26],[-63,-49],[-11,17],[-56,-31],[-85,2],[-24,23],[5,46],[45,55],[84,36]],[[156566,172873],[-47,14],[4,-25],[-28,-18],[16,-29],[-47,-11],[44,-28],[-58,-28],[-33,5],[-8,29],[-54,5],[63,30],[-81,23],[9,60],[43,45],[-41,59],[115,25],[69,-13],[8,-22],[-32,-33],[94,-30],[34,-36],[6,-48],[-45,-16],[0,32],[-31,10]],[[156264,172568],[21,-60],[-18,-45],[-98,14],[-57,-60],[-13,30],[-30,4],[-71,-62],[-91,107],[24,36],[60,3],[25,-27],[0,-62],[40,126],[89,-19],[78,29],[4,-22],[37,8]],[[156306,172584],[-35,-14],[-29,24],[66,19],[-4,40],[46,5],[27,-41],[11,58],[37,41],[67,-24],[49,-75],[33,4],[1,24],[14,-34],[15,26],[51,7],[15,-31],[-57,-74],[-27,16],[-79,-53],[-77,80],[-61,-36],[-15,29],[-48,9]],[[149707,168464],[71,16],[30,-84],[-57,-11],[-42,-42],[-82,19],[-28,33],[7,60],[-32,29],[-2,64],[39,7],[22,-61],[74,-30]],[[149108,169272],[-18,-47],[-67,26],[-8,-23],[-215,79],[4,161],[177,-1],[179,-65],[38,-148],[-90,18]],[[148395,169732],[136,3],[-12,-224],[-205,2],[3,182],[78,37]],[[145998,168536],[35,-7],[42,55],[54,-25],[18,55],[40,-35],[37,24],[-35,-61],[16,-32],[-145,-76],[-40,16],[-39,-21],[17,107]],[[157335,173267],[-31,105],[-101,88],[-139,15],[-54,29],[-64,-9],[-17,38],[4,-50],[-98,-20],[-36,-66],[-31,12],[-24,52],[-78,-5],[38,-30],[4,-57],[-71,-33],[-13,83],[-32,-15],[-42,35],[58,-87],[14,-76],[-23,-55],[-233,-11],[-109,-51],[-29,49],[-100,48],[-8,-36],[-77,26],[-41,-14],[47,55],[52,2],[-45,127],[-107,-20],[-6,29],[3,-32],[-6,31],[-38,-28],[-88,25],[-51,-22],[-55,7],[-239,121],[-10,17],[23,22],[-25,42],[-4,-38],[-41,-4],[-45,-58],[2,-58],[34,31],[110,-22],[82,-66],[128,-51],[-4,-63],[-111,-33],[-25,20],[-34,-30],[29,-12],[0,-38],[42,7],[4,-43],[43,-4],[48,42],[54,-9],[4,-24],[46,36],[31,-17],[-232,-139],[113,51],[18,-19],[159,0],[-6,-29],[67,54],[69,18],[7,42],[100,0],[2,-74],[82,-74],[8,-42],[37,-5],[4,-29],[-35,1],[-6,-28],[12,-30],[25,10],[-49,-49],[-52,81],[4,-81],[-34,-58],[-126,3],[18,-61],[-130,-68],[-77,28],[-1,-26],[33,-22],[88,3],[25,-29],[-52,-2],[10,-52],[-31,-29],[-53,-2],[-3,-44],[-111,10],[-13,27],[20,24],[-25,-23],[-4,-40],[47,-52],[-12,-16],[58,21],[-14,-59],[-56,31],[-62,-80],[-15,20],[-107,7],[-37,34],[30,-31],[-13,-30],[102,-63],[-89,-68],[-26,-34],[15,-18],[-38,-20],[-74,6],[7,38],[-48,-13],[-33,69],[-22,-15],[2,-41],[-21,15],[-5,-28],[-54,2],[-11,-34],[29,-22],[7,17],[42,-271],[-20,-39],[32,-14],[36,18],[19,68],[53,17],[14,-69],[29,-20],[-118,-23],[-18,-96],[-36,-11],[-22,-98],[-42,-27],[-2,-35],[-46,-7],[-75,70],[-21,-24],[-30,16],[10,-19],[-27,6],[15,12],[-47,-23],[-87,26],[16,35],[-33,-32],[9,-87],[-79,-65],[-50,96],[-18,-15],[-33,67],[29,-67],[-28,-5],[47,2],[16,-23],[-60,-55],[15,-67],[38,-20],[3,-48],[-64,-44],[-92,22],[-71,-71],[-3,-60],[-25,-23],[-22,19],[-64,-24],[-79,34],[-62,-13],[-95,-113],[-148,-39],[-57,58],[19,30],[24,-8],[-23,12],[-19,-20],[-56,27],[-123,-42],[-121,13],[-83,37],[-18,68],[10,66],[27,12],[-31,2],[64,120],[42,-20],[20,45],[26,0],[-6,47],[-81,0],[-61,-63],[-23,31],[-48,-44],[31,-36],[-45,-52],[-45,26],[17,46],[-52,167],[-109,-3],[-17,-69],[-45,-26],[11,-36],[-13,36],[-140,55],[-321,61],[-205,-110],[32,5],[-9,-28],[28,-40],[-25,-17],[-28,40],[2,-26],[-38,3],[48,-44],[-57,3],[-48,39],[-79,-64],[-153,-32],[-68,96],[-40,-27],[11,-18],[-58,-14],[51,-73],[66,28],[-90,-44],[155,-162],[36,11],[6,35],[-25,17],[36,39],[48,-17],[-31,19],[132,70],[185,13],[61,-35],[0,27],[68,3],[20,-25],[70,-6],[21,34],[10,-15],[83,62],[24,-14],[102,31],[116,-3],[-24,0],[30,-29],[1,21],[53,-12],[11,-25],[-35,-18],[46,-71],[38,20],[43,-70],[6,-59],[-28,-18],[23,-34],[-28,-9],[36,5],[79,-63],[-107,-8],[-100,-70],[-37,-121],[39,-42],[-23,8],[17,-14],[-20,5],[-3,-49],[56,-13],[-67,-19],[-9,-29],[8,-31],[45,0],[-13,-35],[-32,-4],[-44,44],[-28,-13],[-37,-53],[13,-56],[-21,-25],[6,17],[-52,-22],[-30,31],[19,34],[-32,47],[-13,-29],[-51,28],[7,-19],[-8,18],[-20,-16],[-48,-70],[-50,2],[-78,-195],[78,-63],[-62,-11],[-14,-44],[32,-19],[-1,-63],[24,-29],[42,8],[-15,-40],[55,9],[23,-24],[-53,-80],[-49,74],[-88,39],[-74,190],[-119,44],[-148,-42],[-127,-123],[40,-65],[-56,-16],[-30,-81],[13,31],[64,-18],[-21,-68],[-52,-55],[38,-72],[54,-22],[-12,-17],[36,-67],[-51,-50],[-57,51],[11,-67],[-5,24],[-38,8],[18,-42],[-42,0],[-1,39],[-37,3],[-16,-105],[-3,26],[-36,0],[24,-46],[-137,-67],[-14,-43],[20,3],[-14,-23],[18,3],[5,-32],[-62,-14],[-4,-21],[33,-12],[-18,-8],[7,-55],[24,15],[-9,-28],[26,19],[64,-100],[-14,-54],[-79,-1],[65,-4],[26,-51],[-83,-26],[-6,-42],[-29,-15],[-27,5],[-11,50],[-15,15],[-17,-16],[-10,40],[-30,-7],[-4,22],[-22,-47],[54,-33],[-18,-29],[-116,-18],[-74,45],[-8,-27],[-81,14],[-135,92],[-51,-21],[-181,4],[-197,179],[-59,8],[-36,-23],[-43,53],[-82,-8],[-47,8],[1,16],[-96,-31],[-57,43],[43,32],[-27,-15],[-15,34],[-37,-6],[-16,-17],[16,-31],[-30,-18],[-18,92],[-36,-22],[21,7],[11,-31],[-45,-46],[-85,-25],[-23,14],[9,-23],[-34,-19],[-31,18],[37,-60],[-31,-25],[-59,26],[-17,-14],[75,-44],[-86,12],[18,-23],[-21,7],[-15,-44],[40,6],[5,-92],[-21,-43],[31,-148],[30,-1],[10,-43],[52,-30],[57,-105],[-66,38],[-71,-1],[-92,75],[5,-17],[-54,26],[-86,-19],[-68,57],[-56,-66],[-79,67],[-11,95],[-130,160],[-7,30],[61,20],[-16,67],[-96,3],[-5,156],[-43,7],[-7,-43],[-46,4],[-8,-30],[4,99],[-18,-97],[7,68],[-25,6],[67,44],[-23,-11],[-25,19],[-16,-21],[-13,17],[50,160],[-125,29],[-32,27],[-78,191],[9,130],[30,43],[-88,91],[9,120],[-25,-2],[-8,-26],[-31,-400],[-105,7],[-55,23],[-2,23],[0,-23],[-23,6],[0,49],[-37,0],[-1,-121],[251,-94],[86,-325],[-44,-11],[-97,76],[-38,153],[-185,68],[-176,0],[17,626],[-200,1],[-1,-64],[-20,41],[-140,-14],[-9,-24],[77,8],[90,-61],[-3,-121],[-88,2],[-4,-89],[-190,6],[2,88],[75,33],[19,-18],[1,19],[-3,57],[-99,-10],[-13,131],[-17,-17],[-14,34],[-3,68],[53,140],[-13,20],[-85,-167],[-5,-80],[38,-27],[-8,-79],[-76,25],[-38,-75],[-27,5],[-92,-69],[37,-47],[-41,-56],[13,-30],[-100,20],[-43,-15],[-4,-46],[-60,20],[-85,-11],[-60,-57],[-27,-81],[-57,-37],[-15,51],[-99,19],[-100,-7],[-54,-37],[4,-33],[-67,-6],[-62,-129],[101,-111],[46,-1],[34,-33],[-73,-25],[-35,-43],[-27,23],[-185,-3],[-34,-80],[-232,41],[-39,-44],[-96,-42],[-130,-25],[-140,146],[-8,112],[-70,26],[7,-61],[-28,-2],[-58,59],[8,50],[-52,114],[21,26],[-31,-6],[-91,116],[16,45],[-67,-13],[-26,96],[-22,-63],[-98,72],[-61,121],[-39,20],[-21,-13],[62,-72],[-9,-37],[145,-101],[121,-153],[89,-178],[52,-42],[12,-69],[104,-31],[15,-52],[-46,-164],[38,-66],[-47,-45],[-133,-34],[-72,48],[2,-20],[-27,-3],[-3,20],[-41,-16],[-39,17],[-89,-123],[-81,-50],[-88,23],[-25,-15],[-44,28],[-33,-24],[17,-10],[-40,1],[-6,151],[125,56],[16,33],[77,16],[19,45],[-83,98],[-51,-50],[-9,13],[-239,-150],[-90,2],[-13,370],[-83,2],[-33,45]],[[164126,159146],[77,92],[36,-21],[-27,-71],[18,-41],[-65,-48],[40,-47],[-135,-55],[-62,69],[26,-19],[-18,19],[47,56],[1,42],[17,-5],[-41,21],[86,8]],[[161024,164882],[-14,61],[39,46],[25,-19],[151,8],[100,74],[65,-25],[-1,-64],[-79,-33],[-16,12],[34,29],[-43,17],[-48,-58],[36,-30],[81,-9],[67,88],[54,-13],[41,130],[-19,11],[-29,-27],[-41,36],[-7,-22],[-32,11],[-24,66],[22,78],[43,20],[-31,22],[13,25],[91,-17],[49,26],[37,-19],[74,22],[47,22],[-24,4],[6,42],[93,41],[-9,-57],[-92,-136],[20,-52],[-89,-103],[-13,-62],[28,32],[-78,-157],[-14,-296],[-27,-42],[-30,3],[-23,74],[-66,61],[-70,6],[-103,64],[-12,-17],[-132,50],[-50,77]],[[161410,165324],[-32,-16],[-23,19],[-24,-48],[-29,-10],[21,72],[-22,0],[-128,-135],[-1,-86],[-33,22],[-1,-53],[-83,-66],[-19,58],[22,12],[-11,66],[45,10],[0,54],[-57,18],[-22,77],[52,71],[21,97],[94,53],[81,102],[114,-27],[24,-33],[28,-74],[-42,-49],[13,-42],[43,-10],[-29,-30],[-2,-52]],[[159702,155735],[62,-58],[36,4],[0,28],[66,12],[-49,-63],[10,-38],[-79,-74],[-129,63],[-53,-13],[-30,53],[96,-10],[-72,78],[34,78],[48,-11],[16,-57],[44,8]],[[161850,159342],[71,0],[-8,61],[74,4],[22,-31],[42,3],[-20,-49],[46,-33],[-43,-18],[-32,17],[-4,-25],[33,-18],[46,14],[-45,-18],[-37,19],[-61,-92],[-75,6],[2,35],[-49,40],[38,85]],[[148203,159633],[22,69],[54,32],[36,-9],[125,91],[-2,85],[-45,79],[42,103],[60,11],[81,97],[38,1],[-68,153],[-137,11],[11,106],[52,25],[21,59],[65,14],[52,43],[31,33],[4,52],[-79,131],[73,122],[-79,48],[-12,-23],[-38,10],[2,66],[-39,26],[53,100],[-40,44],[13,67],[-26,16],[-72,-10],[31,173],[46,33],[20,74],[50,45],[-9,56],[-29,8],[-48,80]],[[148462,161754],[168,4],[26,36],[98,48],[118,-42],[167,113],[23,44],[-16,84],[18,102],[46,43],[35,81],[64,17],[95,81],[112,55],[141,125],[63,90],[13,64],[58,42],[57,-12],[60,50],[21,61],[60,12],[61,-35],[64,2],[-24,-42],[106,-94],[226,58],[50,-17],[33,27],[-22,93],[69,104],[-25,76],[16,37],[155,76],[58,-41],[53,-4],[111,68],[65,82],[50,17],[80,-10],[38,-73],[95,16],[261,115],[106,-117],[43,-4],[110,59],[148,163],[134,26],[98,-10],[-20,-123],[27,-52],[67,-47],[-8,-118],[24,-37],[39,-1],[111,-66],[38,-35],[-8,-45],[21,-18],[120,-9],[52,-141],[43,35],[50,-4],[87,42],[115,-76],[104,43],[12,95],[106,91],[150,-36],[74,10],[23,36],[-31,75],[37,20],[41,69],[121,56],[29,152],[112,123],[41,8],[57,-34],[58,-82],[129,27],[12,47],[102,87],[101,-34],[78,-65],[55,-7],[281,60],[40,31],[45,-21],[60,67],[40,12],[36,92],[92,73],[-22,230],[-31,57],[25,50],[51,8],[40,53],[37,111],[162,36],[18,35],[59,4],[140,115],[1,-28],[50,15],[11,-24],[15,18],[14,-24],[69,-1],[15,-31],[120,-8],[47,59],[84,-46],[158,60],[67,58],[83,-35],[22,49],[157,-19],[54,17],[51,-32],[47,29],[54,-5],[75,54],[82,-5],[103,-35],[51,-74],[115,54],[92,-11],[78,-170],[41,29],[106,7],[28,61],[56,42],[190,-66],[78,39],[141,-52],[53,187],[25,23],[79,0],[158,-95],[120,-124],[101,6],[34,-115],[113,-25],[89,68],[34,2],[67,-86],[56,-17],[1,-39],[39,-36],[73,17],[81,129],[109,41],[7,156],[-46,16],[-19,68],[137,128],[-16,49],[38,90],[-7,134]],[[158971,164925],[173,-38],[67,29],[192,22],[79,40],[46,52],[-4,15],[-41,-40],[41,50],[79,67],[139,69],[137,24],[489,8],[86,-45],[153,-34],[91,59],[36,-5],[12,-38],[35,34],[15,-35],[16,36],[27,-46],[-19,-21],[25,23],[-6,37],[-38,47],[-54,6],[-32,37],[4,70],[63,57],[224,37],[40,-34],[-58,-86],[14,-70],[46,-60],[-88,-189],[-36,-3],[48,-130],[-51,-45],[54,18],[123,-118],[248,-85],[171,-157],[119,23],[121,-30],[-110,-241],[-262,-365],[-18,12],[22,34],[-51,71],[-115,-16],[-19,-44],[154,-101],[84,14],[-7,-52],[99,-20],[-31,-138],[-98,9],[-8,-35],[-43,-3],[-5,-41],[-45,16],[-79,-146],[-25,-136],[16,-18],[-29,19],[-30,59],[-3,39],[20,-1],[15,31],[-17,-22],[-3,32],[-62,-25],[48,-220],[46,7],[47,-61],[-45,92],[26,15],[18,-28],[47,7],[-49,-167],[3,-28],[41,-3],[-31,0],[-23,-44],[-91,-246],[37,-49],[-22,12],[0,-48],[-35,4],[1,-34],[-15,11],[-22,-37],[24,-9],[26,53],[-7,10],[38,-1],[14,35],[-18,-48],[106,-73],[-46,-101],[2,-80],[-3,78],[-50,22],[-24,-50],[-39,12],[-14,-35],[11,30],[-79,38],[-11,-26],[-140,44],[-23,-31],[4,-35],[25,4],[-13,-14],[95,3],[72,-46],[-25,-81],[-44,16],[8,59],[-44,-148],[24,29],[25,-7],[1,-47],[28,97],[44,-15],[-30,-99],[41,10],[21,66],[-14,-56],[33,-10],[33,111],[-17,6],[19,-5],[0,-2],[-34,-111],[-35,10],[-3,-11],[-39,-11],[-24,5],[-114,43],[4,36],[-12,-33],[-33,11],[-28,-38],[-29,24],[-35,-1],[53,-16],[7,-21],[-23,-1],[100,-62],[66,18],[19,30],[35,-60],[107,11],[3,-35],[-97,-16],[-8,-48],[69,-72],[67,-23],[-6,-51],[39,-28],[-67,-42],[-58,10],[6,-64],[-44,-19],[46,-17],[-17,-64],[33,15],[81,-54],[-30,-32],[57,-54],[79,-35],[80,30],[22,-21],[-68,-63],[-49,16],[-1,-23],[43,-5],[-2,-16],[57,16],[56,-16],[28,16],[-26,8],[72,41],[17,-28],[-43,-36],[21,-35],[77,38],[-42,78],[16,9],[58,-14],[10,-28],[17,6],[-8,-24],[25,16],[-42,37],[11,27],[-22,18],[49,-10],[-44,79],[-55,8],[-5,-17],[12,101],[77,27],[119,-64],[102,-171],[141,-344],[173,-253],[20,27],[160,-36],[134,-118],[39,2],[-48,-86],[88,-127],[34,-3],[32,-101],[20,-3],[-12,-31],[31,-69],[-92,-113],[3,-43],[21,-1],[-8,-18],[-15,18],[0,-23],[27,-4],[3,30],[13,-41],[-32,-10],[-41,-62],[18,-53],[-168,-109],[-46,-96],[7,-32],[-87,-64],[-14,-51],[21,-14],[-54,-32],[13,-32],[-30,9],[34,61],[-17,45],[-40,-12],[7,-18],[-38,8],[-25,-99],[-70,7],[-14,30],[-65,1],[-14,-32],[74,-61],[-123,-75],[31,0],[-57,-9],[-72,77],[-13,-25],[24,-36],[-16,15],[7,-18],[-71,-30],[-36,53],[-20,-35],[28,13],[12,-39],[-37,-6],[2,28],[-25,-19],[18,-9],[-23,-44],[-16,11],[0,-54],[-77,-104],[76,-4],[39,39],[43,1],[6,71],[104,46],[-15,-29],[16,-27],[-34,-16],[23,-27],[-26,-38],[15,-42],[-35,-42],[62,3],[23,-23],[-20,8],[-109,-97],[5,-37],[51,-16],[63,9],[15,26],[64,-6],[49,69],[36,-19],[8,-54],[23,-12],[18,78],[38,2],[39,-78],[64,102],[32,-2],[-16,-46],[41,-11],[30,78],[22,-28],[42,29],[24,-21],[20,47],[18,-22],[29,14],[12,-66],[51,7],[20,28],[88,-38],[71,41],[120,-36],[41,-54],[-214,-56],[-39,22],[-5,-24],[-36,-6],[-36,23],[-72,-69],[-36,14],[-56,-46],[1,-41],[-77,5],[-12,-31],[26,-31],[49,1],[88,47],[62,-24],[50,22],[-6,27],[42,23],[150,-33],[62,30],[11,-61],[39,-15],[35,54],[60,2],[74,79],[82,1],[50,39],[36,-33],[-8,-46],[92,-56],[-52,-44],[-129,-32],[-110,-93],[-104,7],[-38,-62],[-279,-126],[-46,4],[-88,-113],[-84,11],[-98,-67],[-66,-23],[-30,19],[-259,-205],[-73,16],[-37,-32],[1,18],[-23,-5],[19,-20],[-16,-56],[28,-30],[-20,-30],[-78,96],[-48,-27],[-28,26],[-141,1],[-40,-97],[-58,28],[-58,-47],[16,-52],[-111,-68],[3,-129],[-89,13],[-39,89],[26,34],[-23,19],[67,15],[-19,18],[-72,-46],[12,-23],[-24,-37],[-47,-18],[-13,49],[-57,10],[-30,-45],[26,-79],[-13,-28],[-50,-12],[-63,37],[22,22],[-19,9],[-8,-57],[-30,-3],[5,-43],[35,2],[-13,-38],[49,-53],[-40,-29],[-18,-132],[-58,-39],[19,-27],[-26,-17],[22,-34],[-34,-62],[17,-4],[-44,-11],[5,20],[-37,26],[-38,-24],[-54,13],[43,57],[-41,70],[-29,-10],[-21,-97],[-30,-2],[8,23],[-42,20],[-44,-22],[-43,-100],[6,-51],[52,-41],[-38,-16],[30,-39],[-11,-41],[-112,-57],[4,-18],[-51,-23],[-39,-58],[-106,-40],[-15,-30],[-49,9],[2,-66],[-32,18],[-39,-32],[7,-24],[-48,-22],[-23,31],[-32,-6],[-21,-78],[-65,19],[-7,-23],[-95,-19],[6,-32],[-62,-5],[28,-39],[-45,-31],[-53,1],[-103,-70],[-120,-35],[-27,-41],[-144,-69],[-14,-40],[-69,3],[-70,-117],[-9,36],[-45,-48],[-116,16],[-65,-55],[-8,60],[21,6],[-89,20],[-26,-16],[4,-63],[-28,-22],[16,-48],[-48,-30],[-55,-7],[0,26],[-31,-1],[-47,64],[-35,-8],[-26,-59],[-37,20],[-28,-44],[21,-17],[-3,-49],[-101,0],[34,-39],[-69,-27],[12,-34],[-30,-41],[-97,-43],[-31,-49],[15,-52],[-39,-11],[3,26],[-55,17],[-28,-33],[25,-40],[-64,30],[16,-45],[-60,-19],[2,-50],[32,-13],[59,14],[93,-19],[52,24],[141,-34],[-22,-61],[-43,8],[-28,-20],[-13,-53],[16,-14],[-80,-21],[-149,-134],[-71,-138],[19,-69],[-39,30],[-4,-19],[-48,2],[110,-27],[-8,-47],[-249,-60],[-166,3],[-29,-32],[28,-28],[109,34],[177,0],[128,-54],[-158,-33],[-167,-1],[-91,20],[-59,46],[-78,-24],[-25,34],[-56,-15],[-11,-36],[36,-29],[-51,-22],[-56,12],[-43,-88],[-2,-131],[33,-12],[-88,-16],[114,-7],[-4,-87],[34,36],[36,-23],[-7,-19],[34,-2],[-52,-30],[3,-39],[-34,-37],[36,-25],[12,24],[26,-6],[16,-53],[36,-19],[-11,-33],[26,-33],[-53,-11],[-43,32],[17,9],[-30,49],[34,4],[-29,19],[-5,-15],[3,32],[-51,-34],[-64,23],[1,53],[-31,-25]],[[157113,154225],[-13,63],[24,22],[-78,22],[-10,-22],[-52,-12],[-9,75],[-84,8],[-109,45],[-45,-25],[-68,18],[-43,-92],[-113,30],[-56,-56],[-120,-7],[-111,52],[-52,-65],[-5,26],[-108,69],[-35,79],[-118,78],[-93,-10],[-195,-93],[-62,6],[32,111],[-41,90],[-65,29],[-12,53],[23,39],[-53,117],[-82,89],[-35,-3],[-79,51],[16,42],[-20,39],[78,85],[-47,37],[-110,15],[-54,37],[-65,-17],[-53,88],[38,97],[-77,65],[27,66],[176,68],[91,106],[112,42],[76,73],[-178,137],[56,67],[-88,148],[51,71],[44,19],[-16,130],[-150,62],[-223,-51],[-168,99],[-30,47],[-101,32],[-85,-16],[-78,16],[-114,-38],[-89,16],[-57,-35],[-69,10],[-323,-71],[-124,38],[-20,49],[112,68],[-17,31],[17,104],[28,53],[46,23],[-70,134],[46,160],[-30,77],[-61,18],[-6,92],[-32,38],[-17,119],[-23,15],[42,180],[-19,35],[16,20],[-11,247],[-39,57],[-70,16],[-59,63],[11,150],[-82,48],[-104,122],[8,47],[43,46],[-2,87],[-56,131],[-84,-16],[-46,-44],[-149,-47],[-206,-12],[-105,114],[-36,184],[-33,22],[-143,-71],[-207,-29],[-34,-21],[2,-31],[-88,-41],[27,-85],[-4,-133],[-73,-190],[-86,-75],[-226,24],[-11,-34],[-63,-11],[-85,-108],[-74,65],[-92,-19],[-110,177],[-85,-32],[-63,39],[-143,13],[2,65],[-87,150],[-135,146],[-38,100],[-126,48],[-85,126],[-77,-21],[-60,12],[-148,-120],[-121,11],[-38,-27],[-97,18],[-147,-20],[-41,100],[-29,-21],[-107,19],[-35,-39],[-101,6],[-130,-61],[-118,5],[-98,95],[-1,60],[-37,57],[-127,20],[-131,-29],[-167,39],[-80,-31],[-55,37],[-41,70],[-106,3],[-85,48],[-49,-15],[-41,36],[-15,56],[-93,27],[-10,41],[-40,31],[-29,186]],[[131890,142060],[78,68],[-13,43],[33,28],[108,-40],[69,2],[-19,-43],[-60,-20],[-1,-39],[42,-5],[-17,-31],[-60,19],[-136,-28],[-24,46]],[[157113,154225],[-24,-50],[-34,23],[21,12],[-17,30],[-14,-36],[-53,4],[53,-14],[-5,-54],[51,-27],[-98,-15],[-16,28],[-51,-12],[8,-27],[-30,-22],[32,6],[19,-21],[-57,-50],[22,-17],[-21,-25],[-69,-22],[-27,-94],[7,-58],[81,-29],[-36,-13],[14,-23],[-67,-27],[-171,-201],[-28,-60],[3,-66],[-18,29],[-19,-54],[23,3],[-51,-20],[-62,-76],[-3,-35],[-42,-16],[-89,-185],[-111,-161],[-22,-85],[12,-138],[-394,-763],[-31,-115],[39,-24],[-34,19],[8,-50],[-16,-7],[-21,55],[18,-58],[45,15],[-16,-13],[14,-24],[-20,14],[31,-49],[-10,-102],[-20,-80],[-88,-141],[-5,-119],[-48,-93],[22,-41],[-46,-51],[-11,-198],[-23,-41],[14,-131],[-7,33],[-31,-122],[-33,-33],[-14,-196],[-52,-101],[9,-66],[-22,-66],[-6,31],[-10,-19],[12,-230],[-44,-321],[21,27],[-62,-220],[-64,-82],[-64,60],[-72,198],[12,23],[-42,74],[4,42],[-10,-20],[-19,11],[7,-52],[-25,73],[-27,-7],[30,-51],[-22,-26],[11,35],[-30,56],[26,15],[-90,146],[-42,64],[-21,9],[-24,30],[-24,11],[-25,-9],[-13,6],[39,9],[31,-18],[56,-49],[14,16],[-91,55],[36,-7],[-10,17],[-58,-8],[-4,59],[-45,38],[-5,46],[-108,45],[-144,19],[-34,-13],[-22,-48],[-105,-22],[-48,73],[35,95],[-7,88],[-47,201],[-55,102],[-295,145],[-66,82],[-125,248],[-192,184],[-135,46],[-54,-21],[-30,15],[4,41],[-46,45],[-3,54],[12,62],[-5,-51],[40,37],[-21,50],[31,125],[-92,300],[-88,68],[-124,52],[16,34],[1,-21],[38,-6],[-17,9],[13,23],[-37,3],[7,13],[-30,15],[1,-53],[-33,9],[-5,-27],[3,36],[-22,14],[-278,91],[-119,108],[-154,74],[-178,47],[-54,44],[26,-5],[7,8],[23,-34],[-23,49],[-10,-16],[-22,35],[-65,43],[-114,213],[-3,107],[33,3],[12,63],[-136,214],[-487,179],[-139,25],[-45,-16],[48,28],[37,-14],[-36,27],[-87,-5],[-20,21],[-4,-27],[63,-17],[-83,17],[5,36],[-515,57],[-74,30],[-41,77],[-68,20],[-674,48],[-124,-36],[-73,19],[-81,60],[-101,16],[9,77],[-64,42],[37,-24],[26,42],[32,-29],[11,15],[-20,29],[-16,-9],[3,45],[-25,-12],[-87,84],[-247,32],[-95,-27],[22,27],[-24,-13],[-21,29],[13,-23],[-16,-7],[-354,-37],[-7,31],[-57,-13],[44,-6],[-3,-29],[-42,20],[-302,-51],[-707,-155],[-332,-91],[1,-31],[-32,8],[26,-40],[-61,-75],[-34,-3],[-23,70],[-52,-11],[-119,-121],[-13,-47],[-81,-14],[-33,49],[63,79],[-33,48],[63,3],[-1,-20],[56,68],[8,46],[-20,61],[-45,11],[29,43],[-12,43],[2,-19],[-26,0],[-2,-81],[-49,1],[6,154],[21,73],[88,16],[-52,-3],[-11,26],[32,30],[-23,46],[-46,12],[-76,-17],[4,-47],[-24,-11],[-88,33],[14,-40],[-25,-25],[130,-22],[5,-59],[-13,-38],[-170,-66],[-32,-38],[8,-27],[41,-12],[-50,-51],[38,-13],[71,-115],[80,-19],[-43,-70],[28,-32],[-16,-26],[21,-40],[12,29],[63,-58],[43,45],[144,35],[66,-2],[-72,-4],[-4,-45],[-37,-44],[-426,-143],[-403,-179],[-143,-108],[6,-17],[43,12],[-285,-96],[-120,-81],[-89,-29],[-187,-124],[-4,-45],[-44,64],[-49,-1],[-15,44],[-113,-32],[-92,-202],[-66,-7],[-103,55],[20,142],[-83,-1],[-13,-92],[-48,15],[-48,-22],[-71,71],[-18,-17],[14,-59],[-49,36],[-54,4],[-33,-47],[70,-5],[5,-69],[26,31],[70,-9],[-35,-118],[-62,25],[-26,-40],[-29,-2],[16,-29],[-37,-3],[-11,-23],[-47,12],[2,-26],[-20,-3],[-47,25],[23,23],[-10,38],[-115,-24],[-36,-29],[-33,26],[-78,0],[-18,-44],[-46,12],[3,-35],[-49,-81],[-137,-43],[-4,-42],[-28,7],[67,-30],[24,23],[133,1],[-25,-27],[12,-27],[22,12],[-6,-30],[-85,-40],[25,-26],[70,21],[23,-31],[46,82],[-30,34],[35,55],[-32,54],[17,0],[-6,45],[23,24],[34,1],[1,-54],[66,11],[-12,-58],[41,-13],[-30,-44],[27,-28],[15,32],[40,-75],[23,52],[-21,117],[64,15],[-14,-30],[70,-55],[13,22],[-22,50],[28,-7],[-6,49],[35,-6],[3,20],[48,-60],[-10,-22],[51,-91],[17,24],[-35,109],[42,93],[22,-71],[60,10],[-54,49],[45,39],[24,-7],[-13,80],[39,-4],[50,91],[54,-46],[-15,-31],[36,-17],[13,-72],[71,15],[45,-57],[18,0],[-2,39],[31,-10],[-8,76],[54,-5],[6,21],[61,16],[0,18],[-43,2],[23,55],[37,-8],[58,-83],[44,-3],[28,-46],[44,40],[49,-21],[22,-30],[-63,-52],[-7,-123],[-164,23],[-40,-30],[-35,-112],[-61,48],[-53,-16],[-37,15],[-10,-125],[-25,7],[-3,66],[-22,10],[-67,-6],[1,-85],[-35,57],[-35,-11],[-37,19],[-24,-30],[24,-51],[-70,-35],[20,-34],[-15,-42],[25,-21],[-62,-9],[-6,54],[-46,63],[-55,-7],[-37,-49],[-61,79],[-80,-51],[-63,13],[-50,-37],[-1,-74],[32,-66],[-41,1],[-19,93],[-38,58],[-81,-25],[-90,34],[-78,-48],[-105,17],[-78,-76],[30,-61],[-139,-28],[-41,-60],[20,-142],[34,-37],[-22,-25],[11,-39],[-61,-7],[-17,-55],[63,-95],[-58,33],[-41,-40],[-33,2],[-33,-40],[-6,-75],[-31,25],[-64,5],[68,18],[9,24],[-25,49],[-43,12],[-19,57],[54,2],[59,-65],[58,36],[-63,83],[32,-23],[31,12],[-23,41],[16,27],[-32,40],[46,11],[3,40],[-59,63],[-32,-2],[-47,-35],[18,-37],[-44,-35],[15,-8],[-55,-1],[10,44],[-59,29],[-56,-33],[23,-53],[-37,8],[-23,-25],[-6,88],[-103,27],[-24,29],[118,82],[23,-12],[8,55],[44,-2],[9,29],[-18,-9],[-62,73],[-63,107],[10,53],[-63,-19],[5,-25],[-31,-11],[-36,29],[137,-182],[-1,-59],[-16,-9],[-7,30],[1,-35],[10,1],[-71,-31],[13,-10],[-89,8],[-55,-36],[-13,30],[-12,-15],[30,-23],[27,15],[-26,-16],[-42,27],[32,-31],[-19,-74],[20,19],[18,-58],[-114,-38],[-14,-32],[27,-13],[-16,-23],[-64,25],[-2,-68],[-43,39],[-43,-13],[0,-32],[-35,-12],[-12,-49],[39,-49],[34,14],[14,-29],[-38,-99],[37,-53],[-28,-1],[3,-21],[-35,-18],[7,-35],[55,-39],[-9,-39],[-75,3],[-24,-49],[18,-25],[-36,-61],[-47,27],[-38,-9],[1,-97],[-18,55],[-69,26],[4,31],[-73,-33],[4,-52],[-55,1],[-5,-46],[-12,52],[-24,-54],[10,-55],[50,12],[13,-25],[4,34],[-36,1],[37,1],[25,-66],[78,-31],[19,-45],[44,0],[73,-43],[30,8],[58,-52],[-163,-69],[-4,-58],[37,-46],[-95,26],[-69,-34],[-15,-42],[10,-34],[55,-28],[24,11],[13,-23],[-44,-42],[17,-70],[-12,-93],[-35,25],[43,-112],[83,20],[3,50],[29,-26],[0,42],[-56,3],[120,22],[43,-18],[11,-51],[-52,-41],[-20,-107],[45,-41],[-1,-65],[79,-59],[-113,-64],[-8,-59],[-77,18],[-30,-21],[-5,-121],[11,-11],[6,23],[22,-28],[41,-3],[41,-50],[-77,-47],[-13,-43],[24,-30],[-15,-12],[13,-4],[12,25],[35,-21],[24,-67],[-244,-156],[18,-46],[-14,-60],[-59,-96],[80,-60],[10,-51],[-108,25],[-99,-65],[-104,-5],[-57,-37],[-49,-109],[1,-70],[65,-12],[3,-71],[43,7],[39,-38],[-5,-32],[39,-18],[-60,-23],[-19,-122],[-45,44],[-6,41],[-8,-33],[9,-33],[77,-52],[-1,-74],[39,-2],[-5,-26],[-100,-21],[-52,-63],[-54,19],[36,57],[-74,107],[41,57],[-18,35],[-80,34],[-107,6],[-37,-8],[-34,-55],[-51,-2],[-24,-53],[-171,-159],[-43,-74],[-22,-129],[-93,-127],[-3,-76],[-61,-7],[-9,-115],[-86,-109],[4,-95],[-48,-25],[-27,-59],[13,-34],[-52,-14],[-7,-42],[-71,-54],[-37,3],[-22,-26],[-4,21],[-26,-1],[-133,-80],[-80,-110],[32,-36],[12,-41],[-15,35],[-21,-10],[2,-35],[-40,65],[-35,-4],[28,-10],[-37,-19],[58,-7],[-46,-3],[-39,-50],[59,-93],[-21,-34],[16,-29],[-77,-28],[-54,-47],[-16,-122],[-28,-29],[0,-125],[-42,-114],[14,-18],[5,16],[-10,-39],[46,-42],[-7,-69],[-37,-17],[-71,45],[-50,-17],[-40,22],[-39,84],[-60,5],[-14,38],[16,7],[-60,47],[-159,-30],[-7,47],[-197,-4],[-71,-32],[5,32],[-138,-86],[-116,-118],[-98,-123],[-31,-66],[17,-9],[-1,-20],[-27,-9],[23,29],[-22,12],[-38,-63],[9,-53],[-50,-100],[11,-51],[-21,-23],[20,-9],[18,32],[11,-12],[-20,-47],[-60,-38],[-13,-108],[-38,-83],[26,-15],[6,-38],[55,-32],[-73,-52],[-18,-68],[20,-38],[-62,-38],[-40,-165],[29,-79],[71,-29],[6,-52],[-51,-16],[-34,-132],[-34,95],[25,40],[-17,8],[-37,-65],[27,-17],[-45,-78],[169,-35],[-4,-26],[-43,-8],[-3,-33],[25,-15],[-23,-6],[5,-32],[48,-47],[18,16],[62,-79],[-13,-16],[19,-37],[27,-12],[-32,-42],[8,-108],[-22,-46],[23,-8],[-15,-7],[25,-42],[-28,-25],[35,-97],[9,-135],[-53,-28],[-51,3],[-38,-62],[10,-38],[-80,-81],[38,-67],[-46,-33],[-86,93],[-48,-19],[4,-25],[-25,-16],[-202,21],[-91,-15],[-24,-76],[-39,-25],[16,64],[-39,43],[-18,-33],[33,-39],[-69,-11],[5,-28],[-27,-30],[111,-98],[-23,-8],[-5,-66],[-39,-17],[46,-26],[22,-51],[-8,-41],[-45,-25],[11,-26],[44,-2],[20,-40],[-17,-19],[45,-18],[-28,-48],[-101,-14],[-14,-67],[19,-139],[35,-15],[57,-121],[60,9],[34,-101],[129,-10],[58,-71],[165,-59],[57,2],[37,-66],[16,38],[52,-25],[-11,-81],[91,-139],[27,-103],[75,-46],[28,-46],[-51,-110],[11,-77],[64,-94],[-19,-17],[11,-106],[48,-120],[-15,-34],[16,-9],[-26,-9],[-8,-43],[-80,-7],[-27,18],[-37,-25],[-20,21],[-32,-26],[17,-16],[-61,4],[15,28],[-31,13],[-6,-14],[-11,-9],[-15,8],[21,0],[-20,10],[-9,24],[-22,-5],[20,26],[-27,-10],[-40,85],[-59,-37],[-35,76],[-33,-10],[-10,-45],[-27,32],[-26,-7],[-3,-27],[-3,30],[-15,-12],[-13,20],[-46,-20],[-15,33],[-21,-37],[-16,-4],[2,30],[-6,-29],[-8,16],[-7,-47],[-25,23],[-21,-13],[-6,137],[80,105],[5,53],[-51,79],[-38,-41],[-20,23],[-32,-12],[36,120],[-49,-16],[-58,19],[-22,-27],[-32,103],[20,9],[-9,36],[56,37],[7,64],[30,27],[118,18],[23,51],[-66,-46],[-56,36],[-28,-10],[-4,26],[30,14],[-73,-1],[15,-52],[-27,-89],[-42,8],[-52,-84],[-36,-12],[-4,69],[-32,2],[-46,101],[23,20],[-19,19],[22,30],[85,-21],[0,26],[-27,-9],[-40,27],[58,24],[-92,24],[-16,37],[-51,9],[-42,-55],[35,-81],[-62,77],[-21,-24],[-70,14],[-52,-72],[8,105],[-58,36],[-125,6],[-25,19],[-105,-22],[-24,34],[-91,26],[-36,-4],[-46,-44],[-22,33],[-33,-2],[-47,-43],[-16,8],[72,-71],[-60,-132],[43,-83],[-93,-26],[-22,-39],[-33,-5],[8,86],[-52,7],[24,48],[43,0],[-28,23],[45,12],[-15,73],[20,7],[-2,70],[-61,34],[-22,-47],[-7,37],[-20,-6],[16,40],[-42,22],[-27,-78],[-17,23],[-86,-12],[-41,-56],[6,-30],[-34,12],[-18,-63],[-18,2],[-8,48],[-63,2],[-35,-75],[-49,-23],[40,-38],[-44,-116],[-85,-7],[15,-66],[-32,9],[-52,-26],[-94,23],[-9,-37],[32,-27],[-18,-71],[-158,-8],[-23,-97],[-61,37],[-47,-29],[-19,20],[-27,-12],[-63,146],[-32,12],[3,-41],[-71,-15],[-126,127],[-72,-35],[8,-62],[-67,-11],[-47,-36],[-105,117],[-29,113],[-61,93],[-35,8],[-23,-22],[-53,71],[-39,2],[-2,46],[-36,-23],[-26,33],[-24,59],[13,31],[-77,6],[17,85],[-58,107],[-23,-4],[-2,-21],[-3,22],[-4,-14],[16,-41],[-20,-6],[-25,6],[10,21],[-56,58],[-41,-20],[10,-27],[-21,-18],[-81,-4],[-31,24],[-31,-38],[-66,-1],[-65,-39],[-28,42],[-31,-2],[51,-87],[40,5],[17,30],[113,-50],[-26,-53],[-86,62],[-85,-60],[-13,-56],[-208,53],[-79,-63],[-70,22],[-4,-19],[-42,7],[-1,-44],[-56,-1],[-31,-44],[1,-82],[44,-37],[-18,-43],[-121,3],[-20,-22],[-36,41],[-96,-83],[-23,17],[0,46],[28,7],[4,26],[121,10],[9,17],[-20,94],[-40,37],[-9,82],[-24,29],[120,-20],[32,59],[-125,39],[-61,112],[-51,-11],[-14,22],[43,1],[-15,55],[30,22],[97,-43],[30,50],[120,-23],[21,22],[-16,44],[89,-56],[22,10],[-22,72],[-42,3],[-38,33],[-130,8],[94,15],[-37,59],[-4,102],[34,12],[47,-27],[6,114],[47,56],[45,-91],[41,50],[7,85],[48,-10],[15,35],[-86,70],[11,24],[123,41],[39,-30],[42,13],[0,20],[-40,-9],[-1,47],[-52,-19],[-12,58],[-41,3],[-3,34],[-33,-3],[15,40],[-17,31],[-54,-10],[-4,25],[24,27],[53,2],[37,38],[-2,33],[66,28],[4,22],[-30,18],[93,8],[56,88],[16,-14],[142,79],[15,63],[-43,29],[113,107],[35,-7],[-12,-17],[19,-8],[112,60],[-2,-53],[31,-55],[-45,-83],[15,-20],[86,109],[33,-38],[-33,-75],[103,38],[-29,39],[50,17],[-63,57],[-68,18],[2,23],[40,-16],[-1,37],[-58,7],[-109,119],[28,23],[83,-74],[83,24],[28,-13],[27,81],[-31,67],[-1,-41],[-115,-4],[4,35],[34,13],[-12,101],[12,-20],[43,9],[-32,47],[11,32],[-35,10],[19,9],[-11,16],[-35,-16],[20,38],[-25,72],[12,58],[-47,17],[-81,-50],[1,-66],[38,-59],[-56,-55],[-72,-27],[-45,45],[-46,-3],[-25,44],[9,52],[115,0],[65,-30],[20,23],[-62,3],[12,41],[-68,-7],[22,75],[-15,24],[34,0],[-13,32],[-26,-11],[13,11],[-20,30],[-1,-52],[-25,-3],[-11,29],[-3,-55],[-63,27],[57,-43],[-22,-17],[7,-19],[19,10],[9,-35],[-37,7],[-39,-24],[-38,13],[20,13],[-13,29],[-12,-51],[-10,29],[-40,-4],[3,15],[-29,59],[-17,-5],[5,-11],[19,1],[20,-43],[-7,-40],[-66,-3],[-1,42],[-38,15],[4,-76],[-34,26],[-30,-17],[12,33],[-29,54],[-19,-41],[-39,24],[-42,-11],[-42,38]],[[134311,144106],[16,109],[-54,124],[35,24],[59,-13],[19,38],[150,-4],[57,34],[33,-24],[74,65],[15,52],[-39,128],[25,80],[-33,20],[17,16],[57,-33],[-3,79],[73,92],[-11,33],[-48,6],[-3,101],[-36,6],[14,32],[-18,79],[-38,71],[76,69],[-46,105],[-92,99],[25,37],[-41,57],[12,85],[-17,8],[44,108],[-5,144],[-97,134],[-69,45],[-71,108],[-47,27],[164,230],[-40,155],[47,77],[-10,112],[-74,257],[-33,24],[-106,11],[-107,91],[-24,100],[-85,93],[-11,73],[-89,-5],[-35,25],[53,254],[-70,73],[-34,91],[-79,57],[-58,100],[64,72],[-1,120],[74,51],[150,39],[20,-59],[-36,-71],[71,-88],[101,-21],[25,-61],[147,-123],[41,-96],[80,-48],[72,-11],[97,-107],[83,-149],[131,41],[0,82],[38,62],[163,106],[21,50],[34,10],[41,54],[28,108],[120,53],[53,113],[81,80],[-8,73],[65,56],[-36,39],[-12,61],[33,90],[27,-8],[78,41],[34,-26],[108,-7],[48,31],[50,14],[30,-15],[105,43],[6,39],[-42,84],[7,89],[-36,33],[3,83],[49,35],[6,68],[-43,142],[77,76],[28,164],[43,21],[65,85],[2,90],[71,105],[63,-5],[163,91],[74,11],[36,51],[101,-24],[50,16],[125,102],[48,-28],[126,29],[57,53],[74,19],[186,177],[172,36],[150,81],[65,112],[-21,89],[63,106],[-24,77],[16,34],[-35,95],[-79,94],[-63,130],[-88,78],[-133,26],[-60,57],[-135,16],[-49,230],[-48,92],[44,59],[-24,105],[-188,-8],[-70,37],[-58,141],[24,49],[-27,36],[34,25],[3,73],[-126,45],[-21,106],[16,84],[45,61],[-17,117],[-64,49],[-118,39],[-9,26],[-64,15],[5,29],[-28,28],[41,126],[28,22],[49,-30],[53,35],[32,58],[-8,42],[91,-4],[73,60],[23,-31],[73,1],[104,80],[179,-56],[67,-57],[104,-18],[121,-2],[38,31],[71,9],[129,-50],[234,-44],[185,14],[137,58],[76,-2],[34,-53],[72,-34],[102,-5],[188,57],[85,51],[107,-2],[82,49],[90,-1],[225,82],[-28,156],[97,84],[81,155],[114,111],[53,119],[-6,112],[295,202],[28,52],[14,-12],[27,22],[-54,188],[29,122],[-217,239],[17,105],[101,113],[-10,54],[30,43],[94,28],[11,36],[79,24],[96,86],[-1,29],[39,7],[-16,58],[-76,37],[-79,116],[107,470],[35,47],[90,9],[91,61],[97,6],[124,-26],[138,58],[68,226],[-28,56],[27,141],[-31,38],[15,33],[69,125],[120,23],[146,79],[7,37],[-51,54],[-22,89],[84,62],[10,50],[202,145],[-26,39],[-21,264],[99,104],[105,27],[58,89],[43,4],[38,41],[16,29],[-20,51],[112,197],[33,166],[178,11],[195,-229],[157,57],[79,-19],[101,87],[78,3],[83,67],[91,200],[-24,101],[96,163],[0,49],[134,112],[67,17],[159,-53],[229,-208],[213,-20],[108,111],[167,54],[138,154],[88,-19],[94,-62],[312,-82],[131,194],[76,2],[124,58],[88,-23],[44,12],[42,-45],[105,-36],[141,8],[45,-25],[77,60],[119,-40],[101,38],[39,-50],[137,-12],[47,-53],[72,43],[100,-53],[123,108],[-20,65],[32,82],[-7,38],[17,18],[118,-15],[59,79],[55,24],[-6,130],[140,67],[-2,92],[50,50],[7,66],[54,3],[84,52],[94,5],[60,-104],[110,-38],[33,-28],[-3,-36],[162,-32],[202,204],[183,9],[227,-142],[34,14],[75,118],[113,52],[240,-25]],[[132707,140947],[59,36],[-17,28],[18,43],[64,31],[-40,19],[-16,41],[44,62],[-49,72],[26,69],[64,-44],[31,-85],[80,21],[-7,-88],[131,-38],[66,-94],[-52,-55],[-23,-67],[88,-175],[-32,-38],[16,-15],[-58,-6],[-172,-84],[-71,-7],[-24,-48],[-90,-25],[-17,66],[65,73],[58,9],[17,59],[-16,46],[-69,38],[-39,68],[-47,41],[-37,1],[-6,59],[55,-13]],[[130276,151376],[-41,-31],[2,-29],[-32,-10],[-9,55],[-31,25],[-55,6],[-35,-24],[-75,78],[17,18],[-11,38],[42,-46],[165,19],[66,-50],[66,21],[-39,-17],[-30,-53]],[[134879,160348],[25,18],[63,-9],[-12,-59],[-56,15],[-36,-28],[-24,-150],[0,31],[-40,-20],[13,-56],[19,26],[-19,-26],[25,-97],[-81,-3],[-49,-43],[-23,26],[-61,4],[-53,-34],[14,-94],[-20,22],[-17,-14],[3,-46],[50,-75],[90,-43],[-36,-36],[12,-42],[120,-80],[-77,-17],[-21,-27],[-48,42],[-87,-6],[-45,-29],[17,-40],[-38,-12],[-67,42],[-26,72],[52,65],[23,110],[-19,45],[49,67],[-15,59],[-89,77],[-55,-29],[-5,-30],[-35,-4],[5,-21],[-26,32],[85,91],[10,84],[151,-29],[95,13],[36,67],[-14,116],[137,16],[19,89],[81,-30]],[[132704,160415],[-41,-52],[-57,11],[-57,-25],[-83,56],[-55,-33],[-30,83],[69,23],[18,45],[34,-5],[24,-36],[64,36],[93,-50],[90,52],[44,-18],[36,46],[70,-40],[-17,-41],[-145,-13],[-57,-39]],[[132432,161274],[-86,-24],[-1,-100],[-96,-12],[-9,-63],[-128,-40],[-20,-55],[-25,1],[2,67],[-29,22],[94,-7],[26,34],[14,52],[-70,92],[81,53],[30,56],[-9,32],[66,-36],[52,17],[11,33],[65,-30],[77,22],[8,-56],[-53,-58]],[[131492,144408],[-62,-10],[-37,-46],[-83,13],[-34,-23],[7,68],[75,-6],[76,73],[41,-16],[40,23],[37,54],[44,-38],[-8,-68],[-61,-51],[-35,27]],[[130850,146083],[-19,70],[-58,9],[-3,33],[-38,15],[10,37],[68,25],[61,57],[-7,86],[-30,33],[44,-5],[109,57],[17,-12],[-45,-62],[4,-79],[48,11],[3,-23],[36,5],[10,38],[74,35],[31,-33],[-6,-40],[24,-11],[-39,-63],[91,-34],[-11,-141],[-24,-31],[-16,126],[-57,31],[-41,-7],[-44,52],[-38,-4],[-20,-45],[-43,28],[-53,-27],[1,-131],[44,-44],[-33,-58],[50,-29],[-83,-18],[-28,-58],[106,-111],[-60,-18],[-44,45],[-46,-27],[-22,-27],[9,-41],[-35,-10],[-24,-49],[27,-83],[-29,-18],[-33,111],[-93,7],[-46,-36],[-59,45],[-6,39],[84,61],[80,-29],[77,31],[37,141],[-53,42],[40,49],[51,-46],[18,10],[32,121]],[[129257,147960],[43,-62],[40,-9],[23,12],[-2,41],[31,-22],[19,13],[19,-32],[48,16],[45,64],[39,-1],[-89,-114],[4,-63],[83,-40],[52,33],[-4,-24],[-57,-50],[-95,22],[-72,77],[-82,3],[-80,102],[35,34]],[[129063,148126],[12,-23],[37,13],[41,75],[33,-50],[25,-3],[52,63],[77,31],[-20,-89],[32,-43],[-43,15],[-3,-47],[-31,-9],[-24,-46],[22,-24],[-22,-25],[-77,93],[-46,18],[-198,-23],[-45,94],[27,128],[-48,37],[69,5],[14,-76],[-20,-96],[51,-21],[-6,42],[32,47],[59,-86]],[[130278,148688],[40,15],[-16,46],[15,19],[33,22],[36,-10],[33,53],[48,14],[10,27],[-41,43],[68,-46],[7,-71],[38,-38],[-8,-55],[-92,-3],[-42,-18],[-44,-65],[-18,18],[-54,-25],[-17,15],[-30,-28],[5,-30],[32,-14],[-11,-29],[-25,-4],[-2,22],[-21,-22],[38,-29],[14,21],[-34,-52],[63,-62],[-28,-35],[-76,24],[15,68],[-32,23],[19,65],[-16,30],[-41,-11],[25,31],[-15,33],[-65,33],[-77,-11],[-43,21],[72,-7],[33,41],[63,-16],[43,-48],[98,45]],[[132386,148936],[-21,34],[-49,11],[5,33],[-50,26],[12,31],[71,28],[-4,42],[62,93],[74,-53],[41,9],[114,-193],[-8,-34],[-58,-29],[-48,7],[-7,-29],[-45,2],[3,-30],[-30,-26],[-35,8],[2,39],[-29,31]],[[131815,149498],[-11,-39],[-78,8],[91,169],[6,43],[-32,58],[47,48],[25,-68],[-33,-20],[62,-35],[-3,-30],[31,36],[24,-31],[-46,-41],[-59,-6],[-24,-92]],[[130885,148396],[-86,-79],[-79,39],[45,128],[-45,45],[-62,-8],[-26,17],[8,31],[62,30],[-18,49],[23,28],[64,-19],[57,25],[44,-10],[-42,-22],[24,-43],[-27,-18],[7,-21],[46,15],[32,-19],[-27,-66],[64,2],[30,36],[64,-26],[-39,-57],[18,-22],[-27,-12],[6,-32],[-116,9]],[[141385,166052],[-22,77],[30,12],[10,41],[69,-4],[57,-124],[54,-8],[44,-125],[48,2],[-8,-53],[-32,26],[9,-62],[19,-2],[-18,0],[0,-86],[-65,-9],[-43,-34],[-89,35],[-32,116],[55,73],[-93,54],[37,45],[-30,26]],[[141979,166050],[36,125],[65,-7],[81,55],[5,24],[-23,-2],[21,17],[54,8],[17,25],[24,-13],[46,-133],[54,-44],[-8,-55],[-76,-51],[-42,-103],[-116,-36],[-153,-114],[31,-121],[33,-16],[18,18],[-21,7],[37,2],[43,-32],[-61,-32],[-12,-61],[-114,-95],[-76,32],[13,113],[-21,40],[28,13],[-11,57],[44,66],[-27,21],[-18,-18],[-17,25],[8,89],[-21,58],[84,50],[75,88]],[[141620,165253],[-54,-20],[-59,66],[88,9],[-4,44],[-26,4],[19,33],[-20,34],[66,101],[-2,136],[37,-10],[14,33],[-15,8],[79,35],[76,-47],[-25,-13],[-15,-74],[16,-35],[-82,-46],[-20,-98],[34,-67],[-43,-39],[-5,-35],[-59,-19]],[[141387,165363],[-74,-33],[-53,29],[-82,-29],[-22,146],[78,56],[32,-10],[66,31],[65,-15],[56,-62],[-66,-113]],[[141048,166053],[15,34],[113,31],[-21,-15],[27,4],[-24,-13],[36,-9],[-21,-11],[21,0],[5,-47],[49,-44],[32,2],[-35,-12],[47,-44],[13,18],[-15,-27],[-20,-8],[92,-106],[11,-98],[-102,-64],[-105,-111],[-43,9],[-12,-21],[-36,7],[29,-18],[-59,4],[60,-17],[-93,20],[-103,-58],[-19,75],[3,75],[15,-10],[-38,124],[30,31],[3,99],[62,37],[13,79],[70,84]],[[139215,163985],[-53,-51],[-48,28],[-153,12],[-30,26],[0,57],[38,34],[38,1],[31,39],[90,-84],[68,8],[26,-18],[-7,-52]],[[143550,164474],[-2,4],[-13,-13],[-12,-2],[-22,12],[33,-9],[13,13],[-15,13],[71,-30],[3,-96],[-136,-20],[-19,-30],[-43,95],[-89,59],[28,67],[50,-50],[46,-2],[-1,31],[7,-26],[66,-37],[32,5],[3,16]],[[137561,164547],[-29,6],[-12,-24],[-37,23],[-28,-23],[-29,-144],[-265,305],[22,17],[103,-6],[36,52],[33,-52],[92,-50],[118,23],[47,-35],[-22,-59],[22,-29],[-46,-19],[-5,15]],[[138166,164549],[-7,-28],[-35,-10],[-70,35],[-53,-10],[-55,46],[-6,39],[59,-25],[11,21],[-54,80],[26,113],[41,19],[20,-21],[71,-190],[52,-69]],[[142823,164524],[-49,-7],[-32,57],[-9,173],[71,11],[30,42],[27,-108],[-17,-2],[23,-56],[25,-6],[8,-75],[-77,-29]],[[139993,165373],[54,19],[-5,-31],[37,-57],[29,9],[-3,-20],[57,-16],[79,38],[23,-8],[19,23],[-9,32],[126,66],[19,-72],[5,20],[55,-5],[-23,-50],[36,33],[8,63],[65,60],[5,-67],[44,-64],[-30,7],[-2,-30],[-35,-24],[49,-61],[-24,-19],[4,-58],[-33,-68],[41,-71],[79,-7],[15,77],[25,4],[4,-34],[43,-4],[21,-81],[-16,82],[24,41],[25,-40],[-15,-10],[10,-43],[-6,40],[38,35],[100,-50],[76,113],[-35,-101],[22,-28],[-11,-42],[-25,-10],[-3,30],[-57,11],[-90,-51],[-16,-38],[-32,11],[-38,-52],[-24,19],[-3,-32],[73,-14],[-3,-48],[50,-14],[7,-64],[-41,-20],[-100,15],[-94,-67],[-67,60],[4,63],[-39,20],[-27,-19],[13,66],[-55,30],[-47,-18],[-52,-51],[6,-19],[-122,-100],[-52,39],[-54,169],[-44,36],[6,26],[-47,-23],[-67,3],[-44,-31],[-14,29],[-42,9],[-21,53],[46,55],[88,10],[45,46],[-10,33],[-57,21],[-46,87],[37,82],[68,47]],[[138878,166051],[-9,52],[-61,66],[47,97],[33,10],[119,-34],[56,19],[79,107],[71,12],[17,37],[226,-92],[104,-137],[-14,-53],[43,-148],[86,-115],[-20,-16],[39,-46],[-10,-14],[69,-18],[-22,-36],[137,6],[-51,-92],[13,-90],[-42,-101],[31,-95],[-20,-133],[84,-116],[-113,-93],[-66,10],[-50,-54],[-128,-49],[-165,43],[-243,-21],[-101,-51],[0,-36],[-43,-44],[-140,-30],[-186,-101],[-78,-14],[-6,-23],[-59,-2],[-61,51],[-79,-24],[-10,38],[26,-3],[54,74],[-33,-34],[-34,65],[38,31],[-18,19],[-35,10],[-82,-30],[5,59],[12,35],[46,-2],[50,104],[32,19],[27,99],[63,10],[89,-65],[-23,30],[23,38],[-44,-3],[29,68],[70,4],[73,-27],[82,39],[18,-72],[41,2],[23,26],[-4,-35],[37,-7],[-2,-34],[23,56],[27,186],[-22,66],[45,54],[-16,33],[-66,9],[-14,23],[66,3],[15,-24],[35,18],[-27,45],[27,26],[-89,10],[46,112],[-74,69],[-212,-91],[-61,26],[-39,73],[88,104],[109,15],[38,-44],[35,9],[33,87],[54,-10],[3,22],[-55,-7],[-9,40]],[[134371,161112],[15,32],[139,-80],[31,38],[-17,-116],[41,-218],[-15,-5],[-17,57],[-89,37],[-56,-90],[-37,11],[-37,-25],[-97,105],[-13,59],[32,78],[19,28],[104,43],[-3,46]],[[134311,144106],[-56,39],[-82,6],[-141,-56],[-99,-9],[-44,-43],[-25,11],[-78,-49],[-34,13],[-85,-75],[-33,20],[-104,-59],[-55,58],[58,57],[5,36],[-52,44],[-39,-16],[-35,20],[3,51],[-57,52],[-6,47],[24,29],[-20,41],[51,12],[56,50],[38,-6],[5,27],[52,-14],[25,22],[-19,29],[31,-3],[-17,30],[-40,-40],[-123,9],[-1,-28],[-48,-29],[-105,31],[-21,-91],[-48,65],[9,37],[-26,35],[-30,-19],[-56,36],[-30,-7],[-35,-30],[26,-35],[-32,5],[-52,60],[-33,-9],[-1,-48],[-37,22],[-7,32],[-39,-16],[-19,-24],[25,-96],[60,6],[27,-38],[39,1],[-3,-30],[54,12],[-1,-40],[44,30],[37,-86],[26,-4],[-42,-10],[-47,29],[-36,-21],[-7,29],[-73,40],[-96,-15],[-78,52],[-45,-4],[15,45],[-74,29],[36,89],[-34,45],[-62,0],[-2,-42],[-24,14],[-36,-31],[-19,8],[-6,61],[-63,-11],[-23,20],[-37,-23],[-43,31],[-50,-42],[-65,-4],[7,-97],[46,2],[36,-32],[76,24],[19,-70],[122,-46],[6,-22],[-149,-8],[-79,-85],[-86,-36],[-102,-97],[51,-66],[38,-3],[122,33],[28,45],[25,-18],[156,40],[-9,-104],[-67,-11],[-37,-32],[1,-30],[39,-21],[-61,-42],[-16,-41],[-31,12],[-57,-25],[-148,46],[-45,-36],[-38,8],[-28,-29],[4,-67],[-28,71],[-58,40],[-121,0],[-55,41],[70,46],[-38,87],[38,49],[3,56],[-64,29],[-28,69],[18,44],[-20,69],[-86,35],[-49,-7],[0,59],[65,46],[9,-65],[87,5],[66,47],[-5,-69],[59,4],[42,46],[3,60],[33,-48],[39,1],[27,-32],[53,63],[-25,65],[79,12],[12,81],[32,21],[-4,26],[-169,45],[-35,34],[-88,6],[13,74],[-59,49],[-116,3],[103,59],[20,-22],[21,20],[55,-22],[41,58],[-37,41],[2,48],[53,5],[38,64],[34,2],[50,46],[31,-36],[-58,1],[-27,-56],[71,24],[4,-36],[32,15],[53,-37],[-8,-19],[-67,9],[11,-25],[-62,-13],[21,-20],[-14,-27],[53,4],[51,-32],[-73,-11],[41,-40],[-46,-42],[-77,-19],[36,-33],[74,26],[65,-37],[0,60],[32,28],[23,-18],[29,16],[52,-29],[17,-90],[40,10],[58,57],[0,-58],[59,-27],[7,57],[38,41],[38,-41],[18,18],[62,-16],[144,-107],[29,3],[20,54],[-27,14],[38,33],[-127,34],[-106,155],[-3,-100],[-66,45],[-9,44],[-25,-14],[5,-43],[-29,35],[-12,-22],[-53,15],[11,84],[-48,-20],[20,-16],[-14,-23],[-37,11],[16,28],[-30,13],[-9,-27],[-42,6],[-2,19],[32,-5],[-18,24],[-49,-24],[11,68],[-25,1],[-61,72],[-72,130],[39,21],[-10,101],[45,31],[0,32],[-141,117],[-27,63],[39,-6],[-26,11],[17,10],[-15,26],[-55,-36],[-11,-96],[-79,12],[-5,211],[-42,94],[38,69],[24,129],[-9,71],[-38,46],[-27,-5],[-19,-43],[-43,23],[-14,-88],[-42,-10],[-14,-33],[-29,20],[4,71],[26,28],[-9,44],[-58,3],[-106,-64],[-27,54],[-38,-28],[-51,12],[-12,-115],[26,4],[-3,-27],[45,15],[23,-27],[-13,-48],[-36,-15],[-26,26],[0,44],[-64,45],[-38,-14],[-19,37],[30,48],[-14,29],[-47,3],[-13,48],[-74,2],[-1,22],[73,36],[5,24],[54,-10],[21,19],[2,134],[50,7],[-5,-48],[26,-32],[-32,-57],[29,-36],[107,27],[31,67],[45,28],[40,1],[6,-39],[52,19],[46,-23],[60,74],[36,4],[1,-138],[45,-8],[19,11],[-26,104],[90,33],[-131,105],[92,72],[-13,17],[-71,-13],[9,18],[-34,29],[4,82],[-81,-34],[34,-58],[-34,-42],[6,-37],[25,-9],[-32,-52],[-34,97],[-60,11],[-22,-34],[-35,26],[113,53],[11,32],[-5,44],[-46,38],[-37,-27],[-40,19],[39,53],[-17,69],[34,-16],[7,-38],[34,-6],[141,77],[38,47],[-24,24],[-82,-22],[-37,33],[-7,21],[55,43],[12,52],[-16,27],[-115,50],[29,42],[-13,69],[-39,1],[-55,70],[-32,-22],[-30,24],[-122,-16],[-1,43],[84,-23],[132,64],[77,-2],[-26,-15],[45,15],[7,-62],[47,-29],[-63,-61],[27,-43],[50,105],[84,3],[5,-26],[30,-1],[16,80],[17,-18],[34,19],[52,-75],[52,34],[27,-29],[97,4],[89,-30],[14,38],[-172,33],[9,65],[17,-4],[24,44],[-12,15],[-60,-35],[7,78],[35,27],[-14,41],[-40,8],[-28,-29],[-19,30],[-91,-19],[-121,86],[-17,-19],[23,-76],[-43,-23],[-28,16],[-26,91],[-57,-7],[-27,-43],[-54,16],[-21,-31],[-25,47],[-65,35],[-8,-40],[38,-38],[-4,-47],[-47,-51],[-44,54],[-52,4],[-62,45],[53,81],[-11,82],[-260,116],[41,61],[45,-26],[4,-55],[25,-8],[16,24],[-15,145],[35,25],[2,32],[-43,31],[34,21],[112,-41],[65,51],[20,61],[11,-49],[84,-9],[19,-57],[82,32],[16,35],[-81,48],[-23,66],[-141,87],[12,134],[-69,-46],[-20,-58],[-39,-15],[7,44],[-43,34],[38,52],[-38,33],[-3,37],[-71,45],[9,43],[-19,21],[-63,13],[-54,60],[-97,-78],[-112,26],[128,37],[33,28],[-12,35],[47,9],[-2,41],[25,-14],[12,-51],[39,-17],[19,15],[0,-33],[53,-4],[40,23],[41,-67],[38,11],[-1,-36],[27,-11],[30,22],[1,-56],[38,-14],[63,35],[-5,37],[41,11],[13,65],[51,20],[26,-15],[27,-42],[-59,0],[-49,-60],[22,-35],[37,16],[26,-24],[-54,-38],[40,-43],[-66,-21],[17,-18],[-16,-26],[83,-3],[-50,-26],[25,-49],[-21,-25],[46,-66],[66,6],[-4,-71],[57,32],[21,-56],[13,69],[23,-15],[33,19],[3,52],[27,9],[23,-26],[20,45],[26,3],[33,-63],[-55,-76],[-40,-18],[98,-4],[-119,-95],[62,-51],[60,12],[-20,-31],[33,-20],[58,22],[-14,85],[42,-42],[20,42],[40,8],[-35,74],[33,31],[-31,11],[-6,60],[-29,35],[39,-23],[57,6],[-7,-51],[51,11],[29,-18],[-31,-43],[27,-33],[-57,-52],[10,-30],[61,-6],[40,47],[42,-10],[19,-36],[40,15],[-83,90],[2,95],[-21,16],[29,66],[-34,40],[-54,-31],[8,50],[49,14],[8,37],[-29,8],[-88,-66],[-141,76],[1,17],[116,2],[43,-44],[16,39],[40,10],[-13,75],[-81,18],[15,33],[51,-27],[12,74],[18,-32],[40,18],[42,120],[47,-9],[5,48],[37,-54],[62,28],[118,-9],[14,54],[68,-10],[0,-46],[19,35],[13,-31],[11,16],[52,-22],[7,18],[-54,37],[14,35],[-41,56],[8,62],[20,9],[38,-19],[42,-84],[9,29],[33,-4],[49,-28],[3,-26],[39,-4],[21,32],[-2,22],[-34,-1],[-60,51],[40,25],[-37,10],[6,46],[58,-5],[-49,36],[9,65],[-16,1],[27,21],[-49,-25],[1,-34],[-35,-13],[-55,17],[5,26],[-67,-10],[-39,65],[-48,7],[21,12],[-15,66],[-35,20],[-106,-7],[-40,58],[47,70],[135,27],[95,47],[27,82],[11,-10],[-22,30],[14,124],[-50,-18],[-38,51],[37,-54],[-6,-60],[-226,-81],[-49,12],[4,47],[-76,3],[38,-79],[-93,-21],[-72,33],[16,50],[-13,53],[-42,41],[-95,16],[-60,-32],[-35,78],[-93,4],[1,-48],[-49,55],[42,107],[29,-16],[24,20],[-7,58],[-25,14],[9,58],[84,40],[11,43],[152,68],[20,47],[23,-29],[29,17],[2,61],[33,21],[63,-26],[89,25],[17,-24],[55,-4],[54,36],[0,63],[-28,8],[5,36],[-48,43],[-35,-14],[-112,67],[-66,-51],[-26,32],[-34,-74],[-29,7],[-40,-29],[-30,44],[10,55],[-27,30],[16,38],[-45,58],[-53,-35],[14,-27],[-42,-12],[47,-33],[3,-52],[-115,58],[-18,-26],[41,-46],[-66,39],[-145,31],[-50,-75],[62,-8],[2,-21],[-56,0],[-61,-47],[-126,-19],[-123,49],[-36,-11],[-77,71],[-16,69],[-32,-1],[-88,-93],[27,-51],[-52,-44],[-1,-62],[-25,-18],[-68,5],[-51,58],[-59,-14],[-107,47],[-22,22],[20,22],[-17,67],[-79,55],[-33,0],[-35,-37],[-91,66],[-101,-21],[-21,-33],[-38,16],[-20,95],[34,66],[38,13],[42,134],[86,6],[31,84],[6,-92],[82,32],[3,124],[35,-3],[17,-38],[64,42],[72,-9],[18,-36],[52,-24],[8,55],[-37,108],[137,14],[14,19],[8,46],[-59,62],[-139,-27],[64,72],[25,157],[46,74],[67,-11],[-26,48],[9,33],[-64,-20],[-24,42],[-33,-8],[-10,-81],[-100,-64],[1,-30],[41,8],[-21,-39],[-140,-39],[-140,-117],[-2,25],[72,56],[0,88],[-33,-2],[13,53],[-41,22],[-14,91],[-69,48],[24,63],[77,53],[49,-1],[100,88],[-3,31],[-101,79],[64,44],[0,99],[-15,18],[-35,-12],[-2,48],[-61,17],[-68,-27],[0,26],[108,63],[7,36],[119,103],[38,-33],[-6,-37],[81,-32],[15,24],[-35,98],[60,92],[104,95],[-12,24],[-79,-26],[-26,27],[-51,-35],[-27,12],[-94,-41],[-185,34],[104,32],[30,-13],[12,26],[64,-28],[23,47],[29,-33],[26,52],[35,-36],[8,34],[32,-15],[25,48],[-22,15],[127,36],[-23,40],[26,11],[-3,26],[-44,23],[37,-4],[89,95],[-230,-108],[-6,-28],[-3,45],[-32,11],[-21,0],[-1,-29],[-19,16],[-31,-21],[-156,33],[25,116],[32,39],[96,-60],[45,45],[-3,67],[-73,19],[10,54],[-34,-40],[-59,46],[-26,-42],[-64,11],[-30,-72],[-36,-23],[20,-23],[-37,-73],[17,-53],[-79,5],[15,108],[-47,65],[9,30],[-93,109],[-172,73],[-17,28],[41,24],[-39,14],[-131,-55],[101,-55],[5,-40],[61,-77],[-57,-27],[-173,42],[-36,-47],[-64,24],[-79,-12],[-30,-66],[18,-57],[-84,-138],[-5,-85],[-19,15],[0,93],[-56,63],[-4,55],[-53,46],[-12,78],[-92,24],[-50,-53],[-16,-106],[-66,-2],[-47,-29],[8,-90],[-74,-57],[11,-57],[-31,-54],[-141,-9],[-98,-71],[-116,-16],[-17,-31],[24,-13],[-98,-33],[-31,-58],[-86,-58],[-39,-63],[-221,-4],[-23,-35],[-64,-8],[-6,-26],[-152,-73],[-12,-32],[-283,-41],[-217,-241],[-169,-110],[-26,-161],[13,-124],[-74,51],[-43,-4],[-150,-94],[-62,-101],[-79,30],[-277,-59],[-24,25],[14,141],[29,32],[85,-17],[25,-41],[20,36],[42,-6],[-23,53],[-44,3],[-11,49],[53,49],[70,-11],[2,117],[-29,41],[-17,-12],[-20,19],[-105,-38],[-192,-22],[-147,-123],[-96,3],[-10,-44],[-55,-43],[-9,21],[-63,0],[-26,-26],[6,-27],[-75,-26],[-27,-49],[-141,-34],[4,-54],[53,-45],[-7,-40],[-27,8],[-71,-35],[-58,-69],[-83,-24],[-43,-51],[-42,0],[-44,-52],[-93,15],[-44,-40],[-33,32],[52,7],[25,50],[114,26],[31,40],[-1,39],[25,13],[-6,26],[98,74],[39,101],[70,8],[111,131],[82,35],[68,66],[43,-1],[169,100],[-7,45],[79,114],[81,53],[42,-18],[67,82],[54,-2],[75,49],[52,66],[3,40],[41,1],[-7,20],[33,31],[35,-13],[21,46],[50,3],[16,-53],[40,-9],[14,-64],[-26,-19],[2,-71],[105,-67],[18,13],[-28,22],[36,42],[-12,78],[33,146],[74,-31],[53,-54],[16,-82],[51,-23],[12,-40],[42,-1],[52,67],[78,2],[46,133],[-96,99],[-196,112],[36,60],[79,25],[7,38],[101,-159],[30,8],[46,-61],[58,-11],[44,39],[-20,19],[-4,136],[-52,111],[18,17],[61,22],[30,-15],[18,39],[191,-112],[49,38],[-47,71],[0,56],[69,61],[148,-170],[66,-24],[39,56],[93,-53],[27,23],[-5,60],[-33,36],[39,70],[-13,53],[61,10],[29,39],[56,-40],[42,0],[19,31],[-16,39],[34,25],[67,-9],[31,-80],[-37,2],[13,32],[-53,-70],[41,-25],[59,17],[39,-38],[2,-59],[97,-19],[22,43],[-23,18],[61,49],[-15,68],[23,103],[-99,100],[80,8],[46,-20],[69,74],[35,-69],[31,-3],[62,137],[36,-54],[62,47],[-2,44],[37,-1],[52,58],[144,-13],[18,13],[-9,69],[24,25],[139,1],[43,45],[5,53],[74,-15],[12,44],[88,48],[79,-19],[25,16],[13,58],[143,49],[58,97],[60,-7],[125,91],[68,15],[130,135],[19,-42],[39,1],[24,20],[-3,47],[43,21],[9,35],[35,-8],[1,28],[75,34],[0,56],[46,-36],[37,43],[130,23],[68,75],[14,-10],[34,60],[-2,45],[113,94],[2,30],[-26,8],[6,84],[78,89],[20,9],[-12,-20],[22,-9],[19,14],[-13,41],[213,223],[3,84],[61,38],[21,46],[138,78],[32,105],[49,28],[-35,35],[12,23],[25,-16],[66,37],[-25,-31],[36,-16],[89,33],[10,48],[224,167],[36,-49],[298,176],[637,216],[13,23],[92,12],[281,199],[79,110],[88,75],[123,40],[138,157],[131,46],[84,78],[94,106],[83,240],[138,217],[44,184],[-13,17],[208,132],[0,33],[20,-9],[-23,39],[30,11],[-13,58],[15,-53],[48,-34],[13,26],[-32,3],[43,93],[-33,-1],[1,-20],[-36,-29],[29,25],[-4,100],[38,3],[8,51],[-45,190],[-44,8],[-22,61],[21,-24],[80,-10],[12,46],[27,10],[-113,-30],[-7,36],[-51,3],[-25,81],[64,32],[-23,4],[-22,116],[-37,34],[-12,59],[-36,2],[18,81],[19,14],[55,-88],[9,53],[51,-34],[24,16],[-47,43],[5,49],[-55,17],[53,101],[-37,32],[17,81],[-58,48],[40,46],[54,-43],[9,91],[52,0],[0,26],[13,-40],[20,-1],[5,58],[-22,7],[4,51],[-35,22],[-15,77],[195,33],[-30,116],[39,-45],[20,5],[-4,34],[-68,42],[-12,54],[15,10],[21,-32],[48,29],[16,-31],[21,15],[52,-22],[-43,38],[-79,3],[-40,122],[-42,29],[-53,-3],[-25,37],[35,33],[-3,92],[58,47],[14,52],[26,3],[-18,48],[39,61],[14,92],[-16,29],[83,-9],[67,-41],[136,-1],[-6,-47],[21,-23],[19,17],[-33,64],[43,0],[-29,-9],[8,-19],[15,18],[62,2],[5,-18],[1,18],[53,-1],[101,44],[89,78],[35,115],[-15,94],[77,120],[-3,84],[29,19],[-12,20],[73,188],[23,9],[-20,9],[1,41],[18,-12],[-12,52],[32,89],[-29,200],[30,-8],[11,35],[-40,-5],[28,50],[-7,74],[50,73],[-3,57],[-41,68],[-74,18],[-10,28],[35,34],[34,-30],[32,10],[58,83],[29,-6],[91,74],[167,17],[9,-27],[-4,28],[83,44],[57,97],[44,6],[61,58],[-3,-26],[40,66],[125,62],[67,107],[-19,-31],[52,-12],[39,87],[-18,-60],[23,-12],[31,100],[-17,10],[33,-9],[-12,31],[113,37],[17,29],[46,5],[14,-23],[43,157],[106,74],[70,-29],[-20,-16],[45,18],[0,-33],[6,28],[37,6],[6,-19],[41,42],[-10,-21],[119,20],[187,153],[20,-33],[106,-35],[-8,-21],[57,-8],[69,30],[-5,32],[34,14],[35,-17],[-33,41],[62,-15],[-99,37],[86,-15],[-38,18],[7,34],[-34,7],[39,-6],[6,25],[9,-30],[47,0],[-75,59],[25,16],[8,83],[-21,36],[-33,-11],[3,54],[70,13],[17,29],[44,-28],[37,56],[0,53],[-39,48],[-1,55],[14,-11],[-21,91],[-40,70],[25,6],[-41,-2],[7,-41],[-7,37],[-50,32],[-56,-17],[-42,34],[-33,6],[-16,-25],[-62,29],[-91,-67],[-47,35],[21,39],[-13,49],[-62,24],[70,40],[42,-11],[10,18],[52,-30],[46,22],[36,-27],[70,39],[54,-73],[77,-9],[52,113],[34,-2],[23,41],[21,13],[12,-25],[20,29],[35,130],[-9,49],[52,81],[17,-53],[46,-27],[25,-122],[68,-43],[-13,-14],[53,-57],[-39,35],[-3,-23],[171,-92],[59,-145],[-18,-65],[12,-65],[39,12],[1,56],[-31,19],[49,151],[74,-4],[1,-60],[41,-74],[-5,-45],[-23,20],[4,-37],[26,16],[47,-131],[3,37],[115,-159],[-12,-13],[16,12],[0,-77],[51,-72],[-40,9],[12,-29],[48,19],[27,-45],[-27,40],[-15,-32],[114,-123],[13,-37],[-33,9],[26,-39],[26,20],[-2,60],[-36,58],[82,-124],[94,-49],[10,-43],[26,6],[-14,56],[35,-39],[1,-28],[-73,-17],[3,-16],[75,4],[25,-108],[-69,-17],[22,-54],[33,57],[17,-25],[21,11],[-10,18],[11,-17],[77,41],[3,58],[-1,-59],[-13,-7],[36,-61],[-61,-57],[101,-101],[14,-116],[83,-129],[23,2],[8,-32],[-43,24],[21,-39],[18,9],[-4,-37],[48,-55],[-99,1],[55,-24],[25,18],[38,-117],[138,-213],[-19,-3],[2,-29],[101,-179],[-75,-56],[19,-61],[28,-27],[49,29],[63,-46],[-32,14],[0,-28],[-19,10],[16,-21],[25,22],[28,-55],[-11,-25],[158,-163],[57,-116],[-44,-29],[35,-51],[97,64],[40,-41],[41,36],[-45,-51],[-23,39],[-17,-12],[31,-35],[-108,-125],[117,91],[21,-30],[-52,-92],[167,194],[162,-109],[-49,-69],[17,-23],[-13,-37],[-53,-43],[91,-98],[-13,104],[29,32],[-1,64],[80,77],[23,-3],[-21,-157],[39,-34],[-25,-33],[10,-100],[40,26],[-10,25],[31,49],[-21,-65],[34,62],[34,9],[-28,24],[29,-23],[59,-1],[10,-46],[140,78],[13,34],[225,100],[-16,41],[64,-131],[-20,-38],[20,-43],[36,22],[27,-42],[-20,61],[32,9],[-82,177],[16,-27],[116,31],[-30,93],[106,30],[28,-93],[26,25],[6,-14],[75,26],[31,-164],[-15,-40],[17,-4],[28,43],[21,-2],[-17,5],[4,17],[1,-17],[14,9],[-34,157],[501,93],[-3,67],[106,13],[8,-68],[55,-7],[-16,17],[19,26],[-37,47],[24,33],[101,-64],[14,15],[-85,62],[27,36],[74,-26],[6,15],[-41,39],[-56,-6],[-16,191],[59,26],[40,50],[69,-15],[5,-43],[-25,-4],[18,-170],[18,-83],[21,-6],[4,37],[-23,-1],[22,4],[1,106],[55,0],[0,-37],[39,-4],[93,64],[-90,-39],[-57,59],[47,43],[44,-14],[17,17],[55,-48],[62,10],[-220,116],[44,56],[90,-46],[27,10],[-27,60],[47,21],[-18,39],[25,11],[120,-257],[14,15],[-21,106],[26,62],[-11,-32],[59,-11],[-39,35],[35,-14],[17,-37],[164,30],[137,90],[20,34],[-18,15],[1,15],[13,-24],[21,19],[-5,10],[17,-20],[2,-37],[8,30],[-24,38],[-44,-15],[68,29],[68,-4],[34,-61],[41,21],[23,-15],[-2,-115],[45,-57],[136,50],[14,-26],[55,30],[39,-17],[44,-64],[194,33],[47,35],[176,41],[106,95],[113,-44],[106,37],[51,-80],[212,16],[155,-36],[36,-54],[-8,-58],[59,75],[51,-33],[27,62],[161,-121],[-21,-35],[21,15],[199,-57],[88,5],[50,-35],[2,-27],[-1,20],[180,3],[3,50],[100,11],[35,-61],[17,8],[-20,21],[89,16],[-31,49],[64,37],[28,-43],[24,20],[-20,53],[131,116],[78,-59],[-2,33],[26,15],[-36,3],[3,28],[-21,-23],[-35,28],[80,93],[-22,20],[58,-48],[-31,-35],[45,-36],[8,13],[-33,-81],[33,48],[21,-14],[45,81],[-11,19],[35,1],[30,51],[-152,132],[66,69],[132,-109],[13,17],[-31,26],[14,19],[-95,84],[48,50],[132,-62],[12,21],[-29,20],[31,55],[44,-34],[51,64],[-18,-22],[-47,47],[43,78],[25,-12],[-21,-40],[33,9],[25,-58],[27,62],[-35,-3],[25,37],[65,-12],[26,24],[-51,60],[31,61],[67,-32],[39,86],[70,-12],[100,157]],[[147343,162256],[78,-123],[46,15],[16,-40],[64,-33],[188,89],[83,-123],[46,-11],[44,-58],[69,29],[123,0],[48,37],[25,-38],[91,-7],[70,-49],[20,-55],[90,-43],[-10,-39],[28,-53]],[[132707,161191],[-48,32],[24,45],[-45,63],[10,39],[73,4],[62,55],[88,-41],[37,63],[70,26],[65,-31],[49,18],[-55,-75],[25,-54],[-55,19],[-39,-20],[-25,-127],[-34,-10],[-55,-70],[-4,-67],[-75,-17],[-40,-125],[-106,129],[62,30],[45,54],[-29,60]],[[134141,160935],[17,-19],[-37,-34],[-12,-56],[-2,25],[-51,8],[-55,-58],[-113,63],[-4,-20],[-101,20],[-42,-14],[-64,-80],[-70,-30],[-3,-97],[-47,-22],[-128,123],[-13,33],[24,55],[-22,44],[-176,163],[21,28],[110,-9],[40,20],[6,60],[62,28],[11,34],[137,110],[13,69],[-28,34],[67,62],[3,-30],[77,-25],[80,4],[50,35],[25,33],[-3,61],[66,9],[28,41],[-4,45],[166,67],[1,70],[-22,19],[26,47],[36,-54],[63,-27],[-58,-100],[-81,-7],[-22,-35],[18,-65],[-29,-43],[3,-64],[66,-107],[-15,-43],[17,-60],[-18,-35],[-102,7],[-39,-35],[-24,8],[-27,-53],[4,-46],[45,-45],[13,28],[41,-19],[38,30],[38,-151]],[[144146,161661],[5,16],[44,-31],[-28,-72],[20,-80],[-18,-44],[-50,9],[-6,-46],[-48,-21],[-39,71],[-108,28],[3,90],[55,59],[98,-30],[72,51]],[[139993,164662],[30,-1],[96,-88],[18,-77],[-15,-103],[16,12],[13,-44],[71,-59],[92,3],[34,59],[95,29],[113,-11],[60,71],[-14,-154],[-36,-4],[-17,-79],[-73,-38],[-8,-55],[-194,-19],[-87,-109],[-20,-90],[-146,-133],[-104,-39],[-76,-164],[-41,-43],[-49,7],[-49,-27],[-31,-113],[-77,-4],[-37,-90],[-77,41],[-61,-36],[-144,22],[-28,21],[5,54],[35,52],[27,-13],[8,34],[33,5],[39,94],[-35,58],[-49,-28],[-38,31],[52,28],[17,96],[-5,49],[-55,50],[110,87],[18,68],[29,2],[-57,37],[36,2],[24,68],[62,-32],[35,-88],[21,10],[15,-33],[-33,-16],[12,-16],[89,40],[1,54],[-23,12],[8,97],[-50,50],[-11,104],[-30,41],[-84,1],[-34,48],[-31,3],[-25,48],[13,81],[85,36],[24,124],[97,35],[47,-22],[162,-8],[30,-28],[172,0]],[[146557,163632],[-38,-40],[-77,2],[-22,-30],[-41,126],[-46,32],[9,39],[69,3],[66,-86],[70,30],[10,-76]],[[147736,166206],[55,-19],[17,-48],[-47,-78],[90,-85],[83,-2],[52,45],[-8,45],[42,49],[43,-31],[79,33],[-17,-59],[-25,5],[-14,-38],[37,-82],[-54,-47],[-136,69],[-34,-10],[6,-25],[-21,-12],[-62,-3],[6,15],[-69,-138],[-53,-6],[-30,-78],[-32,-2],[-7,46],[-35,6],[30,64],[-23,44],[130,92],[11,74],[-4,32],[-42,3],[-53,52],[40,86],[45,3]],[[148284,166650],[-58,110],[-10,55],[21,19],[63,-16],[170,-121],[34,-61],[-5,-74],[-38,-52],[-85,12],[-92,128]],[[147343,162256],[21,-15],[159,35],[43,42],[110,35],[73,62],[42,94],[48,207],[-39,9],[16,66],[-17,1],[2,60],[40,-42],[32,7],[-51,40],[2,54],[55,1],[-57,7],[37,-3],[9,33],[-19,12],[34,-1],[23,102],[-47,14],[21,308],[-101,48],[-6,53],[45,5],[-6,59],[39,-9],[54,35],[-8,26],[-45,-29],[-22,23],[68,21],[-7,50],[26,9],[39,284],[-37,42],[33,43],[-36,3],[76,29],[-27,17],[35,36],[24,207],[-6,119],[-32,33],[11,47],[47,30],[-3,123],[-110,196],[-48,-5],[-43,-44],[-12,22],[44,29],[-25,14],[-5,63],[-115,59],[-42,-33],[-37,22],[23,32],[-27,62],[-50,41],[-33,-26],[-37,48],[-26,-5],[-9,107],[-47,70],[-75,3],[-95,48],[-90,79],[-33,-1],[-13,35],[-46,9],[-26,-21],[-36,23],[-37,-20],[-3,36],[78,28],[18,32],[-43,61],[-43,-11],[9,49],[22,-5],[-18,53],[-38,-1],[-34,35],[-120,-1],[-48,33],[39,39],[35,-19],[135,37],[27,-10],[5,-32],[87,-39],[147,1],[-40,-26],[35,-59],[249,-51],[48,-30],[26,-70],[51,-25],[-26,-26],[29,-90],[-19,-14],[20,12],[41,-27],[48,10],[18,31],[39,-13],[65,24],[191,-97],[97,13],[46,87],[121,25],[58,63],[2,43],[24,-3],[24,-64],[-59,-40],[-29,-106],[-19,6],[61,-121],[-41,-24],[15,-5],[41,29],[40,163],[42,-10],[-35,-150],[-63,-61],[42,-23],[47,43],[28,130],[20,-5],[7,27],[90,-13],[1,64],[91,-2],[47,-43],[43,19],[46,64],[53,17],[10,44],[124,140],[92,45],[51,63],[15,-23],[11,26],[-17,-1],[29,31],[38,-3],[39,37],[3,42],[-85,103],[18,14],[-29,38],[17,64],[63,39],[57,-87],[9,-57],[38,-7],[28,21],[-40,-4],[20,21],[-27,29],[49,-20],[32,26],[-56,19],[-48,73],[88,56],[-43,-46],[56,25],[40,-62],[29,0],[-22,-11],[13,-20],[88,61],[-17,49],[53,31],[34,-53],[67,63],[50,-44],[6,63],[-19,-9],[-54,60],[-70,130],[57,28],[-8,15],[42,21],[13,-25],[-36,-27],[39,20],[-31,-29],[40,15],[36,-68],[-39,10],[-58,-30],[14,-27],[81,42],[52,-95],[-21,-16],[24,10],[12,-19],[17,24],[-48,95],[173,83],[28,-45],[-34,-30],[7,-44],[55,21],[13,-26],[25,30],[-24,-11],[-21,73],[59,29],[35,-38],[-71,117],[-29,-1],[20,13],[-16,26],[-21,-31],[-13,21],[50,29],[59,-60],[145,77],[1,42],[184,85],[-20,36],[53,33],[43,9],[-2,-53],[17,-2],[30,55],[-24,46],[-79,-25],[-19,171],[22,177],[-48,84],[9,28],[56,-39],[-6,-36],[29,24],[-10,42],[226,131],[-10,-90],[-146,-120],[-6,-90],[102,61],[147,153],[11,-59],[0,96],[25,41],[56,7],[-1,-30],[58,-20],[-9,-39],[25,-33],[-18,-118],[-136,-112],[-53,19],[-144,-46],[72,1],[3,-19],[-62,-20],[95,-2],[-151,-23],[8,-32],[43,3],[-68,-12],[70,1],[0,-98],[25,8],[7,-27],[7,27],[61,23],[30,4],[3,-42],[88,21],[36,-95],[-18,90],[26,11],[-5,25],[26,10],[6,-31],[33,-1],[-11,72],[37,13],[50,-76],[36,13],[-54,70],[90,75],[-9,14],[49,38],[44,-56],[-25,68],[77,69],[52,-61],[24,7],[12,14],[-36,30],[116,122],[-11,14],[72,34],[-54,71],[27,14],[-18,21],[17,48],[-67,180],[75,117],[35,12],[30,-16],[37,-63],[-20,-10],[18,-40],[39,-13],[64,24],[-10,53],[32,47],[61,-34],[50,-113],[46,-21],[45,32],[-49,93],[51,58],[44,109],[56,-19],[38,-76],[-14,-25],[14,25],[53,-38],[-11,-74],[50,-55],[28,32],[11,-7],[3,-18],[8,-13],[24,-21],[-29,35],[-1,17],[14,10],[-31,15],[25,10],[-15,11],[22,20],[-20,5],[49,24],[161,-54],[38,-100],[31,-8],[-29,6],[27,-11],[-57,-27],[-39,-59],[47,56],[43,-62],[22,15],[-19,-13],[21,-37],[4,40],[79,46],[-15,21],[43,41],[42,22],[23,-14],[35,-91],[123,-79],[-20,-20],[39,0],[-24,-33],[99,-61],[57,8],[-23,-13],[27,-26],[-6,-36],[22,12],[-12,61],[18,-1],[15,65],[55,-11],[-19,-138],[21,-10],[27,128],[118,-5],[-37,-39],[-80,25],[-5,-25],[84,-4],[-11,-43],[14,33],[51,-13],[-2,56],[5,-28],[30,-3],[-26,-104],[36,18],[17,95],[64,-21],[-1,-25],[8,24],[63,-5],[-20,-45],[15,-10],[-50,-2],[1,-22],[117,15],[-7,20],[-34,-14],[-24,23],[9,27],[87,-7],[23,26],[-12,-30],[28,5],[-10,22],[56,22],[76,102],[-61,-98],[15,-19],[15,16],[-9,-26],[23,-25],[44,-7],[13,23],[4,-25],[34,4],[-13,-60],[46,51],[0,-58],[20,83],[36,-14],[2,26],[-34,3],[18,22],[-96,-8],[-12,28],[24,2],[29,65],[-28,-64],[102,18],[-17,13],[6,67],[99,-8],[-28,-237],[-33,3],[40,-9],[6,69],[73,-1],[4,170],[67,-5],[-2,-15],[-29,17],[-3,-35],[31,9],[-13,-163],[-54,-58],[18,-17],[6,29],[44,10],[71,-112],[23,12],[-46,71],[71,-86],[-69,88],[55,-67],[27,-8],[-4,25],[-37,13],[-61,107],[62,-107],[35,-9],[-39,17],[-59,105],[45,13],[-4,30],[36,-100],[9,51],[-25,4],[-13,38],[31,104],[52,-11],[-42,14],[28,35],[-20,26],[5,20],[-3,-19],[29,-8],[-21,29],[25,-5],[12,34],[-9,298],[36,-1],[18,-49],[35,-8],[139,-146],[82,-182],[17,-14],[-1,22],[40,8],[-1,-24],[-41,-9],[2,-22],[13,-16],[-10,21],[53,9],[-4,-149],[34,-9],[-14,70],[26,-3],[-26,8],[1,67],[3,34],[23,5],[-44,32],[-33,134],[23,20],[-30,1],[2,61],[11,23],[46,-14],[48,46],[0,72],[38,-6],[-32,9],[8,52],[33,-26],[22,21],[-39,76],[-12,-31],[-10,15],[-30,-20],[1,-22],[-3,35],[23,5],[-25,2],[-37,102],[26,21],[80,-38],[73,61],[58,9],[318,-183],[57,-108],[-4,-47],[-19,-5],[31,-1],[-3,-61],[-46,-27],[2,-70],[-17,-27],[-8,10],[-26,2],[17,-5],[-18,-50],[-9,3],[49,-169],[-9,-60],[-26,-16],[15,-20],[-22,1],[-4,-101],[-10,44],[-38,-32],[34,-14],[-22,-29],[25,5],[11,-22],[-21,14],[15,-17],[-19,-20],[62,-52],[17,-38],[-17,19],[11,-26],[-19,-8],[53,-66],[38,-10],[-13,-9],[75,-33],[11,23],[84,-27],[61,25],[-35,10],[8,106],[134,-8],[21,-24],[-35,53],[-40,-14],[-8,66],[37,38],[-28,46],[23,0],[8,34],[-59,34],[-7,96],[12,-23],[54,2],[35,-28],[19,-93],[91,17],[15,26],[15,-41],[43,6],[0,-27],[100,57],[42,70],[-40,41],[-11,76],[-49,38],[-27,102],[37,50],[56,-6],[10,-58],[40,-2],[29,-61],[35,-216],[43,-28],[20,19],[34,-41],[-7,-42],[101,-63],[9,-29],[66,10],[-29,26],[79,14],[-17,24],[22,48],[105,111],[95,-84],[-5,-113],[23,-41],[113,-12],[8,-52],[-59,-26],[-10,-31],[51,-169],[-59,-2],[-43,-90],[-94,-29],[-70,-81],[36,-114],[-21,-43],[38,12],[21,-73],[83,-126],[73,-46],[48,1],[-37,7],[15,27],[46,-29],[21,49],[-29,34],[47,34],[65,-40],[-13,-46],[68,-88],[137,-77],[59,-13],[8,22],[20,-20],[149,67],[30,-42],[142,-65],[0,-37],[151,-139],[54,-34],[23,31],[51,-37],[-11,-23],[37,-6],[-10,-23],[41,-22],[-4,-21],[16,20],[-9,18],[67,-43],[97,24],[37,-21],[-25,33],[78,-72],[90,-2],[116,69],[-9,23],[17,-7],[10,25],[-28,1],[-15,45],[42,40],[49,-60],[116,-51],[48,-61],[69,-145],[-25,-73],[30,-21],[35,32],[69,-3],[70,-43],[8,-51],[-59,-24],[-35,14],[-14,-19],[23,-10],[0,-39],[72,-52],[-74,47],[27,-49],[59,-34],[10,24],[2,-27],[38,-19],[-21,-7],[15,-19],[196,-145],[96,-50],[51,10]],[[147672,167268],[134,-218],[-52,-56],[14,-14],[-23,-50],[-31,-14],[-39,5],[-36,43],[11,137],[-46,141],[32,68],[36,-42]],[[153493,167952],[-6,31],[22,-6],[69,124],[15,76],[43,16],[36,-31],[-15,-53],[21,-95],[-14,-91],[-31,-30],[12,-18],[-32,-8],[10,-16],[-26,4],[11,19],[-45,-1],[24,-18],[-32,8],[-77,-128],[-63,-27],[-29,80],[107,164]],[[149707,167966],[44,5],[69,87],[107,-86],[24,3],[-5,-14],[48,8],[-3,-63],[56,-21],[16,-31],[-30,-30],[-14,24],[-47,-11],[0,-57],[-24,52],[-44,2],[43,-4],[9,-42],[-66,-5],[18,-14],[-9,-26],[-85,-15],[-28,-29],[10,-25],[-20,22],[-26,-14],[-40,-93],[-74,-49],[-128,16],[69,142],[-45,98],[-59,55],[24,65],[-39,39],[15,65],[56,-24],[15,-87],[49,-29],[82,31],[-10,39],[32,33],[10,-17]],[[150340,167946],[12,-27],[-2,36],[70,8],[42,-76],[2,-106],[-14,25],[-17,-42],[-91,18],[-41,129],[39,35]],[[148887,168029],[34,22],[84,-66],[-15,-63],[99,-132],[76,-166],[2,-60],[-8,-34],[-31,0],[-72,-96],[-48,-12],[-17,42],[-81,-16],[-32,-40],[18,-14],[-12,-23],[-23,-4],[9,-82],[-132,-28],[-68,67],[23,-5],[-15,22],[-59,-2],[-89,82],[17,59],[16,-20],[27,26],[17,80],[-25,48],[34,32],[8,65],[14,-30],[71,16],[30,131],[71,-7],[17,-23],[44,37],[-1,218],[17,-24]],[[148292,167776],[-23,-12],[-16,113],[-44,23],[6,121],[-34,14],[-42,76],[-56,22],[-15,52],[32,7],[76,-45],[176,71],[60,-16],[-65,-180],[84,23],[9,-88],[-81,-98],[-55,-32],[-12,-51]],[[155468,169439],[46,-21],[33,-55],[-35,-19],[-13,51],[-12,-11],[16,-78],[-60,25],[-36,-70],[-69,30],[-56,-22],[-68,-176],[-66,-36],[-44,20],[-122,-65],[-38,122],[-34,30],[-25,-19],[-49,26],[39,53],[14,97],[172,231],[78,-13],[56,22],[45,-24],[2,-36],[36,-14],[22,19],[40,-57],[16,15],[57,-23],[27,20],[28,-22]],[[154564,169340],[61,37],[35,-12],[-37,-87],[-119,-64],[-117,37],[16,77],[72,-5],[14,24],[59,10],[16,-17]],[[156990,168854],[-62,-50],[-75,-15],[-40,-66],[-82,90],[44,18],[42,-46],[34,29],[6,45],[-37,36],[-18,71],[16,63],[76,25],[69,-23],[23,39],[63,-59],[90,57],[66,-50],[37,2],[5,-21],[17,18],[-25,41],[42,8],[-34,11],[2,18],[27,-7],[-21,98],[24,9],[-65,31],[22,23],[-11,17],[-12,-12],[-38,46],[-85,-10],[-47,33],[6,-37],[-57,51],[-195,-143],[-40,8],[-55,-43],[-113,-11],[-9,-71],[-104,-147],[45,-87],[-68,-56],[-17,-58],[-76,-50],[6,-52],[-67,-96],[1,-56],[62,-38],[-78,-92],[-89,-55],[-106,-6],[-34,96],[-61,78],[110,42],[1,66],[28,-42],[30,3],[23,43],[-10,55],[-24,39],[-128,-28],[-47,33],[56,64],[101,29],[17,56],[44,41],[-20,89],[70,49],[-22,65],[-70,5],[1,29],[31,14],[-23,67],[-18,13],[-86,-28],[1,55],[40,27],[15,43],[-79,41],[10,22],[-22,7],[3,-43],[-64,10],[-85,-95],[-29,55],[11,37],[-47,53],[-57,19],[-75,-52],[3,27],[-58,15],[-21,31],[-67,-7],[-96,63],[-33,-17],[-65,45],[-26,49],[-36,-4],[-65,102],[-42,22],[19,77],[-35,45],[-113,-46],[143,133],[-29,30],[31,-6],[2,-21],[7,13],[-34,40],[30,3],[-23,28],[36,74],[-9,31],[80,61],[-22,-51],[83,-110],[49,-37],[83,-11],[24,54],[44,-3],[19,44],[18,-24],[33,17],[25,-24],[48,0],[166,56],[115,102],[109,-42],[115,46],[18,39],[8,-14],[2,16],[-12,2],[27,7],[-10,38],[92,78],[118,53],[18,69],[-26,-1],[40,43],[44,-19],[35,73],[73,-6],[-20,-55],[44,-29],[91,18],[83,-50],[-7,39],[34,-22],[125,-2],[137,42],[19,26],[-14,12],[113,115],[216,85],[111,-28],[106,37],[80,-7],[-2,-49],[-57,-3],[-18,-45],[36,-38],[86,31],[34,53],[88,-10],[54,19],[-49,-62],[-116,-1],[-64,-98],[-30,-10],[9,-110],[-12,39],[-29,-39],[-4,27],[-23,-13],[19,-70],[15,-3],[-3,29],[19,-44],[57,-19],[53,6],[9,43],[87,-1],[-73,-12],[-20,-26],[14,-55],[52,-33],[-3,-77],[-72,-88],[21,-200],[-29,-63],[-53,-15],[-38,-59],[2,-47],[41,-23],[18,-108],[-82,-27],[-17,17],[-29,-46],[16,-90],[44,-3],[13,-55],[61,-8],[21,-39],[-37,-58],[21,-42],[-54,-163],[-76,-108],[-47,-38],[-38,0],[-25,-52],[67,-160],[-27,-73],[-20,-10],[-57,45],[-49,113],[12,51],[-72,59],[6,24],[-79,115],[-79,-57],[-34,21],[-63,-6],[-53,39],[-38,-24],[-4,-58],[-43,-44]],[[153651,168307],[-20,20],[15,54],[-24,31],[1,-44],[-1,45],[64,145],[44,33],[31,-7],[39,-75],[-13,-108],[-32,-34],[-49,-2],[-25,-35],[10,30],[-40,-53]],[[152520,168906],[28,1],[1,49],[-21,-9],[3,40],[-68,50],[-31,84],[11,38],[-30,22],[-8,87],[53,51],[49,-90],[96,62],[48,-3],[6,-75],[76,-72],[-11,-23],[38,-67],[34,-9],[10,50],[37,-55],[22,10],[25,-26],[-10,-24],[27,-30],[-23,-37],[38,-23],[-19,-9],[14,-27],[123,54],[26,-22],[-51,-89],[-90,-38],[-15,-32],[-45,40],[-66,14],[-29,-69],[-51,70],[-98,8],[-25,52],[-32,-21],[-42,68]],[[153861,169625],[93,-11],[101,55],[47,-44],[-9,-44],[86,-67],[59,-20],[88,39],[-19,-34],[27,-44],[-25,-128],[-156,-130],[-42,-123],[-48,-59],[-50,-12],[-44,19],[-123,139],[-51,26],[-191,21],[-61,56],[-47,-3],[15,34],[-35,35],[-64,-28],[-25,57],[13,32],[61,4],[25,99],[124,-34],[76,7],[-3,-17],[43,30],[-2,21],[28,-4],[10,55],[55,22],[28,60],[16,-9]],[[152994,169634],[39,5],[22,-36],[64,-4],[35,40],[3,79],[63,58],[-27,-243],[-24,-48],[-5,-94],[31,-60],[-19,-16],[-72,44],[-21,85],[-42,15],[-7,122],[-40,53]],[[11333,198],[1,79],[119,30],[51,53],[148,58],[136,5],[128,-25],[149,-62],[50,-75],[-13,-59],[-52,-63],[-9,-75],[-89,-11],[-74,-53],[-120,2],[-28,34],[-101,-20],[-225,34],[-84,70],[13,78]],[[14018,3189],[56,-1],[27,-78],[-175,-188],[-70,-12],[-7,38],[42,86],[-1,52],[128,103]],[[14762,2887],[-99,200],[-39,38],[-17,142],[24,50],[107,68],[218,-118],[75,11],[32,43],[21,-12],[61,-137],[0,-87],[-35,-82],[-204,-158],[-98,-5],[-46,47]],[[13753,2655],[-86,69],[-31,62],[57,57],[134,17],[28,-81],[-9,-81],[-50,-50],[-43,7]],[[125,6592],[-20,31],[-19,-45],[-46,27],[29,-2],[59,89],[155,47],[16,68],[-16,17],[116,105],[160,-91],[15,21],[189,35],[76,43],[60,-34],[6,-25],[78,77],[108,-9],[53,-48],[68,-3],[225,-124],[59,17],[25,-29],[-11,-31],[-117,-55],[-8,-63],[-19,7],[-20,-47],[-137,-68],[-143,-155],[-20,21],[-33,-7],[-66,56],[-71,-24],[-93,28],[-37,-11],[-47,37],[-40,-26],[26,-35],[-20,-18],[-94,7],[-17,33],[-19,-22],[17,-36],[-96,9],[-54,42],[-104,30],[-44,-16],[-57,53],[-109,-5],[-17,45],[-4,-22],[-67,54],[21,36],[67,-45],[0,29],[61,39],[-24,-7]],[[114101,6903],[29,-15],[6,-35],[-39,-78],[-57,-30],[-57,50],[-45,126],[163,-18]],[[24186,9647],[-120,45],[-67,213],[0,73],[29,76],[123,127],[206,69],[164,-41],[14,30],[-2,-38],[143,-47],[93,-75],[24,-102],[-5,-108],[-70,-101],[22,-27],[-24,26],[-33,-31],[28,-36],[-37,30],[-59,-58],[-123,-62],[-211,4],[-95,33]],[[16134,4456],[-164,-127],[-75,-11],[-55,26],[-61,191],[34,16],[32,161],[38,53],[48,19],[77,-67],[29,2],[62,-123],[35,-140]],[[14244,4952],[135,64],[96,-27],[168,-99],[1,-25],[-58,-23],[5,-59],[53,-58],[115,-59],[21,-96],[-165,-61],[-38,18],[-10,77],[-59,25],[-292,27],[-19,26],[-94,-37],[-30,16],[-10,-18],[32,78],[104,-14],[15,18],[85,25],[14,16],[-17,-12],[11,70],[-80,89],[17,39]],[[11276,5610],[36,-1],[19,40],[-34,158],[97,75],[43,113],[71,33],[83,7],[20,58],[-2,53],[-41,55],[-47,9],[-13,-46],[-19,-5],[-18,73],[24,69],[62,47],[182,11],[95,-141],[131,-106],[21,-58],[-8,17],[-20,-18],[32,-60],[144,-64],[39,-104],[-36,36],[-23,-90],[89,-46],[-90,26],[-6,-6],[-13,20],[21,-44],[52,-68],[29,-17],[-9,-42],[85,23],[8,78],[-55,27],[46,-14],[24,16],[27,-24],[44,23],[16,110],[38,41],[92,-68],[69,-19],[56,35],[86,-26],[5,-71],[92,-60],[33,3],[43,43],[17,109],[62,-5],[116,-66],[-2,-142],[83,-119],[69,62],[105,-64],[43,30],[55,-15],[19,-31],[126,-69],[13,-111],[55,-84],[240,-24],[14,-74],[-35,-30],[3,-79],[-30,-68],[-50,-39],[-33,16],[8,-25],[-54,-63],[22,-78],[-23,-79],[48,-86],[-8,-18],[-25,20],[-38,-25],[-6,-31],[56,-92],[-6,-44],[-29,-7],[-113,145],[-30,-3],[-5,29],[-52,-11],[-14,-51],[32,-35],[-54,-32],[-40,-84],[6,-28],[-72,-68],[9,-46],[-41,-53],[-2,-49],[48,-64],[16,-143],[-14,-55],[25,-112],[-49,-23],[-57,67],[-66,9],[-15,38],[-133,2],[-27,-29],[1,-40],[51,-12],[40,-47],[-28,28],[-17,-21],[17,0],[-14,-29],[18,-26],[-33,-67],[-14,8],[25,-81],[-26,-78],[-234,-19],[-258,198],[-163,74],[-224,-29],[-77,15],[-81,-25],[-296,109],[-111,-28],[-37,27],[-251,52],[-162,132],[-43,13],[6,34],[-59,64],[-179,84],[-41,-17],[12,-32],[-22,-112],[23,-40],[-46,-149],[-159,3],[-144,87],[-79,-29],[-145,14],[-255,433],[25,21],[23,-10],[78,65],[40,-23],[15,-37],[-5,18],[64,24],[36,-83],[89,37],[-60,80],[-5,107],[-48,10],[43,140],[46,31],[97,-89],[102,-25],[54,-121],[-17,-3],[-8,-76],[23,28],[45,1],[10,-24],[23,19],[18,48],[-44,28],[3,75],[-89,171],[-20,86],[-8,116],[49,48],[34,-36],[-32,-43],[28,-82],[51,-45],[26,-103],[57,-51],[-20,98],[132,95],[17,59],[29,-3],[37,-31],[-19,-117],[11,-99],[58,60],[47,-14],[16,-30],[-22,-24],[60,-116],[-21,-24],[6,-66],[55,93],[67,-146],[45,18],[-49,155],[-21,14],[50,248],[-79,66],[75,106],[-8,17],[59,51],[-21,73],[16,9],[-30,27],[-38,-14],[-42,25],[12,25],[-43,100],[118,62],[21,79],[-64,79],[-33,111],[-35,-12],[-15,33],[10,61],[37,5],[14,-46],[43,3]],[[11061,4942],[-135,130],[-1,108],[56,-32],[34,42],[31,-14],[-28,-27],[6,-28],[133,-65],[35,-52],[10,-99],[-51,-35],[-90,72]],[[10778,5247],[-38,44],[26,86],[167,50],[49,-39],[-1,-32],[-55,17],[-47,-41],[-22,-107],[19,-32],[-25,10],[-13,-17],[-60,61]],[[19037,9149],[65,45],[79,-77],[246,-31],[-10,-96],[-27,-16],[-8,-59],[60,-146],[-53,-55],[6,-61],[-42,-127],[-64,-78],[-76,-38],[-15,-63],[-148,-67],[-73,-129],[-40,-24],[-13,-156],[78,-86],[-25,-71],[-74,-65],[-90,-136],[-60,-26],[-50,-62],[-27,8],[-25,-25],[-30,-82],[0,-250],[-64,0],[-76,-39],[-49,-65],[-42,5],[-50,-45],[22,16],[-142,-207],[-24,-90],[15,-70],[-19,-22],[5,-57],[64,-83],[31,-11],[3,-51],[-37,-70],[-48,-13],[-28,-104],[123,-310],[-87,-285],[-2,-193],[28,-53],[-60,-211],[-5,-146],[-104,-154],[-83,-61],[-138,21],[-152,144],[-97,7],[-125,-31],[-6,-89],[40,-29],[4,-40],[-58,-45],[-73,-111],[-142,-62],[-214,-7],[-50,65],[-36,-15],[-51,21],[34,19],[-21,35],[-52,-19],[-3,24],[-112,-16],[-3,26],[30,4],[-34,26],[27,6],[-19,24],[22,-23],[51,43],[-21,-2],[-33,43],[-2,-29],[-2,43],[-22,4],[-11,35],[-21,-26],[27,51],[-71,14],[-106,60],[-109,19],[-180,146],[68,141],[73,65],[88,-8],[61,43],[90,101],[45,107],[24,-81],[1,67],[28,3],[43,61],[-45,-5],[-27,82],[-33,25],[43,86],[-10,89],[-133,38],[7,40],[-24,57],[-117,103],[12,41],[-20,43],[-60,22],[-57,-11],[-4,-41],[-37,-26],[-7,39],[-36,16],[-119,-16],[-171,-151],[-34,-60],[5,-43],[-21,-8],[-71,126],[-32,36],[-86,30],[-23,59],[37,22],[11,91],[64,34],[49,129],[-41,17],[-13,59],[37,11],[62,-36],[92,10],[49,29],[75,-9],[14,-38],[73,-42],[3,-62],[30,-10],[156,39],[-5,85],[-1,-49],[-23,-1],[0,52],[20,4],[-30,3],[1,43],[23,-16],[2,16],[-26,120],[13,23],[88,29],[21,70],[-26,64],[-44,34],[-101,17],[-9,38],[63,55],[140,-84],[81,-19],[141,-155],[11,-75],[-68,-109],[2,-53],[25,-33],[-58,-4],[-38,-32],[71,-94],[40,12],[16,57],[87,62],[40,70],[236,-86],[127,-9],[72,42],[56,77],[70,26],[97,-17],[78,24],[70,-62],[12,25],[149,-21],[48,60],[6,105],[-23,49],[-57,13],[-1,43],[83,233],[62,42],[-24,31],[15,85],[-26,61],[143,-9],[79,80],[23,75],[68,91],[10,-14],[65,112],[149,-84],[43,-71],[-4,-27],[49,-17],[17,-49],[57,42],[-26,38],[16,102],[107,252],[-6,76],[40,57],[59,0],[44,42],[-21,2],[-16,123],[-19,22],[-22,-9],[-44,72],[-52,24],[-10,76],[120,105],[92,44],[53,172],[102,128],[31,98],[2,238]],[[24185,11572],[59,35],[76,9],[92,-117],[42,-1],[48,-119],[-17,-32],[-101,44],[-15,-14],[-7,25],[-150,90],[-59,54],[32,26]],[[31872,11089],[10,43],[44,-6],[160,-112],[30,-81],[-22,-62],[-101,-40],[-56,5],[-49,36],[-43,78],[27,139]],[[31921,14486],[106,-95],[56,-125],[-66,-5],[-31,35],[8,-19],[-35,14],[-5,-20],[38,-23],[-15,-66],[-30,44],[-19,4],[-7,-22],[-43,61],[-84,43],[-39,48],[12,23],[-27,41],[100,71],[81,-9]],[[114804,29642],[159,-11],[110,-47],[92,-116],[54,-139],[-83,-232],[1,-140],[-76,-132],[-92,-85],[-205,-56],[-123,-6],[-115,53],[-136,116],[54,128],[-6,234],[59,227],[-17,90],[79,85],[245,31]],[[115367,30988],[24,96],[282,-89],[227,8],[111,-45],[20,-35],[-139,-332],[-97,-38],[-109,-3],[-107,34],[-90,78],[-89,150],[-33,176]],[[30707,12787],[32,-62],[29,-10],[48,-75],[18,-6],[3,-31],[32,-20],[14,-47],[87,-67],[0,-94],[-69,-77],[-12,19],[-12,-27],[-37,10],[-60,-22],[-84,55],[-38,-14],[-50,20],[9,20],[-69,-1],[17,35],[-22,-7],[3,36],[-24,5],[29,39],[-29,10],[-25,-24],[-10,13],[30,27],[-33,-17],[-25,32],[25,28],[-7,79],[-16,16],[-29,-36],[-21,42],[16,36],[47,19],[-58,-3],[19,32],[-21,89],[68,30],[-15,40],[12,47],[50,-7],[56,-157],[117,-7],[7,-41],[-33,-39],[51,29],[28,-16],[-41,32],[-7,67]],[[32122,12000],[-32,69],[1,95],[60,31],[9,63],[28,-35],[46,1],[11,86],[25,-30],[34,12],[-3,31],[11,-11],[36,36],[-14,16],[41,13],[-21,22],[11,12],[38,-19],[-31,43],[21,24],[19,-20],[14,17],[-10,28],[18,16],[-19,4],[-4,78],[-21,24],[35,33],[-53,142],[19,82],[54,54],[55,-36],[1,71],[46,-44],[17,-56],[47,11],[6,-42],[4,26],[7,-24],[17,22],[-22,64],[-26,17],[45,52],[-14,66],[-83,131],[-53,10],[-25,138],[-70,81],[14,14],[-27,5],[12,23],[-29,2],[32,21],[-34,27],[-21,-9],[17,13],[-28,17],[17,21],[-40,18],[15,45],[-20,1],[-22,55],[18,19],[-5,72],[-96,81],[-53,132],[-75,68],[59,-26],[71,-96],[54,4],[31,60],[-68,155],[63,-94],[26,-134],[146,-157],[31,-156],[140,-91],[18,-1],[-6,28],[34,-3],[14,-85],[90,-187],[-1,-196],[46,-63],[8,-61],[42,-44],[0,-34],[79,-83],[24,11],[17,-33],[48,-6],[27,-50],[118,-89],[-57,-81],[-7,-84],[11,-112],[70,-83],[-23,-12],[157,-49],[118,-115],[131,3],[69,54],[186,-77],[83,-70],[26,-127],[32,-47],[65,-34],[66,-72],[60,13],[72,-55],[82,14],[10,-25],[99,-47],[102,16],[102,-98],[32,-137],[153,-178],[9,-48],[98,-131],[31,-7],[73,-84],[-45,8],[-145,172],[-32,11],[-46,-21],[-5,-61],[-42,-9],[-93,69],[-45,-19],[-76,24],[-87,-56],[-96,38],[-122,0],[-40,23],[-40,-24],[-30,19],[-136,-11],[-70,-21],[-43,-44],[-77,-3],[-99,75],[-44,-44],[-51,-8],[-1,-33],[-23,19],[-45,-27],[-35,18],[42,-36],[-160,-21],[-15,-28],[-65,3],[-1,-42],[-47,27],[-115,15],[-5,-34],[-25,-3],[18,11],[-16,24],[-58,-44],[-9,36],[-28,-10],[20,-1],[6,-17],[-13,10],[-50,-35],[-14,-46],[-117,-23],[-31,22],[3,43],[-18,-49],[-125,129],[37,128],[-23,87],[-57,10],[20,-97],[40,-49],[-38,-114],[-69,75],[-128,52],[-24,-20],[-33,45],[-73,28],[-39,59],[-104,43],[-24,151],[-91,186],[53,36],[5,41],[39,30],[22,88],[18,-5],[4,-56],[-33,-83],[80,-107],[1,-30],[24,-5],[58,53],[55,-33],[18,-42],[92,32],[14,27],[-43,39],[18,47],[-18,30],[20,4],[-50,135],[-41,45],[13,28],[-135,171],[-26,-26],[-22,19],[-12,-16],[-11,24],[-15,-22],[-42,41]],[[30707,13164],[30,70],[45,45],[17,-7],[-11,26],[15,7],[10,-25],[12,19],[192,-57],[164,-126],[264,-115],[82,-191],[19,-1],[-23,-9],[-11,28],[28,-76],[38,-55],[27,-70],[8,-158],[-30,-67],[-51,-55],[-147,-41],[-49,23],[-10,-37],[-1,24],[-86,9],[5,18],[-81,21],[-82,67],[-54,5],[-24,-20],[-39,86],[-36,10],[-40,38],[5,31],[-51,30],[35,-16],[-2,23],[-56,27],[6,22],[-24,1],[-11,30],[28,-17],[-7,15],[-64,45],[-26,83],[6,-31],[-23,-3],[-12,54],[64,50],[-26,70],[18,51],[-19,62],[-33,-36],[2,31],[31,13],[-22,79]],[[52959,38048],[126,20],[71,-22],[138,-166],[90,-181],[39,-11],[73,34],[67,-112],[-24,-6],[-15,-39],[31,-2],[9,-23],[17,23],[69,-114],[-35,35],[-20,-23],[40,-43],[17,29],[6,-34],[48,14],[29,-27],[11,-62],[19,13],[12,-19],[-94,-69],[10,-19],[-14,19],[-33,-8],[-35,-32],[14,-39],[-9,34],[24,-5],[-4,-49],[-86,-68],[-61,-142],[-14,7],[38,-65],[-17,-153],[-30,-61],[90,-56],[2,-74],[45,-70],[-26,-39],[-144,24],[-107,115],[-96,33],[-107,72],[-35,50],[-5,87],[-111,125],[30,61],[-26,59],[-47,15],[-42,56],[23,4],[-52,46],[-61,21],[69,60],[-96,-30],[-24,68],[-12,-22],[-61,42],[-295,47],[36,-43],[34,9],[-24,-31],[-73,88],[-89,62],[-43,103],[-37,-101],[17,-33],[244,-186],[-214,131],[-87,142],[19,7],[6,-31],[34,92],[-12,37],[32,19],[39,106],[-45,-96],[-32,18],[-23,-95],[-17,-1],[25,118],[63,82],[41,23],[132,-4],[109,29],[124,57],[-21,-1],[138,94],[11,29],[50,-3],[33,37],[111,14]],[[58084,37677],[-12,64],[29,8],[-26,-10],[2,-24],[40,15],[7,62],[-37,5],[5,33],[80,8],[25,77],[60,-8],[7,-61],[-64,-105],[48,-133],[59,-32],[26,30],[73,21],[3,-32],[-19,-58],[-49,-43],[-47,-27],[-26,10],[-64,-49],[-6,-58],[-24,22],[13,43],[-61,57],[16,55],[-72,93],[14,37]],[[59183,41341],[96,69],[40,61],[133,11],[46,-30],[78,-120],[31,-103],[-100,-164],[-54,25],[-28,-24],[24,32],[-28,31],[-4,-10],[-3,8],[-18,-12],[3,-10],[-10,-3],[33,-15],[-24,1],[-13,13],[-3,16],[-317,-69],[-9,31],[32,58],[11,87],[84,117]],[[68236,42200],[-27,-87],[-91,-93],[-22,-84],[-45,-4],[-19,42],[22,101],[-54,91],[-10,83],[94,66],[81,11],[91,-72],[-20,-54]],[[70362,42477],[67,-62],[31,-3],[-17,-30],[36,-98],[-44,-117],[15,57],[-22,35],[-140,57],[-64,63],[-54,1],[-34,-31],[-6,-77],[-75,43],[-10,54],[-90,-2],[-49,64],[36,133],[-20,38],[55,8],[3,66],[25,-12],[34,31],[7,-38],[35,-1],[-2,26],[36,-15],[16,73],[100,-15],[40,17],[1,21],[27,-90],[-18,-3],[9,-51],[72,-142]],[[69210,47170],[39,-28],[30,9],[34,-51],[68,-36],[24,-174],[-45,-35],[2,-50],[-48,-19],[-7,-25],[2,-31],[17,1],[-19,-21],[15,-89],[37,-64],[-132,-18],[-74,-44],[-26,55],[-101,-9],[-49,72],[-55,1],[-39,49],[13,18],[-26,5],[48,134],[-22,50],[17,30],[-96,-21],[-41,46],[66,141],[44,35],[213,78],[32,48],[79,-57]],[[69020,47928],[31,-19],[-55,13],[-95,-151],[-81,43],[-31,54],[11,36],[25,-12],[97,52],[8,37],[54,-54],[36,1]],[[73044,62129],[-43,82],[56,103],[47,-5],[24,-27],[11,-87],[73,-70],[9,-72],[39,-40],[-24,-102],[-156,97],[-36,121]],[[69564,48540],[-22,5],[-51,-64],[4,-57],[18,-17],[24,15],[2,-33],[-48,-87],[-162,-8],[-76,-31],[-61,-60],[-23,-184],[-57,-150],[-21,-6],[-20,29],[13,8],[-28,9],[43,0],[24,26],[13,121],[-74,113],[6,126],[187,208],[57,166],[119,81],[108,123],[86,148],[-33,11],[19,15],[41,-20],[167,132],[121,235],[175,15],[160,81],[26,-35],[-4,-46],[-93,-27],[-89,-99],[-7,-37],[-62,-28],[-59,-156],[-34,-6],[-3,-82],[29,-33],[-104,-277],[-112,-66],[-69,20],[-92,-27],[-38,-51]],[[70365,43219],[9,-137],[-42,-67],[-62,-35],[-14,4],[14,24],[-25,-11],[3,21],[-44,1],[5,-39],[-90,163],[-9,73],[22,50],[35,40],[94,3],[110,-52],[11,-32],[-17,-6]],[[66533,43383],[-6,67],[41,92],[7,72],[92,71],[142,-7],[92,-49],[24,16],[77,-29],[78,2],[259,94],[151,-102],[38,-73],[99,-64],[38,-89],[-40,-148],[-242,-49],[0,-28],[-84,16],[5,-25],[-28,41],[-48,-11],[-7,28],[-33,-17],[4,30],[-69,15],[-228,-25],[-234,10],[-72,46],[-56,116]],[[69222,35720],[-28,-33],[11,-50],[-65,19],[-8,40],[-24,-16],[-8,28],[-16,-4],[1,54],[59,68],[-9,152],[97,-3],[47,-74],[-26,-55],[6,-102],[-37,-24]],[[69572,37677],[44,76],[11,69],[68,53],[75,8],[59,83],[36,-93],[-78,-50],[21,-10],[-8,-23],[47,15],[50,-15],[11,-66],[45,-50],[-29,14],[-19,-22],[14,-56],[26,-19],[-41,-9],[-24,-39],[-54,16],[-173,-101],[1,15],[-62,8],[-1,8],[-15,10],[7,24],[-5,63],[-11,21],[5,70]],[[69983,38006],[-11,-88],[-74,17],[-20,30],[11,30],[-27,-31],[-24,20],[38,41],[-38,69],[69,40],[23,70],[64,18],[58,-24],[-69,-192]],[[69561,36944],[-24,-18],[-1,-45],[-87,-29],[10,-79],[-30,-48],[-91,103],[-4,83],[-22,31],[6,76],[9,22],[30,-17],[42,31],[126,-82],[16,-33],[26,26],[-6,-21]],[[67746,37064],[251,195],[87,34],[92,-126],[20,-95],[-64,-56],[-95,115],[-43,-42],[36,-44],[-61,-58],[-132,37],[-30,35],[-29,-26],[14,-24],[-46,55]],[[69561,37317],[-108,-93],[-29,-61],[11,40],[-42,18],[-16,-44],[-11,56],[-77,1],[-66,-19],[-61,-50],[91,90],[27,73],[-70,135],[15,32],[-19,123],[9,-39],[14,14],[-1,-91],[98,21],[44,-29],[177,102],[-26,41],[-15,-7],[16,12],[51,-55],[6,-67],[-7,-22],[5,-17],[66,-20],[-2,-63],[-80,-81]],[[65203,34187],[-43,9],[-12,91],[69,49],[23,-24],[66,13],[64,-50],[35,-65],[-110,-34],[-92,11]],[[68400,34184],[-33,60],[36,-57],[20,29],[-42,36],[14,58],[3,-42],[24,45],[-30,4],[169,73],[25,42],[93,15],[48,58],[31,-3],[-49,-68],[-309,-250]],[[59522,34525],[-15,-119],[16,-55],[-84,35],[-54,-22],[23,26],[-25,52],[28,38],[-18,91],[64,61],[-11,51],[102,-110],[-26,-48]],[[60169,34758],[58,-24],[10,-95],[37,-50],[-19,15],[-31,-36],[-28,22],[-25,-23],[-37,7],[-55,108],[39,47],[-2,32],[53,-3]],[[60954,34824],[-4,165],[65,96],[-24,57],[97,104],[-35,129],[39,-7],[24,23],[9,-24],[118,-43],[18,-37],[28,3],[31,-79],[-13,-62],[10,-43],[26,-12],[2,-96],[-39,-6],[4,-18],[-25,14],[4,-17],[-39,-15],[19,-37],[65,12],[-27,-16],[2,-41],[-21,-20],[42,-53],[-64,-13],[-30,-53],[-105,-83],[46,-141],[-14,-42],[29,-190],[20,-11],[-36,-25],[-47,1],[-21,26],[-61,-22],[-46,-102],[18,-37],[-37,-28],[-28,13],[8,63],[-30,11],[40,122],[-28,19],[0,30],[46,88],[-40,53],[-63,-7],[16,97],[-42,110],[27,41],[39,-28],[54,33],[5,42],[-52,38],[20,18]],[[66803,35180],[70,19],[-4,-44],[-32,5],[-6,-28],[-10,18],[-21,-21],[55,-117],[-77,71],[-23,-40],[84,-34],[-22,-24],[-68,20],[-70,-2],[-46,21],[18,60],[152,96]],[[59557,35112],[-31,-18],[-44,54],[-3,74],[21,41],[-16,23],[24,26],[71,-5],[39,42],[19,-28],[-5,-96],[-75,-113]],[[59850,34958],[51,41],[13,66],[22,15],[-10,16],[47,3],[88,78],[8,-67],[35,-21],[76,-140],[29,-12],[23,-69],[-85,-14],[0,-54],[-11,28],[-20,-17],[12,-22],[-43,5],[13,-30],[-15,29],[-25,0],[-72,-48],[7,55],[-23,28],[22,62],[-74,23],[-13,-38],[-31,-13],[3,47],[-33,-10],[6,59]],[[62276,34972],[-34,-1],[0,46],[21,8],[67,148],[13,89],[55,43],[28,77],[41,-74],[20,-1],[-14,-56],[-22,-2],[-74,-114],[-27,-135],[-35,-30],[-39,2]],[[60423,35718],[-4,38],[33,5],[10,45],[35,-99],[30,-9],[43,43],[40,-43],[77,-13],[64,-73],[19,9],[-67,-82],[23,-50],[55,8],[1,-72],[-79,57],[-99,-33],[29,83],[-35,55],[13,11],[-30,17],[-106,-46],[64,-181],[-83,-29],[-21,-96],[-65,19],[8,22],[-39,44],[41,24],[-16,27],[-19,-10],[5,18],[-21,6],[-11,-56],[-23,23],[-28,-33],[-70,59],[-109,2],[-16,19],[4,94],[25,-32],[93,18],[40,33],[22,108],[49,-17],[32,-53],[84,40],[14,75],[-33,35],[21,-10]],[[66341,37677],[-59,127],[-23,109],[-50,49],[-9,46],[-32,-12],[-15,37],[14,-27],[14,10],[-3,31],[-18,-7],[15,18],[-109,212],[-6,89],[-21,9],[20,51],[-23,99],[26,180],[26,50],[-81,108],[19,30],[100,-31],[70,6],[119,-247],[50,-44],[66,0],[4,20],[21,-16],[59,86],[119,60],[-18,15],[15,12],[31,-10],[72,79],[-14,24],[-22,-6],[33,23],[32,-36],[37,104],[29,6],[6,30],[41,-74],[95,-47],[16,-59],[66,-5],[11,24],[64,15],[75,-10],[83,128],[-2,30],[-5,-30],[-30,-2],[-32,46],[49,-33],[-17,14],[26,12],[-9,30],[-41,-10],[59,109],[28,-10],[59,51],[-4,31],[20,8],[-16,-1],[-4,30],[34,25],[-7,22],[35,-40],[97,90],[65,4],[71,56],[57,133],[59,-24],[87,52],[-35,170],[-65,76],[53,29],[-12,16],[27,21],[7,57],[92,22],[65,-102],[52,91],[-6,45],[-33,20],[32,23],[24,-80],[30,-10],[44,51],[0,36],[43,5],[-26,46],[33,2],[9,-62],[20,3],[16,41],[25,-60],[72,-26],[14,-46],[68,-20],[53,28],[31,57],[-11,59],[170,56],[66,78],[18,0],[17,-47],[93,-10],[48,73],[8,128],[47,-23],[32,11],[31,58],[-13,30],[27,-10],[55,79],[10,46],[-40,36],[55,-1],[7,-73],[65,-45],[94,60],[49,100],[93,27],[36,-41],[-14,-44],[33,-14],[-1,27],[23,-21],[46,166],[117,120],[63,118],[9,85],[43,70],[-12,158],[-38,19],[-7,31],[-13,-24],[7,45],[-18,-22],[-154,54],[-23,-24],[-20,34],[-140,62],[-109,99],[-30,11],[-44,-20],[-62,22],[-125,96],[-97,1],[-50,-96],[-47,-29],[-252,86],[-17,96],[23,7],[-4,24],[-107,168],[3,67],[-35,84],[-97,114],[32,2],[-26,49],[23,-10],[-18,34],[26,84],[-20,52],[91,88],[54,-12],[76,27],[-60,15],[-38,215],[-34,26],[-9,-25],[-19,19],[19,24],[-13,23],[-22,-28],[-3,45],[-110,80],[-2,103],[56,96],[-22,41],[27,5],[20,49],[3,115],[76,-28],[52,-64],[46,-3],[54,-39],[60,1],[-19,29],[28,-6],[-2,-33],[34,-35],[62,7],[71,61],[44,-20],[96,7],[50,36],[58,-1],[4,-35],[152,67],[71,-5],[24,39],[49,-5],[80,-16],[107,-67],[44,1],[-4,-41],[-52,-49],[64,-63],[33,14],[-13,45],[90,6],[18,-41],[122,-44],[115,-19],[16,25],[20,-6],[-26,-17],[116,-59],[34,-69],[-117,-94],[-50,-16],[-8,-45],[-37,-26],[17,-75],[-25,-22],[10,-48],[-32,-24],[-29,-108],[29,-58],[-89,-16],[-31,29],[5,-53],[36,-33],[78,-9],[113,-58],[67,-91],[-11,-78],[52,-41],[36,-4],[57,39],[164,-89],[2,31],[53,-29],[-25,25],[101,81],[-19,42],[258,-21],[267,152],[113,4],[59,51],[3,35],[57,18],[121,184],[39,-24],[45,57],[76,-23],[39,88],[28,-62],[-4,-36],[-37,-30],[9,-16],[50,26],[4,40],[31,-70],[117,22],[-53,53],[18,30],[-26,35],[-91,33],[-8,27],[-85,13],[-13,-59],[-32,24],[-10,68],[-23,-18],[6,34],[-50,30],[-11,57],[61,69],[23,-7],[-11,22],[130,160],[65,122],[118,-1],[240,86],[43,85],[142,90],[55,141],[-66,183],[-28,30],[-54,4],[35,76],[48,-7],[12,-45],[85,6],[114,64],[169,45],[53,65],[35,124],[73,50],[29,58],[20,-31],[62,11],[22,39],[-8,95],[69,33],[124,114],[23,65],[51,23],[31,124],[80,12],[-18,114],[38,46],[6,62],[56,108],[81,103],[6,100],[26,8],[32,94],[55,41],[13,52],[-4,136],[-91,54],[-32,67],[26,129],[52,73],[32,-7],[73,78],[98,-32],[19,-25],[-51,-28],[-2,-64],[79,-52],[37,-69],[107,-48],[31,6],[-2,-75],[67,-68],[63,-16],[7,-79],[64,11],[22,54],[55,21],[-3,-21],[79,-14],[-15,-59],[25,-90],[-27,-75],[14,-39],[50,-71],[62,-42],[32,3],[16,-104],[31,-36],[16,15],[-39,-131],[52,-169],[-53,-16],[-11,-35],[48,-61],[34,0],[7,-54],[39,-50],[3,-61],[-29,-22],[17,-1],[-7,-36],[-38,-52],[46,-99],[-35,-43],[-8,-77],[-47,-17],[78,-49],[35,40],[-2,-118],[-71,-24],[-52,-74],[10,-47],[20,2],[-33,-55],[5,-42],[-170,-75],[6,-54],[-44,-64],[5,-25],[-67,-1],[-66,-48],[2,-30],[50,-4],[20,-62],[-18,-37],[-31,14],[-67,-38],[-3,-43],[44,-66],[-84,-51],[-11,-34],[-43,23],[-33,-19],[29,-45],[-52,-37],[-3,-114],[-25,-49],[23,-79],[-72,-101],[-39,8],[-91,-50],[-14,-141],[-33,4],[-26,-35],[-45,28],[-15,-77],[-57,-38],[18,-106],[-32,-35],[-48,-4],[-1,-26],[-43,-31],[16,-30],[-59,-19],[-25,-74],[-53,-25],[-44,22],[-99,-22],[-15,-29],[-89,9],[-57,-48],[-31,12],[-67,-26],[-45,8],[-7,-18],[-23,19],[-244,-34],[-139,65],[-138,12],[-42,37],[-154,-26],[-37,-114],[54,-80],[5,-50],[51,-14],[24,-100],[-53,-89],[4,-61],[-146,20],[-20,30],[-22,-27],[-32,3],[-7,23],[-54,-11],[-110,51],[72,-174],[100,-72],[28,-46],[92,-215],[89,-65],[-128,2],[-52,-31],[24,-165],[-18,-45],[-55,34],[-63,-17],[-53,13],[-253,-92],[-102,-100],[19,-72],[-84,42],[-35,-21],[-8,-56],[38,-41],[-107,37],[-202,199],[-103,26],[-7,40],[-21,-58],[-22,7],[25,16],[-10,14],[-95,-12],[-68,-58],[-25,28],[-75,-19],[-33,55],[28,87],[-8,47],[-17,-4],[4,-60],[-41,-53],[-53,-9],[-12,32],[-14,-14],[116,-193],[2,-38],[40,-38],[24,-118],[38,-57],[40,-14],[13,-68],[-188,6],[-92,-32],[-26,22],[3,-33],[29,-20],[-2,-41],[-37,-41],[-66,-23],[-187,42],[-34,27],[-52,-53],[-16,8],[29,-74],[-29,-33],[-33,7],[-21,47],[-66,3],[-62,-70],[30,-35],[5,-56],[95,-76],[-4,-46],[28,-54],[-19,-77],[-95,-52],[-39,22],[-34,-11],[14,-29],[34,-6],[-22,-58],[-328,-120],[-27,4],[-62,90],[-96,5],[-37,-19],[-16,-42],[17,-57],[-72,-40],[19,-16],[2,-74],[40,-38],[-26,-27],[-47,-3],[-29,-60],[9,-120],[78,-40],[-9,-50],[-25,35],[-83,31],[-186,-36],[-25,33],[-22,-43],[-97,60],[24,32],[-33,39],[-27,-1],[25,-41],[-25,-2],[-8,47],[-34,-13],[-60,44],[-102,-1],[-123,106],[-52,-5],[-23,36],[-131,-49],[-84,51],[-87,-28],[-78,-61],[-46,-2],[-49,-44],[-36,-111],[-75,-85],[45,-33],[-52,-86],[13,-34],[-15,30],[-27,-42],[-48,48],[-89,31],[38,-71],[-43,25],[-11,-16],[27,-33],[-16,-29],[-36,14],[-10,-46],[47,-57],[119,-16],[7,-36],[-41,-17],[61,-134],[56,-14],[84,23],[-82,-24],[36,-49],[30,8],[86,-67],[56,-15],[-10,-21],[43,-63],[162,-103],[-12,-19],[67,-111],[27,2],[-2,-38],[-3,34],[-73,-23],[17,-133],[-34,-35],[2,-107],[201,-309],[175,-140],[198,-4],[-126,-17],[88,-79],[56,-75],[-1,-31],[44,-31],[-22,-18],[32,-82],[43,-13],[-35,-10],[25,-49],[14,11],[-30,-30],[10,-54],[22,-6],[-18,-106],[-88,-23],[-61,68],[14,-7],[7,23],[-23,11],[-3,-22],[-21,38],[-46,-86],[42,91],[-48,20],[-28,-48],[18,49],[-80,33],[-129,120],[-219,293],[-30,7],[-97,219],[-35,14],[-118,-46],[-51,-62],[-161,-101],[-53,-89],[18,-14],[-16,-52],[81,9],[-2,-33],[10,33],[2,-45],[70,-6],[21,-50],[-9,-21],[-40,-6],[-58,16],[1,-23],[71,2],[-15,-8],[-105,11],[-44,-31],[-60,5],[-28,-77],[22,18],[-14,-53],[18,-40],[-67,-19],[-110,39],[-64,-89],[-12,-105],[63,-65],[21,8],[1,-102],[-27,-76],[18,-21],[-54,-51],[13,-49],[-15,47],[-41,15],[-82,-92],[-57,-32],[-36,-115],[-34,-41],[-9,-92],[-16,5],[-38,-63],[-22,-279],[28,-25],[-33,-63],[78,-114],[-79,113],[-44,0],[-72,-132],[-14,9],[-46,-59],[-33,23],[-30,-38],[-30,12],[8,-16],[-151,-96],[-19,-44],[-1,-17],[18,-16],[151,-42],[29,-129],[55,-17],[-4,-31],[28,16],[-7,-27],[34,-28],[13,-77],[-36,-2],[-8,-38],[27,-5],[-11,-21],[33,-38],[-20,-56],[89,-5],[10,32],[10,-41],[56,-15],[28,82],[-21,-1],[-27,-64],[-6,20],[35,56],[7,77],[53,71],[281,82],[1,16],[77,-1],[22,-49],[-21,-88],[16,-49],[76,-2],[43,-57],[-16,-15],[13,-157],[-69,6],[-82,-124],[-108,-52],[-65,-77],[15,18],[31,-45],[-52,-50],[26,32],[-25,6],[4,22],[-53,-36],[-41,-52],[3,-30],[-27,6],[-84,-128],[-83,-40],[-75,46],[-76,1],[-104,-61],[-8,-83],[-60,-1],[-57,-32],[-42,-70],[-56,14],[-52,-29],[-69,-83],[-5,-47],[-47,-25],[-70,-168],[-96,-39],[-26,-96],[-145,-56],[-93,45],[-139,-46],[-186,-116],[-52,-80],[-61,-11],[-44,63],[-62,-2],[-96,54],[-42,-14],[7,25],[-35,32],[3,114],[28,35],[5,184],[69,154],[-59,25],[28,49],[-17,8],[96,36],[5,-28],[10,35],[-99,-20],[43,57],[60,26],[-58,-14],[-5,22],[-24,-6],[-7,60],[63,46],[17,-47],[2,66],[-128,-27],[-7,26],[33,9],[-10,42],[-95,-26],[34,-120],[-33,-31],[-46,23],[35,-6],[-9,34],[-23,-5],[12,45],[-20,40],[-3,-37],[-9,37],[28,12],[-42,173],[294,112],[-52,102],[-71,58],[-80,1],[-62,-21],[-20,-36],[11,-77],[-30,-10],[10,25],[-18,9],[-12,70],[117,58],[-8,35],[-39,-19],[-21,26],[57,8],[-15,46],[-53,-2],[-3,80],[69,3],[32,-32],[7,18],[-57,32],[-128,-30],[-38,31],[10,33],[31,-11],[18,23],[-7,171],[-99,164],[67,62],[17,73],[-29,9],[86,85],[28,62],[44,19],[77,-70],[75,-2],[-25,-20],[43,1],[94,-112],[28,21],[-26,34],[36,-22],[6,30],[-108,34],[-7,19],[21,4],[-27,2],[-65,78],[37,36],[-17,12],[-30,-39],[29,41],[40,14],[17,-15],[13,26],[18,-22],[40,3],[1,43],[38,0],[11,45],[-9,-44],[65,35],[57,-35],[23,26],[-54,19],[-2,47],[-21,0],[1,-38],[-17,25],[2,53],[27,-20],[-13,153],[-18,1],[-11,-61],[-3,62],[-27,-1],[-20,-128],[-91,0],[0,88],[71,14],[0,41],[-40,22],[-6,135],[57,-1],[3,22],[0,-22],[60,-1],[-36,-5],[13,-31],[-17,-6],[3,-31],[75,-1],[-24,-3],[18,-32],[18,-1],[-12,28],[67,-45],[-21,43],[0,168],[-105,15],[-39,-38],[-6,13],[40,29],[152,0],[58,-29],[129,171],[54,30],[34,91],[27,14],[32,-48],[25,55],[34,2],[1,-17],[6,22],[32,0],[27,-19],[-7,-49],[20,57],[-13,-67],[21,36],[9,-23],[19,7],[52,53],[-15,39],[28,-31],[-26,35],[29,-18],[44,37],[-21,32],[22,35],[-19,10],[108,5],[14,-39],[31,4],[-7,35],[-18,-2],[-21,22],[17,-15],[29,5],[8,23],[12,-14],[19,45],[-26,-6],[6,20],[33,-11],[23,28],[62,14],[18,24],[-19,30],[23,36],[45,-27],[14,18],[2,106],[38,133],[-63,14],[-4,50],[-26,27],[-12,50],[41,77],[-18,20],[16,-21],[-46,-3],[9,-19],[-44,-26],[-51,56],[-42,122],[3,49],[31,7],[0,45],[33,35],[-46,145],[14,47],[-34,19],[7,-30],[-22,-8],[-33,151],[24,63],[-48,-11],[-27,72]],[[233176,280939],[-45,-44],[-64,25],[-58,-50],[-11,44],[23,46],[-52,11],[-20,-19],[-12,30],[130,109],[107,-46],[71,28],[-18,-108],[-51,-26]],[[226658,283229],[-11,162],[-59,159],[26,75],[59,55],[191,-38],[212,19],[85,-24],[105,-169],[-17,-88],[-140,-88],[-204,-15],[-104,-43],[-35,-42],[-57,20],[-37,-20],[-14,37]],[[227583,294072],[46,26],[21,47],[-21,29],[-1,-38],[0,75],[-48,58],[22,-1],[-13,38],[23,-20],[18,19],[0,44],[82,68],[-5,34],[25,-4],[36,97],[32,-4],[-9,32],[48,0],[7,33],[-31,16],[38,39],[-8,56],[79,58],[61,115],[92,25],[64,-15],[19,42],[57,-33],[63,7],[30,-30],[54,2],[89,28],[47,73],[35,10],[140,7],[397,118],[114,-4],[74,64],[32,-25],[48,17],[43,-14],[58,53],[75,25],[-1,15],[15,15],[-10,-21],[23,3],[-11,11],[21,-14],[12,11],[128,224],[35,-164],[-13,-126],[32,-4],[-1,17],[3,-18],[-34,-16],[-2,-105],[-128,-137],[-30,-97],[27,-38],[-60,-55],[-27,-66],[-189,-121],[-136,-163],[21,-31],[-24,4],[-15,-27],[32,-9],[15,29],[5,-46],[-39,20],[-52,-83],[16,-32],[-22,-48],[-2,-196],[23,-47],[61,-39],[-44,-69],[-4,-25],[24,-3],[-16,-37],[23,45],[-9,-48],[-41,-42],[28,-114],[-64,-87],[-39,-181],[-88,-190],[-14,-161],[-93,-111],[-29,-123],[-82,-58],[-12,-26],[30,17],[-83,-82],[-84,-50],[-167,1],[-172,-72],[-37,-52],[30,-27],[-19,-57],[11,54],[-19,14],[-27,-28],[12,-89],[7,2],[-5,17],[4,4],[74,60],[-76,-65],[4,-12],[-3,-35],[-10,-28],[-103,201],[-118,40],[-122,78],[-74,3],[2,69],[50,72],[13,162],[-32,82],[31,98],[-21,91],[-63,59],[-25,69],[23,49],[-12,41],[65,143],[0,126],[-123,232],[-56,37],[33,7],[5,34],[-85,57],[-23,79],[19,16]],[[254133,331019],[-10,-62],[36,-3],[75,-87],[4,-44],[-136,-152],[-57,-31],[-29,-52],[-349,-46],[-35,110],[34,11],[-11,20],[192,96],[183,193],[65,47],[38,0]],[[255327,330793],[-285,45],[-52,-21],[-80,12],[-50,55],[81,71],[145,61],[66,-23],[83,27],[32,38],[224,33],[47,-71],[-33,-11],[24,-130],[-18,-53],[-75,-50],[-109,17]],[[251704,342532],[-13,87],[-35,38],[-78,15],[-57,97],[-21,72],[18,50],[-45,65],[57,71],[-177,64],[31,54],[16,-22],[43,11],[30,-32],[-8,16],[92,42],[12,60],[-97,94],[30,-1],[23,79],[-13,28],[-37,6],[-45,112],[92,82],[-13,34],[31,8],[17,41],[128,28],[31,112],[54,56],[79,40],[129,20],[8,38],[39,13],[27,46],[-21,37],[47,-8],[1,63],[77,35],[42,-38],[16,96],[60,39],[45,-15],[33,23],[50,-81],[73,-12],[52,-40],[43,11],[140,-120],[76,41],[23,-9],[-17,-44],[-29,-17],[-18,21],[16,-60],[-23,-53],[85,-53],[163,-3],[110,25],[151,-88],[70,95],[29,-27],[64,-7],[18,-45],[19,15],[28,-19],[-19,-78],[45,-43],[187,-51],[98,-82],[107,-150],[20,-84],[87,-59],[-6,-57],[91,-160],[79,-548],[-297,-216],[24,-25],[-46,-18],[28,-29],[-8,-34],[-117,-86],[-40,11],[-45,-18],[-31,-38],[5,-62],[-85,-57],[14,-73],[-95,-53],[-77,61],[-29,-41],[-130,-9],[-202,-71],[-35,-56],[-112,-45],[-134,40],[-15,97],[-107,19],[-64,69],[-143,50],[-154,176],[-146,36],[-149,94],[-86,79],[-53,141],[-131,84]],[[250492,346998],[41,-51],[-82,-44],[3,-63],[-71,-136],[28,-208],[-14,-72],[-45,-36],[67,-178],[1,-407],[-63,-164],[-60,-23],[-18,-36],[112,-333],[-68,-132],[-12,-121],[-18,25],[-22,-18],[-13,-38],[42,23],[-68,-77],[8,-32],[-23,9],[36,-134],[-28,-100],[18,-64],[-51,-68],[-87,21],[-121,-32],[-56,29],[-125,147],[152,113],[15,82],[-24,99],[-36,30],[5,89],[-202,231],[-29,1],[-24,69],[-26,0],[22,126],[-59,119],[-4,137],[-40,53],[-28,133],[-73,76],[-8,60],[-78,131],[5,70],[103,38],[-25,105],[-53,46],[-7,47],[97,156],[-26,49],[-75,-7],[34,28],[-4,28],[-55,22],[83,10],[67,43],[13,82],[-42,89],[-122,98],[-222,50],[115,78],[29,72],[-47,73],[-82,12],[-22,71],[27,50],[-12,61],[67,-96],[86,-29],[-49,4],[31,-41],[45,-2],[15,-81],[65,-25],[21,-29],[-33,-5],[2,-26],[61,-35],[27,-51],[94,-56],[199,-32],[223,58],[123,103],[-34,120],[-21,2],[19,19],[-16,18],[-15,-18],[-10,121],[24,28],[217,-167],[76,-124],[13,-84],[117,-179]],[[303082,306782],[-98,-36],[21,98],[105,202],[10,-53],[90,-71],[-128,-140]],[[306577,308870],[-59,18],[-40,-72],[-41,-13],[39,14],[12,90],[54,43],[123,-13],[56,35],[48,-49],[314,64],[46,-18],[17,-83],[104,-34],[-219,24],[-93,-49],[-20,-47],[28,-27],[-355,-45],[64,69],[-27,62],[-51,31]],[[313204,310992],[-50,-5],[-8,-40],[-41,-10],[-126,47],[33,72],[-34,46],[111,105],[55,-19],[3,-50],[64,14],[-15,-57],[89,-17],[-16,-49],[-65,-37]],[[240569,310833],[-30,75],[-49,22],[14,28],[-43,25],[18,21],[-18,39],[-77,21],[-2,33],[-79,54],[-38,65],[30,40],[4,137],[49,61],[11,92],[41,58],[-15,107],[46,31],[-11,28],[-36,5],[-27,64],[-57,-24],[47,53],[35,-18],[-5,29],[71,3],[47,47],[-39,49],[24,8],[-11,24],[58,16],[7,68],[-49,20],[1,37],[-53,43],[34,-12],[14,20],[40,-24],[52,52],[63,205],[56,76],[-8,109],[23,7],[9,90],[46,25],[-67,169],[-128,119],[88,-32],[92,17],[40,-31],[47,13],[17,-26],[103,17],[10,33],[65,5],[-50,-11],[70,-56],[178,62],[18,-36],[46,-4],[-3,22],[18,-28],[18,44],[52,1],[20,38],[42,-44],[42,22],[73,-64],[90,-20],[76,11],[214,90],[98,64],[15,50],[98,49],[4,46],[-26,26],[77,80],[-3,88],[42,61],[54,20],[-138,52],[7,65],[47,-3],[-1,24],[47,-18],[21,22],[25,-22],[27,26],[62,-10],[36,38],[39,-4],[8,-29],[34,20],[44,-31],[38,9],[3,-28],[54,15],[37,-43],[66,-2],[62,-85],[1,-74],[52,-51],[76,-3],[130,41],[25,-32],[-31,-37],[4,-39],[90,-113],[92,-38],[12,-75],[105,-8],[-4,-44],[33,-41],[49,-48],[51,-7],[-3,-31],[48,-37],[23,11],[-5,-35],[104,-11],[-7,-37],[55,-27],[-2,-37],[75,-107],[16,10],[4,-22],[27,22],[58,-63],[61,28],[10,-62],[40,-44],[60,-13],[38,31],[31,-17],[-48,-23],[19,-34],[18,21],[65,-34],[-18,1],[6,-39],[111,2],[44,23],[111,-42],[58,52],[-5,-51],[63,-141],[115,10],[47,-30],[-65,-109],[-5,-48],[39,-49],[-41,48],[6,43],[-71,-49],[2,-32],[37,2],[-20,-21],[40,-32],[-13,-40],[43,-40],[227,-85],[175,-22],[143,-57],[70,14],[119,-78],[42,24],[22,-28],[46,2],[63,32],[33,-49],[-18,-18],[28,-15],[88,42],[-5,-19],[131,-113],[119,4],[-7,-103],[45,-34],[114,30],[25,-77],[49,-22],[35,20],[-5,-23],[20,7],[6,-38],[35,-19],[55,17],[107,-27],[27,30],[37,-10],[27,-30],[24,-137],[-16,-62],[-27,8],[-9,-27],[1,-25],[35,22],[-7,-21],[-39,-8],[-3,-90],[148,-83],[84,1],[-2,-66],[360,-15],[330,47],[65,27],[-10,32],[33,-32],[48,3],[99,79],[-56,136],[69,-45],[28,8],[-29,65],[-32,-6],[-10,32],[-29,0],[60,24],[45,-25],[-21,23],[27,19],[56,-43],[35,-130],[121,-33],[168,59],[47,-11],[39,28],[-3,29],[99,-26],[221,35],[45,59],[-44,63],[9,71],[49,-28],[42,40],[7,45],[32,-25],[124,-9],[28,12],[-3,30],[68,-25],[123,23],[211,130],[144,50],[335,9],[56,-19],[39,20],[42,-29],[42,17],[20,-13],[-55,-105],[36,-24],[3,-77],[55,4],[13,-44],[-101,-86],[17,-80],[-87,-48],[-10,16],[-57,-16],[-23,-49],[45,-1],[15,-28],[-73,-30],[14,-40],[74,42],[10,-17],[-52,-21],[8,-16],[45,17],[-26,-51],[74,30],[22,-40],[-61,-26],[15,-27],[60,24],[19,-35],[-55,-37],[35,-20],[65,27],[99,-67],[-42,-41],[102,-43],[18,32],[9,-24],[50,5],[53,-59],[235,6],[195,-67],[39,-40],[204,-27],[91,-52],[73,-4],[34,-41],[137,-47],[195,-130],[199,-39],[103,-67],[178,-67],[352,118],[506,215],[454,256],[143,118],[-39,48],[180,140],[-15,28],[22,-21],[27,18],[35,-33],[-24,-19],[27,-27],[52,13],[50,-192],[61,12],[-31,131],[27,-2],[-29,9],[-25,88],[19,36],[-26,113],[78,62],[18,-16],[-36,-60],[23,-21],[55,45],[23,-20],[33,16],[18,54],[39,6],[-58,44],[-45,-33],[-23,22],[85,64],[-58,23],[47,-10],[79,-73],[-65,91],[-58,13],[54,-11],[65,49],[-42,-36],[88,-28],[108,52],[656,723],[74,139],[300,301],[154,201],[7,51],[106,101],[127,194],[-28,263],[74,155],[5,44],[-21,0],[18,23],[-39,-30],[59,57],[-46,82],[-5,103],[98,304],[-23,168],[-26,0],[-9,-30],[7,38],[32,12],[-32,288],[-329,624],[-80,77],[-33,130],[-57,33],[3,71],[-44,13],[0,-22],[-23,84],[-179,163],[-41,67],[6,102],[-48,83],[-89,72],[-25,83],[-34,22],[30,69],[-10,102],[38,43],[-25,95],[28,23],[-21,7],[37,16],[129,268],[48,22],[138,514],[-56,200],[10,46],[-249,224],[-53,214],[-136,191],[17,84],[-35,100],[-4,211],[-158,292],[22,18],[-9,104],[-40,62],[5,47],[-29,6],[19,9],[-27,62],[-49,53],[10,77],[-34,38],[23,148],[-19,16],[127,153],[-16,42],[38,48],[-4,31],[32,53],[-30,-54],[14,-18],[59,58],[127,224],[33,-3],[75,58],[18,133],[28,4],[43,70],[-36,47],[37,-22],[29,29],[12,101],[-37,17],[50,118],[123,152],[84,54],[6,31],[74,1],[79,80],[190,49],[152,112],[98,29],[42,48],[182,38],[141,114],[43,-35],[52,13],[37,-22],[142,7],[83,42],[152,6],[52,43],[177,281],[143,44],[64,0],[55,-29],[99,30],[-20,-43],[-36,5],[24,-36],[-33,-2],[-9,41],[-26,-3],[-6,-52],[73,-36],[126,47],[34,91],[43,23],[110,-57],[55,19],[64,130],[60,28],[92,-7],[81,71],[84,153],[128,38],[119,264],[123,167],[42,105],[94,25],[-34,1],[74,59],[25,62],[-24,18],[23,1],[5,58],[28,0],[21,55],[-40,12],[38,0],[8,75],[-15,60],[-66,37],[52,77],[7,142],[-37,58],[38,-58],[-4,-127],[44,4],[-5,-59],[35,-43],[102,-14],[-5,-56],[23,9],[17,57],[-15,22],[-77,11],[-22,33],[37,-10],[-16,36],[-25,-19],[-15,57],[75,42],[-31,80],[59,89],[2,76],[-101,-17],[-29,75],[-40,-5],[182,24],[-6,86],[69,145],[-5,126],[93,70],[23,51],[48,295],[-25,96],[33,339],[-20,597],[-112,870],[3,250],[7,-27],[64,102],[-20,701],[-43,313],[54,309],[-143,807],[18,89],[-23,304],[48,14],[-35,-20],[4,-25],[86,21],[-2,30],[10,-26],[88,-2],[144,134],[92,143],[165,512],[48,74],[19,-20],[7,27],[37,2],[-11,26],[26,-32],[36,4],[-70,48],[75,-13],[-32,51],[49,-7],[41,63],[47,243],[362,368],[167,328],[90,256],[75,337],[52,627],[0,242],[-28,147],[49,52],[33,318],[51,100],[110,43],[81,238],[74,621],[19,324],[-17,446],[-79,658],[-40,177],[-50,62],[19,-4],[-1,26],[17,-29],[50,-1],[-44,9],[39,17],[-5,29],[-37,-21],[-21,49],[34,22],[-72,469],[-166,717],[-254,906],[-95,176],[14,32],[-56,29],[9,50],[-32,9],[49,-5],[-10,28],[-75,-24],[16,-90],[-19,90],[32,53],[-40,-8],[74,20],[-12,130],[-313,823],[-499,1114],[-1254,2386],[-251,724],[-7,111],[51,275],[-21,184],[39,79],[419,454],[152,243],[63,178],[7,121],[-48,136],[17,13],[-28,29],[-15,-25],[-29,4],[-11,42],[110,-1],[164,152],[162,192],[163,299],[35,183],[-8,119],[-281,356],[21,8],[-51,209],[4,303],[71,231],[53,71],[-7,102],[61,2],[141,-141],[33,-22],[20,14],[63,-61],[132,-245],[111,-19],[-59,-34],[89,-38],[-4,-19],[-100,8],[-17,-70],[2,-88],[51,-32],[18,16],[-46,39],[-1,57],[89,1],[1,-32],[-36,-2],[22,-56],[23,-15],[27,52],[48,0],[13,-85],[26,58],[37,0],[13,-39],[30,0],[0,42],[36,0],[0,-60],[52,-1],[1,-77],[26,-10],[251,25],[144,37],[95,52],[35,170],[100,-63],[27,21],[-2,-51],[40,-31],[120,-30],[226,7],[215,45],[288,109],[250,126],[267,198],[102,107],[121,177],[71,158],[-10,28],[-44,-8],[21,14],[-50,34],[36,16],[6,-22],[-24,140],[28,85],[53,55],[-4,66],[-27,-8],[0,24],[-8,-34],[-8,26],[31,23],[10,104],[90,34],[91,87],[-1,139],[53,43],[-43,-55],[36,39],[24,-26],[28,6],[58,60],[70,7],[63,39],[137,0],[13,-30],[4,25],[53,6],[116,84],[66,-26],[52,10],[5,-31],[-45,14],[36,-72],[73,38],[10,-42],[60,-5],[86,-88],[45,-125],[-10,-38],[44,-47],[21,-218],[124,-142],[104,-75],[106,-131],[91,-44],[55,5],[64,-64],[147,-42],[74,-125],[4,-151],[148,-105],[-34,-92],[33,-37],[-27,-12],[21,-57],[154,-199],[154,-137],[272,-172],[215,-115],[41,11],[-19,-14],[210,-150],[561,-317],[262,-174],[31,25],[-11,-49],[119,-113],[191,-269],[501,-539],[79,-115],[67,-58],[16,24],[19,-83],[442,-518],[1457,-1479],[191,-173],[16,9],[26,-66],[248,-253],[456,-380],[488,-484],[107,-35],[200,12],[-83,-135],[84,-117],[68,-1],[-23,-72],[66,-47],[66,-10],[19,-65],[74,-56],[139,-7],[-36,-47],[22,-73],[-20,-142],[35,-55],[44,-11],[-11,-37],[40,1],[10,-59],[25,-8],[-36,8],[-40,-45],[50,-140],[84,-37],[-35,-7],[17,-40],[84,-21],[127,-112],[38,-8],[39,-130],[60,-21],[7,-30],[106,-76],[50,17],[39,-17],[-84,-93],[6,-122],[97,-106],[71,-39],[9,-64],[-27,71],[-64,-86],[67,14],[-50,-34],[19,-98],[101,58],[-64,-60],[-63,-3],[27,-120],[385,-419],[110,-49],[-3,-21],[92,-1],[31,-23],[49,-79],[-2,-119],[61,-25],[2,-51],[77,-74],[71,-192],[87,-85],[-24,-11],[25,-97],[96,-84],[146,-32],[105,-151],[16,-90],[65,-42],[33,-61],[154,-105],[-7,-169],[255,-199],[112,-233],[134,-160],[239,-164],[134,-153],[131,-78],[20,-93],[117,-63],[122,-161],[225,-159],[78,-11],[55,55],[-50,-88],[54,-73],[173,-144],[80,5],[14,-59],[105,-51],[87,-113],[143,-42],[-1,-51],[106,-153],[98,-32],[46,-52],[169,-87],[81,-146],[256,-228],[82,-21],[56,19],[17,-53],[61,-44],[-32,-63],[22,-74],[101,-82],[65,-13],[-21,-10],[27,-24],[-16,-84],[74,-4],[75,-39],[87,-152],[47,21],[27,-36],[-49,2],[36,-23],[-16,-45],[168,-208],[194,-182],[447,-311],[187,-109],[88,-21],[44,-60],[141,-27],[99,68],[-17,-28],[43,-2],[-60,-106],[35,-65],[271,-198],[830,-519],[923,-526],[135,-60],[54,36],[91,-146],[37,-8],[-39,-31],[-13,29],[-23,-43],[83,-116],[454,-273],[632,-336],[152,-59],[116,-84],[127,-60],[117,-25],[41,-71],[46,-22],[23,-82],[95,-65],[31,-65],[42,-13],[-46,6],[-61,63],[-56,-34],[27,-68],[21,5],[-4,39],[16,-64],[-25,-6],[6,-29],[42,11],[33,-55],[-46,-31],[35,-2],[-13,-34],[17,-20],[90,33],[27,-18],[-17,-19],[61,-58],[-55,-20],[22,-28],[348,-240],[419,-231],[782,-372],[1119,-478],[736,-274],[-53,-39],[53,20],[37,-13],[35,30],[3,-37],[28,43],[-15,-34],[34,-39],[1205,-445],[748,-243],[168,-22],[18,42],[-33,-89],[24,-29],[50,-12],[26,20],[1241,-359],[975,-250],[936,-185],[711,-112],[150,-8],[102,48],[149,-4],[40,42],[20,-45],[-38,-2],[109,-42],[-25,-27],[102,-63],[648,-161],[350,-47],[49,-27],[19,23],[203,-50],[202,5],[223,68],[52,79],[62,35],[88,-67],[94,-356],[-60,-235],[39,-65],[-47,-122],[134,-75],[-10,-114],[-59,-41],[-23,-143],[83,-102],[175,-141],[90,5],[21,-49],[41,-14],[23,30],[40,-26],[-31,13],[-18,-24],[60,-55],[-35,-58],[-70,6],[-3,-26],[-30,-1],[89,-26],[11,-39],[30,20],[-27,32],[36,-33],[-51,-38],[3,-31],[87,-125],[89,-68],[-46,-63],[40,-100],[285,-174],[309,-143],[516,-190],[807,-213],[747,-152],[1082,-142],[466,-34],[757,-9],[22,-26],[41,63],[240,-28],[537,39],[568,80],[480,104],[145,182],[403,150],[12,78],[-31,64],[107,74],[107,141],[98,10],[335,178],[72,96],[104,40],[241,172],[58,60],[28,80],[106,104],[66,230],[61,70],[27,83],[55,-9],[21,-51],[60,4],[95,79],[13,38],[71,29],[29,103],[113,30],[107,91],[19,51],[-19,33],[29,11],[68,-33],[86,25],[-35,41],[76,2],[-48,34],[-56,-25],[63,35],[-18,25],[35,-5],[-2,35],[46,-8],[-28,-6],[-1,-28],[73,-20],[5,16],[-60,21],[68,-20],[1,22],[108,79],[53,88],[-28,87],[18,71],[26,1],[19,38],[28,-9],[11,52],[59,-18],[-3,53],[44,30],[52,-15],[0,40],[48,11],[12,-16],[51,30],[93,7],[19,51],[87,76],[49,6],[44,65],[61,41],[23,-11],[30,41],[77,-9],[30,77],[38,-4],[6,37],[62,43],[5,60],[50,-22],[20,40],[32,-14],[74,59],[78,121],[162,35],[120,81],[59,86],[-30,51],[42,-22],[45,53],[64,-17],[60,95],[168,59],[113,120],[106,20],[163,105],[228,100],[234,327],[87,158],[20,94],[83,82],[-15,57],[69,63],[-15,75],[30,7],[72,102],[55,9],[42,41],[-6,25],[261,169],[7,82],[83,61],[30,72],[67,-3],[124,116],[14,103],[66,7],[31,39],[-34,66],[62,99],[91,-20],[121,67],[56,110],[-41,36],[10,50],[57,27],[-12,26],[47,44],[-14,47],[39,35],[26,-16],[18,15],[-3,49],[37,8],[-20,27],[59,38],[26,-7],[32,45],[42,0],[81,-69],[85,-24],[11,-24],[-56,-77],[-1,-105],[51,-67],[77,-24],[-7,-41],[29,-44],[-77,-82],[54,-203],[-19,-62],[30,-56],[51,-29],[-16,-44],[43,-56],[-1,-48],[51,-52],[-1,-53],[25,-27],[79,-14],[-36,-145],[0,-45],[29,-14],[-37,-11],[1,-40],[-46,-2],[21,-29],[-14,-41],[-131,-72],[-58,-63],[26,-175],[-55,-58],[32,-86],[-72,-47],[-22,-61],[-57,-51],[-65,-137],[4,-129],[-55,-87],[-132,-59],[-37,-113],[-103,-93],[-35,-103],[-48,-49],[-91,-28],[-54,-124],[-88,-92],[-311,-205],[-60,-84],[-131,-395],[-39,-85],[-25,-6],[-73,-222],[68,-342],[-82,-66],[-5,-109],[-222,-330],[-243,-123],[-33,-48],[36,-37],[-19,-70],[-61,-65],[58,66],[-8,85],[-42,-57],[38,-8],[-60,-40],[13,39],[-68,-31],[22,-17],[31,20],[-34,-29],[-40,3],[-49,-80],[-121,-90],[-86,-185],[-266,-216],[-37,-138],[-142,-94],[-35,-79],[24,-18],[-13,-38],[-5,45],[-173,-275],[-15,-121],[-79,-102],[-30,-149],[-109,-108],[-59,-189],[-145,-158],[-29,-75],[40,-164],[-32,-74],[32,-14],[-1,-26],[-17,31],[3,-28],[-30,11],[-3,-27],[73,-183],[-91,-364],[-116,-291],[-241,-155],[-70,-87],[12,-101],[34,-51],[-74,-194],[63,-198],[5,-190],[69,-203],[221,-270],[143,-120],[16,-100],[336,-518],[61,-167],[141,-114],[-4,-23],[-50,40],[-56,3],[14,-29],[16,22],[5,-30],[22,8],[-4,-39],[31,10],[1,-80],[36,-7],[21,-46],[-25,-19],[7,-69],[105,-104],[264,-118],[1090,-375],[821,-190],[207,-70],[203,-104],[152,-139],[106,-318],[-34,-76],[-78,-79],[-95,-56],[-102,-25],[-520,-8],[-37,35],[98,-3],[-12,40],[150,-33],[-308,148],[288,-65],[-28,32],[64,-23],[-6,109],[354,49],[137,55],[19,52],[-22,-40],[-8,212],[-22,-89],[8,38],[-34,-5],[23,52],[-28,-33],[35,62],[-85,-76],[9,-31],[-102,-16],[-59,-54],[-26,16],[-3,37],[23,-38],[54,45],[51,7],[-49,-4],[1,16],[-71,18],[100,2],[-47,33],[42,22],[21,-13],[-36,-22],[80,7],[51,88],[-25,35],[-20,12],[-15,-17],[9,-50],[-28,-31],[-22,123],[-77,29],[12,-36],[-23,-17],[-26,42],[-66,-15],[-24,47],[36,-11],[4,26],[-124,49],[-26,-19],[42,-12],[-114,-12],[37,-7],[-32,-25],[52,-19],[-160,4],[-185,-57],[117,161],[54,15],[-44,9],[-241,-155],[-32,0],[-30,41],[-52,10],[44,30],[90,12],[12,74],[-173,-73],[63,-1],[-340,-138],[352,210],[45,70],[-30,38],[-395,72],[-124,-6],[-64,90],[-210,53],[-101,14],[-120,-56],[96,-60],[-8,-46],[26,-40],[-4,-39],[-90,-68],[9,-85],[211,-169],[52,9],[55,-32],[5,-49],[-24,-11],[21,27],[-54,-66],[-10,-72],[67,-76],[28,7],[-3,-53],[53,-38],[-13,-47],[18,-4],[-18,-32],[-27,0],[0,-54],[182,-264],[65,-238],[-22,-52],[19,-21],[-9,38],[62,3],[-61,150],[80,-178],[40,-441],[35,-204],[73,-165],[79,-303],[24,-320],[205,-553],[172,-252],[113,-252],[274,-369],[395,-373],[448,-306],[93,-147],[151,-104],[199,14],[335,-109],[109,-70],[337,-96],[66,-32],[1,-29],[116,39],[81,-44],[7,-73],[79,4],[10,55],[14,14],[-4,-28],[55,99],[86,61],[4,99],[97,102],[-14,20],[37,55],[85,16],[56,53],[10,42],[-39,28],[6,40],[74,27],[55,83],[22,-1],[-2,-35],[60,-11],[213,117],[17,51],[-52,60],[100,5],[22,20],[74,-13],[42,63],[134,69],[15,41],[-22,13],[35,49],[72,-19],[35,37],[-78,92],[97,15],[149,128],[18,-17],[51,34],[81,4],[91,80],[99,24],[49,90],[154,74],[10,101],[44,24],[14,51],[47,13],[4,60],[49,42],[219,14],[44,-14],[-13,-45],[55,-33],[29,7],[5,34],[59,1],[71,-46],[76,3],[90,-47],[101,15],[241,-25],[28,34],[77,15],[41,55],[-19,35],[39,34],[30,-11],[7,-53],[80,27],[59,-30],[27,9],[-17,42],[71,37],[-12,36],[86,36],[76,-13],[-40,-74],[20,-34],[48,-17],[121,34],[-5,-54],[129,-11],[42,-46],[58,22],[-32,21],[20,16],[21,-48],[246,17],[127,-42],[-28,-15],[1,-42],[-54,13],[-1,-35],[-71,-54],[-3,-108],[60,-8],[-13,28],[35,-37],[-15,-29],[-143,-91],[-78,17],[-78,-36],[-2,-55],[-52,-22],[-3,-32],[-75,-23],[-79,-58],[2,-35],[-132,-35],[15,-50],[-23,-24],[21,25],[-12,37],[-44,-17],[8,-22],[-49,2],[-74,-54],[17,-28],[44,6],[-13,-29],[-77,36],[-42,-23],[-11,30],[-61,21],[-59,-4],[-28,-19],[8,-53],[-36,-61],[-54,-44],[-44,5],[15,60],[-43,16],[-29,44],[-96,15],[-80,-47],[-6,21],[-34,-1],[-81,-113],[-77,-24],[29,34],[-31,-7],[4,-18],[-106,6],[-114,-67],[-59,-76],[61,-69],[-54,-50],[-53,23],[8,30],[-36,35],[-159,67],[-210,7],[-206,-45],[-160,-67],[-129,-89],[-13,-83],[30,-10],[21,-54],[-36,-52],[-46,2],[-29,-59],[-79,25],[35,-78],[-21,-62],[-112,-97],[-6,-43],[-27,-1],[-5,36],[-35,-16],[-38,58],[-97,-29],[-1,-28],[-2,32],[79,30],[51,-1],[-24,62],[-20,-1],[10,-37],[-20,21],[-71,-5],[-103,-34],[11,-15],[-39,-20],[28,-48],[-46,-26],[24,-74],[-43,-32],[8,-39],[-74,-105],[-65,-420],[-66,-85],[13,-116],[95,-54],[-144,-105],[-156,-12],[-68,-64],[-30,-69],[9,-60],[35,-41],[43,22],[11,-109],[-29,-58],[-56,-21],[7,-23],[-64,28],[-33,-24],[-63,-1],[-35,68],[-63,-19],[-38,-42],[20,-9],[-27,-46],[37,-25],[-36,-4],[5,-29],[21,1],[-16,-29],[98,3],[44,-56],[56,6],[19,-22],[-36,-35],[28,-70],[-47,-39],[-333,-99],[8,85],[-47,46],[138,31],[0,76],[-96,137],[-149,82],[-337,34],[-342,-33],[-149,8],[-623,-82],[-126,5],[-249,-79],[-28,-2],[-2,27],[-75,3],[-65,-18],[-54,-82],[-55,26],[-43,-48],[-54,24],[-22,-45],[-27,7],[-74,-71],[-84,11],[5,38],[-76,31],[-87,-23],[-34,38],[-100,-14],[-567,-210],[-128,-80],[-66,-78],[-59,-3],[-8,-55],[-57,-20],[-6,-38],[-83,-5],[-29,-45],[-214,-47],[-252,59],[9,49],[-69,17],[-13,71],[-83,21],[-10,-21],[-31,37],[-325,-91],[-154,-116],[-42,-67],[-47,19],[-81,-35],[-75,-115],[-14,-42],[18,-10],[-22,8],[-37,-53],[-38,-327],[108,-296],[-22,-49],[-29,8],[-12,-63],[10,71],[-126,5],[-111,-50],[-104,-110],[-35,-82],[34,-105],[-68,-70],[49,-74],[-29,-66],[-50,-5],[-24,-29],[-117,0],[-164,-48],[-133,-114],[-6,-35],[-151,3],[-113,-27],[-17,-103],[-56,2],[-30,-50],[28,-108],[38,0],[30,-40],[-68,-81],[-9,-95],[-137,-49],[-104,-71],[-39,24],[-44,-50],[-103,42],[-74,-79],[-36,15],[-32,-46],[-29,18],[-34,-67],[-32,2],[-46,-44],[-50,20],[-43,-30],[-20,18],[-66,-26],[-72,86],[-50,-3],[-29,-42],[-36,8],[-56,22],[9,20],[-25,16],[-39,-9],[-11,33],[-111,17],[-17,21],[-40,-17],[-12,-94],[-35,-46],[-50,83],[-142,-2],[-21,41],[-48,21],[-178,-53],[-39,13],[-62,-38],[-97,17],[-31,39],[6,74],[-45,39],[6,-37],[-31,34],[23,9],[-237,94],[69,64],[-81,115],[-65,36],[-110,19],[-117,-26],[87,156],[-41,138],[-43,34],[41,39],[-20,-24],[33,-22],[69,67],[-63,49],[18,17],[63,-48],[54,52],[-49,38],[-1,-30],[-19,14],[30,29],[37,-29],[29,27],[45,0],[33,55],[-402,157],[-367,-2],[-150,-38],[-130,-67],[-16,-29],[23,-8],[-462,-429],[-262,-465],[-59,-222],[17,-96],[36,8],[-19,-27],[28,19],[30,-60],[145,-65],[119,-190],[118,-21],[48,-73],[55,-4],[152,-118],[144,-67],[5,-31],[-55,-34],[-391,-24],[-507,46],[-7,-23],[0,30],[-30,8],[-61,-19],[-33,30],[-446,30],[-178,109],[-100,16],[-198,-14],[-145,90],[-263,-2],[-222,-35],[-94,13],[-57,-26],[-171,36],[-161,-19],[-115,-41],[-266,70],[-17,-29],[11,30],[-47,3],[-96,-49],[-119,-7],[-189,-100],[-187,-37],[-341,88],[-148,-24],[-70,65],[-26,-10],[-48,84],[-223,7],[-106,61],[-155,23],[-89,42],[-55,56],[-7,42],[-45,8],[13,17],[-49,-17],[22,40],[-102,3],[-106,-30],[-84,21],[-15,28],[-74,3],[53,17],[16,52],[39,-15],[40,29],[-39,83],[26,77],[-27,13],[-13,-37],[-21,5],[18,57],[-39,39],[-25,-60],[-32,7],[16,48],[-37,35],[26,-16],[20,16],[-10,38],[-16,-11],[-22,24],[-43,-31],[-53,67],[-45,5],[-27,-38],[-46,19],[-55,-45],[-44,9],[39,77],[-45,6],[-33,-64],[-79,12],[34,64],[-35,5],[-34,-63],[-49,6],[13,67],[-50,3],[-15,-69],[-58,0],[-6,119],[-62,10],[-471,-21],[-973,-169],[-459,-133],[-381,-142],[-311,-146],[-282,-187],[-176,-72],[-33,21],[-63,1],[-6,-17],[-19,26],[-158,-91],[-400,-166],[-849,-489],[-684,-442],[-467,-331],[-600,-479],[-415,-375],[-6,-68],[-1,71],[-40,-63],[-206,-185],[-130,-80],[-256,-219],[-148,-169],[-57,-12],[-111,-85],[-582,-500],[-70,-36],[-505,-464],[-249,-197],[-129,-149],[-44,-3],[-88,-70],[-430,-419],[-1083,-1176],[-1079,-1333],[-137,-219],[-31,14],[1,-76],[-450,-661],[-509,-892],[-130,-273],[-15,-104],[-110,-139],[-232,-523],[-7,20],[-20,-39],[-11,-49],[151,-71],[61,-46],[-151,87],[-19,-32],[74,-26],[-25,-39],[-79,15],[-18,-32],[62,-27],[-23,-39],[-84,36],[-14,-28],[41,-60],[-48,-26],[39,-28],[-35,-4],[29,-41],[57,79],[-12,-56],[-35,-30],[12,-17],[-22,4],[-46,-77],[-116,-308],[-17,-89],[26,-39],[-40,-142],[98,-141],[8,-135],[73,-40],[0,-25],[29,0],[-43,-20],[-14,-128],[25,-82],[212,-121],[0,-64],[-42,-86],[40,-45],[3,-47],[-40,-85],[8,-112],[-52,-48],[1,-48],[-100,-195],[10,-59],[38,-20],[-35,-21],[-38,-100],[-66,-326],[15,-74],[72,-40],[9,-30],[-88,-169],[-8,-154],[-42,-40],[-69,-217],[-2,-163],[60,-104],[-23,-20],[14,-36],[-31,-17],[38,-80],[-53,-52],[27,-28],[-30,-48],[-110,-34],[-1,-21],[-3,19],[-47,-2],[11,-19],[-43,7],[-28,-96],[-60,-64],[36,-55],[-37,-51],[-49,-10],[-7,-41],[-57,13],[-49,-25],[-126,-99],[-51,-97],[106,125],[-199,-329],[-167,-514],[-13,-175],[-39,-117],[6,-103],[63,-117],[-22,-12],[9,-38],[62,-119],[-45,18],[-10,-20],[-47,3],[-1,42],[-166,161],[-7,35],[-89,44],[-36,94],[-62,-3],[-5,65],[-75,3],[-40,59],[-50,-11],[-97,50],[-36,98],[-103,55],[-52,3],[-69,129],[-192,122],[-7,89],[-43,81],[18,43],[-43,45],[2,40],[-124,142],[-43,119],[-79,17],[-8,72],[-78,84],[-230,122],[-76,87],[-131,40],[-22,53],[-84,62],[-217,98],[-35,-11],[-67,31],[-85,83],[-54,6],[21,23],[-22,13],[-285,112],[-56,44],[-99,9],[-166,80],[-124,10],[-2,36],[-119,64],[-27,112],[-149,104],[-51,-16],[5,18],[-85,23],[-183,267],[-125,51],[-145,17],[-41,30],[-124,22],[-149,-25],[-27,-38],[20,-34],[-47,34],[15,66],[-39,29],[-60,-3],[-6,-21],[42,-12],[-52,-3],[0,-19],[17,-3],[-19,-2],[0,50],[17,53],[-70,31],[2,21],[-57,-30],[-164,28],[-241,-21],[-313,113],[-506,42],[-186,144],[-188,97],[-274,91],[77,-3],[-36,49],[16,5],[-19,27],[-33,-26],[-91,139],[-43,24],[-135,28],[-163,-6],[-74,27],[-111,97],[-170,32],[-164,-6],[-65,68],[-69,26],[-263,-1],[-121,104],[-32,-4],[27,6],[-21,0],[4,31],[-70,82],[-231,150],[-52,66],[-38,3],[18,13],[-15,18],[-27,-13],[-30,18],[9,27],[-89,39],[-96,3],[-95,94],[-214,112],[-124,96],[-97,24],[-107,-9],[-51,33],[-141,24],[-56,-11],[-5,40],[-98,16],[-123,59],[-345,195],[-135,12],[-62,-30],[-165,71],[0,33],[-71,40],[-30,-6],[-28,71],[-28,-1],[-277,269],[-15,62],[18,6],[-49,47],[-246,99],[-183,26],[-157,-17],[-99,89],[-391,167],[-162,182],[-313,124],[-258,209],[-242,103],[-90,87],[-253,137],[-3,16],[39,-5],[-169,222],[-336,291],[-222,135],[-52,116],[-59,56],[-141,65],[-10,15],[31,8],[-28,89],[-174,153],[-380,190],[-314,94],[-389,57],[-558,23],[-14,27],[23,10],[-55,74],[-46,23],[-575,93],[-64,102],[-74,16],[32,25],[-61,102],[-199,155],[-252,119],[-246,247],[-199,157],[-122,63],[22,24],[-65,25],[2,37],[-37,33],[-239,117],[-129,193],[-82,76],[-180,103],[-927,338],[-8,46],[-69,-84],[-63,36],[49,-25],[37,48],[-35,33],[-31,-37],[84,122],[-32,20],[-40,7],[-42,-55],[-27,27],[-45,-61],[17,-14],[-20,10],[-83,-99],[-269,84],[32,103],[40,1],[10,30],[-21,10],[-108,20],[-46,-139],[30,98],[-110,60],[-299,70],[-151,15],[-14,-24],[-36,9],[11,34],[-234,38],[-332,28],[-260,-14],[-1,33],[-100,14],[-285,-17],[-207,-27],[-9,-72],[-71,-54],[70,55],[0,67],[84,62],[51,-7],[10,23],[-32,4],[16,18],[115,65],[246,93],[31,-15],[95,30],[-6,37],[172,71],[60,-19],[103,41],[-40,79],[-382,-150],[-33,47],[-33,-12],[26,-51],[-428,-165],[-57,-8],[-65,125],[-30,-15],[-28,-30],[50,-97],[-5,-82],[-47,-7],[26,-26],[-21,-22],[-41,39],[-46,-4],[56,-113],[-19,-25],[-82,-6],[-12,118],[-86,-30],[-82,-11],[-1,17],[-387,-73],[-647,-161],[-853,-307],[-792,-391],[-781,-437],[-327,-231],[32,-52],[-76,-132],[73,131],[-42,44],[-23,-23],[21,-24],[-18,-12],[-18,19],[-20,-13],[25,-28],[-64,-23],[31,-50],[-87,64],[-462,-318],[-1011,-786],[-214,-29],[-48,48],[-32,-33],[47,14],[16,-16],[-316,-205],[-52,32],[-50,-2],[-245,-174],[-601,-499],[-303,-309],[-301,-358],[-29,-65],[35,-59],[-158,-27],[-128,-137],[-15,-44],[30,-48],[-45,-29],[37,30],[-33,-3],[6,23],[-20,1],[11,-31],[-11,21],[-50,-16],[-51,-47],[2,-28],[-43,-16],[-107,-130],[-17,-62],[-32,-6],[3,-51],[-27,-8],[22,-63],[33,13],[-30,-97],[-59,-2],[-34,-59],[-61,22],[-46,-20],[-92,65],[-13,-22],[-19,20],[-24,-10],[-40,53],[-124,-30],[42,48],[-100,-21],[-30,36],[35,39],[-24,43],[-31,-11],[-170,72],[-61,-32],[-21,45],[-47,3],[11,30],[-48,41],[15,33],[-148,151],[5,84],[30,1],[-5,-36],[14,28],[27,-18],[-29,25],[129,21],[-6,21],[-86,-9],[85,11],[-7,56],[128,14],[-6,-37],[39,-12],[-17,-43],[34,40],[25,-6],[-30,-72],[75,51],[25,-29],[-47,-30],[47,-58],[32,54],[21,-24],[-16,-34],[59,19],[-22,-48],[57,11],[-14,-46],[25,-9],[-3,-17],[-24,17],[-2,-103],[25,49],[21,-3],[-8,-57],[49,-1],[11,69],[33,-70],[27,5],[-26,70],[68,-20],[-29,54],[41,-27],[25,60],[-61,15],[-18,171],[366,74],[-83,42],[-345,-35],[-9,62],[141,12],[11,28],[-81,25],[31,95],[-46,-91],[-51,17],[-66,-36],[-21,5],[8,30],[-247,40],[-110,63],[-144,0],[-178,84],[-61,-3],[11,42],[-35,-5],[6,-87],[-25,130],[-80,57],[-21,266],[-73,356],[-25,44],[-42,-15],[34,21],[-44,138],[-305,497],[-76,79],[-86,45],[-33,5],[-23,-43],[11,37],[-38,15],[5,-57],[-23,14],[10,34],[-40,22],[-223,75],[6,22],[-33,-3],[-144,144],[28,22],[-35,-13],[-106,100],[-56,2],[-26,38],[-34,-7],[5,59],[-105,80],[-173,35],[-110,-36],[42,77],[-59,156],[36,11],[-27,28],[35,13],[59,-57],[2,74],[-68,19],[6,16],[-46,-36],[-5,25],[-56,1],[-37,43],[71,83],[-55,45],[53,-38],[17,22],[-38,30],[25,26],[-33,63],[-255,276],[-19,7],[-37,-43],[-58,41],[57,-35],[15,17],[-38,37],[14,15],[-88,28],[-163,172],[-117,66],[-17,36],[-108,15],[-47,-22],[-18,43],[22,51],[-38,40],[-17,-8],[8,15],[-30,13],[-13,-23],[3,23],[-41,21],[-205,41],[-256,-17],[-108,22],[-181,-45],[-23,31],[-77,-39],[-38,16],[-157,-54],[-94,-59],[-59,4],[-125,-74],[-83,29],[-55,-11],[-90,-39],[-18,-58],[-29,1],[-61,-48],[-170,67],[-39,-8],[-42,83],[-50,7],[-24,28],[-91,9],[-257,181],[-84,-25],[-28,29],[-133,4],[-68,-39],[2,-39],[-29,-13],[-117,10],[-46,36],[-34,-38],[-49,-6],[-163,75],[-78,3],[-175,-109],[-540,-474],[-309,-326],[-21,-52],[30,-20],[-40,18],[5,-24],[-36,-11],[91,18],[-108,-26],[-167,-201],[-238,-325],[29,-17],[-36,5],[47,-29],[-34,19],[4,-24],[-22,-1],[18,-12],[-22,3],[21,-11],[48,27],[-48,-28],[-32,17],[-54,-60],[-190,-320],[-232,-417],[-6,-39],[44,-3],[17,-16],[-17,14],[-15,-22],[12,-4],[11,1],[22,15],[-9,-11],[-13,-6],[-7,0],[-18,5],[-4,15],[-25,11],[-23,-17],[-230,-491],[-214,-566],[14,-26],[-33,-15],[-53,-128],[-165,-688],[-15,-175],[6,-499],[35,-135],[35,-24],[-7,-58],[52,-155],[24,7],[-4,-36],[97,-140],[47,-42],[65,-13],[100,-87],[172,-34],[263,-130],[62,28],[-9,-29],[83,-35],[274,-27],[97,20],[94,-12],[115,-71],[16,12],[20,-40],[23,16],[0,-30],[59,-32],[126,-207],[127,-51],[161,-144],[50,21],[-4,20],[-25,1],[27,18],[-35,13],[41,-13],[10,-42],[-17,-16],[107,-143],[165,-63],[40,17],[95,-200],[194,-146],[4,18],[42,-19],[8,24],[-5,-40],[242,-141],[122,-185],[54,-44],[24,13],[-17,-29],[31,-37],[215,-127],[85,-9],[101,-86],[37,20],[1,-37],[58,-31],[263,-33],[139,-46],[53,10],[4,27],[12,-39],[55,7],[7,37],[15,-21],[136,32],[9,35],[9,-24],[40,-1],[138,35],[587,232],[450,-43],[91,47],[180,162],[117,-45],[232,-194],[37,8],[106,-72],[213,-53],[38,-40],[79,-313],[89,-162],[223,-146],[88,-12],[84,22],[17,-339],[40,11],[-25,-14],[21,-24],[17,12],[7,-30],[5,73],[-3,-76],[45,-32],[28,-120],[66,-62],[30,-75],[17,-12],[23,25],[34,-26],[-32,17],[-17,-18],[68,-39],[-22,-6],[33,-28],[-9,80],[17,-72],[199,-128],[138,-143],[127,-35],[81,-73],[98,3],[57,-30],[18,-66],[143,-54],[71,-91],[144,-110],[30,-41],[14,-133],[62,-94],[186,-155],[60,-88],[11,-157],[51,-102],[88,-65],[36,21],[24,-19],[49,39],[-22,-46],[44,-139],[95,-141],[31,-5],[-14,-11],[55,-14],[199,-133],[77,-15],[-7,-16],[104,-31],[60,-47],[184,-65],[28,-33],[84,6],[36,-38],[22,19],[17,-21],[17,34],[74,-12],[51,40],[129,-36],[53,8],[78,-36],[33,13],[33,-40],[56,6],[13,-20],[89,-8],[-30,-10],[29,-7],[23,23],[74,-25],[151,-106],[121,-33],[23,11],[8,-31],[75,-35],[120,-23],[79,-77],[20,-65],[76,-7],[83,-84],[195,-39],[78,-54],[1,-62],[-83,-35],[9,-173],[38,-97],[154,-74],[81,-75],[110,-39],[71,23],[34,-45],[51,-5],[-3,-25],[29,-15],[-24,-47],[56,-52],[-34,-85],[21,-29],[-90,-58],[-38,0],[-37,-45],[-132,-39],[-35,-71],[-92,-80],[-183,7],[-83,-23],[-59,41],[15,34],[-107,18],[-154,-27],[-56,-31],[-204,-220],[-2,-62],[-54,-16],[26,-75],[-23,10],[-87,-70],[-33,17],[-42,-37],[-47,-130],[23,-52],[-24,-8],[-21,-65],[-76,-12],[-19,-44],[-93,1],[-30,-47],[-94,-18],[-25,-52],[29,-86],[-85,-14],[-48,38],[-96,2],[-84,-85],[0,-66],[-57,1],[7,19],[-32,6],[9,-26],[-18,3],[-33,60],[-58,7],[-88,-45],[-55,-71],[-119,-22],[-34,47],[-36,7],[-358,-117],[-132,24],[-91,62],[-10,95],[-64,92],[-91,75],[-20,-15],[9,16],[-57,56],[-154,81],[-446,173],[-119,31],[-118,-1],[-169,104],[-104,19],[-97,-43],[-2,37],[-81,16],[-64,-30],[-219,81],[-45,38],[-389,119],[-324,9],[-391,-99],[-135,-102],[-76,-135],[-37,-6],[-11,-34],[60,-96],[-75,2],[-157,-80],[-46,-2],[-49,52],[-15,93],[-72,121],[3,135],[71,90],[-5,30],[8,-25],[39,14],[-12,29],[45,78],[-19,102],[29,3],[12,-71],[48,11],[-50,-29],[85,19],[-54,-29],[62,6],[-101,-21],[40,-7],[-48,-19],[30,-2],[-23,-9],[38,-32],[25,27],[46,-15],[-20,-58],[62,-64],[101,91],[-19,6],[44,16],[19,60],[-53,3],[4,40],[4,-31],[46,-3],[24,42],[-39,30],[-33,-3],[1,22],[68,24],[0,25],[-44,2],[1,26],[45,-1],[-23,71],[16,8],[-25,-2],[10,19],[-27,19],[-57,-21],[-18,107],[-55,-45],[-43,65],[62,83],[-65,3],[-66,45],[-78,106],[-244,75],[-297,21],[-315,-101],[-114,-67],[-116,-113],[-55,-160],[37,-125],[-99,-159],[-21,-148],[-108,-104],[25,-32],[-14,-55],[23,-10],[-55,-57],[-22,-174],[-84,-27],[-82,17],[-24,-59],[-98,-16],[-34,-86],[-228,-57],[-40,-63],[-78,-54],[-52,4],[-117,-97],[-62,-71],[0,-37],[-54,-12],[-70,-112],[-127,18],[-217,-35],[-5,-29],[-22,4],[20,-1],[-8,28],[-50,15],[-42,-31],[-153,-18],[-63,51],[-84,-52],[-151,-2],[-99,-52],[-156,-177],[-80,-165],[-28,-136],[-93,-1002],[6,-279],[20,12],[-24,-33],[1,-129],[28,-221],[35,-52],[47,-6],[7,-79],[31,-16],[-41,-16],[5,-72],[-109,-164],[5,-47],[-68,-4],[-50,-34],[-21,-36],[15,-18],[-51,-68],[-104,-70],[-7,-66],[-29,2],[8,21],[-20,-10],[-8,31],[-69,-25],[-27,25],[-36,-38],[-67,-19],[-23,21],[-2,-26],[-49,-11],[-77,15],[-46,-22],[-34,32],[-93,-41],[-71,22],[-84,-36],[-7,-29],[-42,9],[-49,-99],[-55,-14],[-21,24],[-13,-21],[-77,32],[-77,-37],[-49,-55],[-213,-85],[-44,-45],[-183,-32],[-25,-28],[16,21],[-26,6],[6,-37],[-40,25],[-64,-10],[-320,-115],[-19,-29],[30,-2],[-83,-14],[-18,-103],[27,36],[27,-21],[-28,4],[-25,-44],[-12,-105],[-139,-53],[13,-62],[-38,-20],[10,-43],[-30,-48],[-61,-35],[38,-19],[-59,-39],[27,-37],[-28,-49],[-76,-51],[-52,-89],[-62,-44],[-34,-160],[-53,-44],[-8,-112],[-173,-98],[-51,-94],[-37,-7],[-185,63],[-204,201],[0,25],[-41,5],[-145,137],[-80,15],[-54,46],[-95,-19],[-53,6],[-90,56],[-61,-33],[-58,25],[-88,-54],[-36,16],[-83,-38],[-29,19],[-76,-34],[-69,2],[8,-38],[-41,-29],[-54,13],[11,-23],[69,-11],[-47,-20],[-56,49],[-5,34],[-126,17],[-65,106],[-214,149],[-99,98],[-59,21],[-49,-20],[7,65],[-58,18],[6,41],[-128,141],[33,87],[-9,80],[-72,103],[20,21],[-48,30],[6,38],[-72,35],[-28,81],[26,122],[-66,35],[12,112],[-61,32],[15,10],[-29,24],[16,39],[-20,73],[-76,75],[4,113],[-46,72],[-1,53],[-46,50],[-65,13],[-20,37],[41,-35],[-25,27],[15,38],[-49,66],[-22,-5],[15,-59],[-22,71],[26,11],[-9,45],[-21,-2],[9,83],[-21,26],[30,71],[-43,88],[16,95],[-12,103],[-25,25],[35,83],[-31,67],[-5,107],[31,60],[-19,63],[125,274],[25,142],[-24,40],[92,89],[4,64],[-34,66],[43,27],[-13,-28],[29,6],[24,32],[-20,93],[43,53],[-9,161],[17,92],[54,95],[-2,157],[147,146],[30,93],[20,-53],[-14,44],[30,3],[45,75],[0,58],[177,162],[127,194],[-4,75],[13,-27],[41,39],[-44,-8],[46,29],[32,-6],[169,293],[65,197],[19,174],[-5,242],[-20,38],[-26,2],[0,56],[100,67],[95,13],[78,-33],[18,33],[38,-12],[20,21],[35,-27],[49,22],[-44,-24],[15,-23],[11,28],[-10,-29],[26,-27],[106,-3],[115,129],[74,168],[41,267],[-7,105],[-32,41],[39,20],[11,87],[-56,125],[-36,11],[31,-2],[-25,29],[-74,21],[-33,-51],[-31,-2],[47,62],[-23,17],[29,42],[101,20],[-74,-26],[-7,-29],[16,-25],[54,-6],[6,25],[3,-20],[24,9],[-38,17],[85,9],[-11,23],[-45,-1],[55,5],[20,33],[29,-35],[21,22],[54,277],[-18,7],[69,55],[-8,91],[-39,22],[23,38],[-3,101],[44,43],[16,73],[-80,477],[-45,162],[-75,112],[5,81],[24,-2],[48,55],[7,80],[-78,78],[-72,320],[-38,70],[-50,30],[-104,25],[-41,-17],[-40,21],[52,93],[-16,48],[-73,65],[19,68],[-21,70],[-61,14],[13,67],[-57,43],[-124,1],[50,49],[-1,47],[-37,16],[4,42],[-39,26],[-26,-8],[-55,113],[-19,-4],[17,18],[-42,-8],[-23,106],[-45,34],[7,101],[-132,107],[20,43],[-32,69],[-37,15],[-55,99],[-372,402],[-175,100],[-80,-12],[-95,37],[-93,90],[-52,18],[-32,-36],[-57,32],[-109,-10],[-48,40],[-81,1],[-68,-33],[-302,31],[-75,50],[-135,-20],[-27,89],[-53,35],[25,53],[-72,121],[-17,-8],[8,58],[-77,79],[18,9],[-44,106],[-65,8],[24,39],[-85,103],[26,29],[-35,19],[8,88],[-46,-3],[-9,50],[-61,-1],[-34,71],[-40,14],[-27,112],[28,105],[-62,97],[-195,136],[-137,-44],[-75,58],[-49,-9],[-31,31],[-92,-27],[-25,9],[30,10],[-22,30],[-11,-16],[-18,20],[-35,-10],[0,18],[-46,-5],[-4,17],[-79,-30],[-44,18],[-37,-45],[-33,137],[-74,4],[-46,-27],[-20,26],[-90,22],[-28,47],[8,43],[-64,65],[-10,63],[-74,108],[-56,3],[-9,80],[-58,55],[62,131],[45,2],[37,36],[14,87],[-30,29],[21,12],[-20,68],[-77,66],[17,30],[-59,70],[-2,82],[-44,63],[-65,27],[16,46],[-27,21],[30,25],[-34,46],[53,22],[-19,64],[23,6],[-10,33],[51,28],[-19,43],[42,30],[-41,73],[55,102],[67,270],[15,18],[41,-20],[53,14],[46,38],[-2,26],[61,-12],[2,23],[-33,-1],[46,4],[57,46],[23,100],[74,32],[46,76],[41,14],[35,85],[-33,27],[60,57],[-21,75],[83,-17],[80,91],[87,176],[143,446],[10,99],[-39,86],[44,21],[-17,22],[19,104],[-21,2],[19,32],[-41,17],[2,-36],[-35,-39],[33,40],[-23,29],[86,25],[58,137],[-15,91],[-42,51],[-43,134],[27,11],[-15,51],[35,108],[-88,96],[16,45],[24,2],[-44,153],[59,274],[-93,190],[-29,16],[16,107],[-42,42],[21,18],[-48,169],[28,27],[-8,51],[-49,66],[16,61],[-21,29],[-51,4],[17,8],[-20,19],[17,39],[-2,21],[-20,-5],[-2,110],[-38,53],[13,22],[-36,14],[9,25],[63,12],[-43,48],[18,2],[-57,181],[58,140],[88,69],[94,10],[47,44],[-29,19],[30,15],[-21,47],[34,20],[34,-10],[27,55],[-21,9],[23,18],[16,-16],[72,86],[-14,25],[38,61],[-6,58],[109,92],[3,58],[56,60],[-9,30],[20,19],[79,-2],[75,80],[17,2],[-23,-18],[53,19],[205,142],[268,68],[103,67],[130,-5],[9,24],[52,-16],[26,24],[216,-29],[215,49],[153,-48],[85,65],[136,-38],[-17,-12],[39,-34],[119,-10],[42,25],[37,-15],[-12,17],[53,53],[41,-23],[36,22],[7,-45],[53,-8],[113,28],[133,71],[268,207],[-4,110],[59,91],[-24,29],[81,111],[11,-29],[36,-7],[37,38],[-17,13],[48,30],[51,-5],[110,89],[87,-11],[87,24],[17,23],[-20,52],[37,5],[21,-27],[63,22],[14,43],[-26,34],[35,-16],[37,25],[161,5],[52,58],[46,-12],[93,81],[80,153],[4,48],[-47,69],[147,263],[-12,49],[36,14],[23,58],[52,17],[64,139],[90,68],[31,112],[58,35],[40,67],[1,53],[26,-3],[-15,45],[20,-58],[42,10],[59,-108],[136,-140],[119,-46],[148,-23],[48,-40],[25,-90],[76,-14],[-15,-11],[22,-21],[-44,23],[82,-54],[-18,-122],[43,-149],[89,-126],[135,-21],[290,32],[169,46],[207,95],[34,49],[16,184],[31,62],[-97,271],[45,246],[-27,21],[40,-2],[45,78],[170,101],[37,87],[106,38],[186,164],[164,248],[-4,78],[107,4],[-47,21],[199,281],[10,34],[-30,38],[30,17],[-14,24],[56,13],[140,211],[-11,93],[78,-16],[44,19],[-7,18],[40,3],[23,64],[122,84],[72,148],[184,105],[51,-5],[176,77],[41,70],[118,30],[258,172],[140,59],[60,63],[146,50],[60,100],[8,-22],[34,6],[-1,-17],[55,-18],[49,31],[-42,-7],[-27,27],[43,-16],[-9,42],[66,1],[21,34],[20,100],[-33,16],[15,27],[50,-24],[51,77],[17,328],[21,3],[-48,112],[-43,30],[-85,-13],[-49,35],[-115,2],[69,2],[-40,63],[-39,-14],[-22,-68],[32,117],[26,19],[5,31],[-43,14],[-72,188],[-73,59],[-14,35],[21,6],[4,59],[-86,60],[-61,128],[-47,-2],[-84,88],[-83,-9],[-4,26],[-67,33],[-18,36],[27,28],[-43,129],[-31,19],[-9,118],[-133,48],[14,76],[-61,27],[9,34],[-46,54],[11,42],[-45,12],[5,24],[38,8],[-29,6],[8,38],[-34,-14],[0,20],[-49,3],[6,39],[-41,-10],[-10,33],[-2,-19],[-30,19],[12,25],[-62,39],[49,54],[-8,37],[-85,12],[-51,66],[-236,175],[-256,115],[-69,68],[-53,7],[12,19],[-35,44],[-46,3],[11,23],[-54,19],[11,16],[-120,40],[18,16],[-32,-1],[-91,146],[-70,49],[-5,68],[-40,4],[31,27]],[[127238,157495],[0,71],[32,-8],[49,95],[-3,47],[39,18],[-18,-80],[-58,-75],[85,-88],[-52,-47],[-36,-101],[41,-123],[55,-76],[-53,-109],[-100,-36],[-43,-55],[-70,-37],[-75,59],[-24,49],[53,36],[39,86],[161,57],[3,114],[-70,22],[9,95],[-23,27],[59,59]],[[124539,157974],[-11,21],[54,22],[101,-25],[45,27],[17,51],[-16,129],[87,76],[114,-24],[146,-142],[51,-11],[13,-61],[12,36],[-10,-49],[27,-45],[-157,-81],[-116,-17],[-156,-89],[-152,48],[-49,134]],[[127847,158332],[-181,-111],[-22,35],[-7,112],[109,84],[79,29],[28,-51],[92,2],[18,19],[-13,29],[41,36],[23,-4],[5,25],[11,-18],[4,19],[35,-13],[34,59],[44,14],[21,-39],[40,-12],[105,14],[33,-43],[6,-87],[39,-26],[37,28],[45,-19],[14,-26],[-18,-42],[49,-75],[55,6],[14,-45],[46,-19],[37,35],[36,-20],[99,-127],[-3,-77],[28,-34],[79,-40],[82,60],[52,-11],[-95,-113],[-55,-10],[-95,-115],[19,30],[-15,46],[-96,47],[-132,133],[-95,23],[-48,-37],[-91,27],[-107,-32],[-37,106],[-149,91],[-18,69],[14,47],[-37,50],[-115,13],[-44,-42]],[[108419,163204],[-48,10],[-25,35],[-14,123],[32,54],[76,-44],[14,-108],[59,6],[25,34],[21,-46],[62,-18],[15,-57],[45,-20],[-36,-40],[32,-68],[-24,-20],[-37,8],[-21,85],[-55,47],[-100,-52],[-21,71]],[[109611,167434],[43,52],[-31,97],[-32,24],[25,18],[24,-17],[2,20],[32,-31],[14,-98],[57,24],[51,-68],[-6,-96],[-37,-77],[-68,35],[-18,-14],[45,-22],[-56,16],[-52,-38],[-108,21],[-57,-52],[13,-32],[-9,20],[-20,-32],[1,29],[-20,-2],[6,-27],[-21,18],[11,-57],[66,44],[-128,-107],[-28,-3],[17,52],[-56,-6],[-40,27],[-31,109],[27,59],[107,-26],[48,24],[79,-8],[38,31],[-16,6],[102,37],[26,50]],[[114492,168510],[155,62],[33,-13],[77,81],[88,24],[22,-36],[34,-2],[34,35],[20,-90],[67,-14],[20,-27],[10,-57],[-65,-71],[63,-71],[-14,-15],[-108,18],[-13,31],[48,31],[-5,32],[-79,7],[-8,27],[-18,-3],[0,-33],[-60,-23],[-55,27],[-86,-2],[-72,-102],[-67,-15],[52,80],[-23,25],[36,38],[-4,43],[-117,-118],[-58,-29],[-30,-55],[29,-43],[-59,12],[-23,-19],[-9,-30],[104,-116],[-1,-46],[-54,23],[-57,-21],[-4,-34],[-30,-15],[-36,24],[-73,-21],[31,48],[-30,28],[-20,-20],[11,-29],[-100,-21],[-63,86],[-152,73],[-13,241],[-54,72],[56,72],[-9,-43],[20,-28],[50,-9],[29,32],[5,-25],[24,9],[11,-53],[55,-18],[97,12],[46,67],[52,-44],[157,-6],[112,13],[30,18],[-9,26]],[[113277,173988],[-33,74],[-3,195],[-45,168],[52,87],[63,-103],[41,-7],[50,-57],[54,-3],[40,30],[16,-22],[8,-49],[-50,1],[-4,-50],[-58,-25],[56,2],[-2,-33],[119,-30],[19,-35],[66,15],[29,36],[14,-20],[-41,-43],[18,-40],[-22,-138],[-102,-2],[-22,-19],[12,-38],[-31,26],[-28,-50],[-89,-8],[-32,23],[-35,-17],[-60,132]],[[117077,169854],[63,30],[56,-38],[-20,-63],[53,-80],[2,-114],[-33,-64],[-44,22],[-14,-29],[-1,20],[-46,-13],[-20,-36],[-94,136],[32,146],[66,83]],[[115197,169742],[-9,59],[84,162],[24,-9],[-11,-30],[32,0],[-8,-19],[46,3],[-15,-17],[18,-35],[28,-4],[19,31],[100,-33],[-32,-104],[-160,-49],[-23,-81],[-35,13],[-58,113]],[[109777,160638],[-70,42],[43,1],[-13,31],[33,1],[-2,26],[20,-17],[27,31],[-22,18],[22,-12],[20,23],[-16,15],[154,-139],[8,-25],[90,26],[29,100],[31,14],[44,-28],[38,57],[41,-4],[45,-64],[-72,-119],[13,4],[23,-68],[24,-13],[118,-12],[-41,-15],[25,-12],[-25,-8],[27,0],[-25,-15],[27,11],[60,-134],[-68,-191],[-32,-25],[-30,1],[1,19],[-7,-19],[-32,8],[-71,-40],[-112,55],[-25,74],[102,38],[15,-14],[-24,34],[25,-2],[6,58],[-39,-37],[-120,-27],[-11,82],[21,19],[-17,38],[-43,-18],[-22,48],[45,18],[-45,92],[-26,0],[0,-34],[-47,15],[-120,93]],[[126177,159406],[-71,-11],[-6,104],[-56,43],[7,51],[60,75],[62,3],[-18,-95],[70,-109],[-5,-41],[-43,-20]],[[128840,161598],[-12,67],[41,2],[27,43],[36,-8],[62,-79],[-38,-60],[54,-4],[1,-73],[-55,-39],[-6,34],[-45,2],[28,48],[-12,37],[-81,30]],[[119438,161853],[58,36],[9,52],[247,-147],[-93,-76],[4,-58],[-52,-85],[6,-35],[-103,-57],[-29,-51],[-174,-55],[-26,-46],[-42,45],[-3,71],[-35,5],[-77,-74],[-8,93],[28,41],[86,26],[58,70],[-23,77],[19,68],[150,100]],[[130164,160786],[-18,-128],[39,-56],[-55,-36],[-57,112],[-67,23],[-16,-25],[-48,21],[-19,-13],[-13,17],[4,61],[34,27],[-27,28],[11,24],[81,46],[59,-1],[24,34],[27,-65],[28,-7],[13,-62]],[[122990,160476],[-76,-7],[-51,-38],[-96,-5],[-13,87],[-181,63],[-3,105],[27,84],[44,7],[19,51],[34,-5],[99,71],[-51,-47],[-18,-59],[49,-16],[8,-115],[53,8],[13,61],[61,1],[24,-24],[23,21],[-24,50],[30,76],[39,-31],[61,31],[31,-20],[-2,-40],[15,30],[-5,-34],[50,-43],[-8,63],[8,-38],[4,37],[12,-27],[27,48],[-29,49],[32,61],[-58,6],[44,17],[-5,49],[-16,28],[-61,-30],[-33,10],[44,35],[-16,35],[63,-22],[98,100],[1,48],[-42,24],[63,5],[23,153],[18,-118],[94,-74],[44,56],[50,-111],[0,-67],[61,-8],[-72,-43],[-21,29],[-65,-11],[-90,-54],[-23,-43],[38,-46],[-11,-83],[26,-14],[-16,-31],[17,-23],[-60,34],[-37,-77],[-121,-38],[-119,-132],[-24,-59]],[[126633,159011],[70,-4],[-1,-138],[53,44],[34,-35],[10,-64],[95,-22],[-46,-39],[-91,12],[-35,-59],[-115,30],[-135,-15],[-39,-76],[4,-88],[-83,0],[-58,-35],[10,-40],[-30,-43],[24,-42],[-39,-42],[-88,22],[-38,-35],[-62,-8],[2,-52],[-44,-43],[-5,-36],[31,-74],[-109,-74],[-107,90],[-76,-54],[-57,27],[16,61],[-78,19],[-2,21],[43,24],[37,-21],[158,17],[27,24],[-5,28],[110,-10],[-6,28],[63,55],[10,50],[-32,31],[10,82],[40,28],[-7,64],[91,-8],[4,58],[26,-20],[46,20],[52,45],[2,37],[34,7],[-11,89],[41,22],[1,24],[-111,97],[-5,30],[-36,-15],[-33,84],[11,71],[50,45],[-15,49],[96,-81],[-4,-74],[68,-59],[75,-8],[49,65],[18,-62],[92,-24]],[[125418,159174],[-69,-13],[-32,44],[-90,32],[-8,34],[10,24],[97,10],[45,-47],[109,16],[6,18],[-30,13],[34,35],[-33,28],[-11,54],[47,39],[23,-41],[-11,-48],[42,-53],[30,-5],[-31,-49],[48,-104],[-80,-14],[-29,32],[-67,-5]],[[127654,160347],[36,72],[83,-27],[89,96],[-2,112],[-67,124],[14,75],[49,27],[79,-3],[112,-100],[52,3],[-14,10],[78,35],[9,-14],[17,25],[11,77],[-27,42],[24,72],[44,22],[24,-83],[117,-28],[3,32],[46,-34],[28,108],[32,35],[151,-77],[57,-146],[199,-86],[61,-8],[4,22],[78,7],[48,30],[5,33],[77,38],[38,-12],[19,-41],[-15,-20],[26,-22],[-17,-33],[17,-126],[71,-71],[64,-26],[6,-35],[47,-39],[-28,-113],[22,9],[-7,-49],[70,-28],[-15,-29],[21,7],[13,-33],[71,-9],[73,47],[29,82],[11,-61],[42,-33],[-5,-55],[-90,-122],[70,-53],[29,5],[-6,57],[12,-25],[58,-8],[22,-57],[50,4],[110,67],[61,-19],[109,47],[53,61],[-71,65],[8,44],[110,13],[119,162],[31,-4],[5,-35],[74,-22],[86,37],[98,-30],[150,58],[52,70],[-14,82],[-39,52],[111,55],[100,139],[96,18],[109,-69],[92,29],[8,-59],[-23,-52],[107,-49],[168,26],[84,56],[17,-18],[42,9],[39,28],[-12,30],[31,2],[-11,-69],[-191,-77],[-17,-54],[-77,-92],[-100,-12],[-11,-60],[-33,1],[-7,66],[-60,7],[-48,-98],[-46,13],[-102,-31],[-17,-94],[-32,-23],[-44,18],[-14,-30],[-33,-5],[2,-70],[-42,-48],[-34,24],[-9,75],[-84,34],[-112,-24],[-23,-25],[27,-21],[-12,-35],[-50,3],[-5,55],[-147,-15],[-62,-74],[26,-44],[-13,-52],[-76,-13],[-59,-106],[13,-36],[57,-28],[-49,-75],[-8,-82],[22,-63],[62,-34],[-15,-143],[56,-64],[-2,-30],[-39,30],[-114,-52],[-12,41],[-6,-14],[-57,71],[-59,-11],[3,32],[-60,28],[-32,-9],[-5,-58],[-143,-61],[-36,-66],[-71,3],[-22,104],[51,133],[130,97],[-26,94],[-66,36],[12,-16],[-76,-62],[-10,33],[28,19],[4,50],[-46,53],[-74,33],[-78,-27],[-66,8],[-10,40],[-104,32],[-70,0],[-24,-60],[-34,-11],[-3,-29],[-25,6],[-19,42],[26,8],[31,70],[-15,50],[-39,15],[-129,-35],[43,-10],[-58,-84],[-60,-9],[-74,-64],[21,-32],[-24,-66],[1,-120],[153,-88],[-66,4],[-62,35],[-43,-65],[-39,-5],[-17,77],[-82,71],[-85,-10],[-117,-51],[-66,51],[-172,-52],[-69,7],[-80,-72],[29,-74],[-33,-13],[-83,-133],[-26,14],[-6,78],[-45,100],[-41,21],[10,33],[59,3],[-7,111],[-92,78],[-106,40],[-37,114],[-149,22],[35,11],[31,54],[-65,22],[-18,47],[32,105],[-4,152],[-16,47],[-43,31],[10,39]],[[130863,161788],[-54,140],[14,65],[167,51],[18,-44],[43,-21],[-3,-36],[41,-62],[55,-15],[19,-59],[47,-12],[-50,1],[3,-70],[-36,25],[-62,-21],[-42,29],[-160,29]],[[111625,161740],[-31,19],[-21,-34],[-20,12],[21,33],[-62,53],[45,58],[-26,26],[84,74],[80,-37],[40,-68],[-110,-136]],[[121063,161620],[-31,3],[-34,68],[90,14],[70,-40],[25,16],[-9,316],[28,94],[46,-1],[-11,35],[89,-70],[-28,-53],[-58,-40],[8,-63],[50,-17],[-43,-83],[65,-31],[-60,-92],[6,-129],[87,-69],[35,-83],[33,2],[14,-29],[113,-48],[18,-56],[-77,-28],[-47,14],[-68,-32],[8,163],[-91,13],[-49,122],[-46,-1],[-49,88],[-84,17]],[[121850,162096],[130,235],[83,-25],[52,63],[102,-22],[-176,-161],[-58,-17],[-70,-109],[-33,4],[-13,-52],[-30,61],[-11,-68],[-83,-80],[-101,-42],[-132,35],[-33,94],[16,81],[80,68],[203,-2],[28,-62],[29,-17],[17,16]],[[128651,164970],[16,-95],[-88,-134],[-60,-10],[-19,-34],[16,38],[-49,-1],[-1,-112],[-26,-32],[99,45],[25,-40],[-113,-41],[44,-35],[-6,-31],[67,52],[13,-97],[19,-20],[31,34],[20,-20],[-30,-37],[22,-9],[2,-68],[52,16],[5,-17],[-51,-15],[22,-64],[7,57],[29,12],[25,-80],[-130,-18],[-6,-45],[159,-52],[-57,-344],[22,-9],[-22,-2],[-8,-46],[41,-3],[-9,-52],[48,-7],[54,30],[-53,-32],[-242,38],[-36,-79],[-152,67],[-36,-66],[-247,-39],[-40,-98],[19,29],[46,5],[9,-73],[-58,-6],[15,-76],[-20,0],[-1,-27],[162,-427],[-23,-27],[23,-161],[-31,-38],[-35,35],[30,-41],[-37,-30],[41,11],[-6,-90],[40,-103],[-33,-16],[46,1],[15,-40],[-22,-26],[21,8],[46,-56],[49,16],[-10,-92],[-52,7],[78,-54],[-31,3],[-21,-100],[14,-60],[-27,-24],[23,-132],[-77,-302],[-170,-222],[-14,-116],[-141,-261],[-68,-63],[-77,27],[-202,-82],[-161,-31],[-247,7],[-1,-22],[-27,27],[-70,3],[22,-69],[-65,-95],[-55,106],[-39,-40],[66,-159],[48,-11],[-17,-232],[41,-120],[-12,-34],[72,-118],[-6,-79],[-38,-16],[-30,-69],[46,-72],[37,-17],[-78,-46],[19,-3],[-10,-49],[52,-27],[-23,-38],[12,-14],[42,-22],[17,29],[21,-20],[-1,-51],[163,-71],[-29,-128],[44,-51],[123,-66],[16,-147],[-29,-29],[1,-70],[-85,-35],[-35,-63],[-52,-26],[-5,-54],[-68,-31],[-208,56],[-92,-52],[-37,28],[35,75],[-22,81],[32,83],[-30,45],[12,112],[-65,40],[102,133],[-1,114],[-54,45],[-59,-13],[-33,52],[-150,30],[-148,123],[-76,-10],[-21,40],[-35,-2],[-26,34],[10,123],[-47,60],[-68,-12],[-23,51],[-103,37],[13,-25],[-28,-21],[-12,46],[-76,-8],[4,-21],[-105,6],[15,24],[138,47],[14,53],[-25,-1],[28,66],[-77,41],[20,-116],[-70,-3],[-38,-53],[-206,-86],[-64,-86],[-93,84],[-165,64],[-43,71],[-66,2],[-21,45],[-221,186],[-99,-16],[-71,-100],[47,-50],[39,3],[18,42],[-17,-77],[-71,-8],[-70,24],[-42,40],[20,38],[-15,71],[11,19],[75,3],[8,29],[-39,132],[-92,147],[-72,39],[-30,-19],[-38,18],[-24,-2],[1,-29],[21,-2],[-29,1],[-1,13],[-19,-5],[19,-27],[-155,5],[-111,81],[-17,82],[30,29],[6,48],[-77,-98],[8,-43],[-15,-2],[0,119],[-117,147],[-137,53],[-42,-15],[-7,39],[-45,45],[-33,-13],[-185,74],[-104,118],[1,35],[-192,-37],[93,60],[9,104],[35,10],[-33,-7],[-24,40],[-33,-14],[-27,55],[13,62],[-17,-44],[-37,10],[-8,-72],[-33,16],[59,140],[-36,-54],[-32,20],[-47,-74],[-35,28],[54,33],[-14,11],[32,116],[-45,-112],[-146,31],[-46,-21],[68,161],[-92,-170],[-3,21],[-63,25],[-22,-49],[34,-8],[-1,-40],[-83,-48],[-110,-150],[-203,-75],[-127,-12],[-5,-30],[63,-64],[80,-19],[40,55],[128,-33],[-23,-96],[70,30],[23,-32],[-76,-107],[-93,-25],[-156,151],[-65,-7],[-67,-53],[-92,36],[-56,-28],[13,42],[-31,22],[-65,-2],[-21,48],[88,71],[120,11],[25,29],[16,31],[-39,8],[-42,81],[198,209],[13,77],[-4,-46],[26,-1],[67,104],[40,16],[66,-21],[55,52],[-18,59],[111,17],[-21,-80],[27,41],[20,-14],[-23,53],[51,-4],[12,97],[-86,-29],[-43,128],[-82,49],[-23,-32],[21,33],[-43,27],[-32,-27],[-16,11],[18,28],[-39,-5],[18,18],[-13,18],[-24,-37],[-5,41],[-82,-54],[13,-46],[-148,-149],[38,-28],[-11,-23],[-103,45],[70,112],[44,130],[88,92],[26,-20],[40,16],[-6,27],[-24,-2],[2,37],[-29,-35],[-6,19],[-33,-20],[-10,18],[45,73],[36,-26],[-25,92],[-21,3],[-32,-80],[-33,-6],[8,39],[-25,-49],[-9,19],[-92,3],[6,88],[25,10],[-20,9],[-32,-20],[-8,-105],[-103,0],[5,73],[-25,-2],[13,-72],[-88,-3],[-7,90],[-23,-2],[0,-47],[-54,9],[0,-43],[32,-12],[-48,-77],[-154,-42],[-35,65],[-36,-13],[23,41],[-62,62],[71,66],[53,12],[0,43],[95,-1],[43,69],[42,13],[-61,-8],[-28,-40],[-47,12],[27,62],[-16,22],[-46,-80],[-51,0],[-20,91],[-24,14],[19,-108],[-31,3],[-57,-43],[22,-26],[-132,12],[-3,-26],[-21,11],[-20,-30],[-85,-36],[-46,53],[-37,-17],[-62,15],[12,-46],[-41,-58],[-43,37],[-50,-12],[-35,-38],[27,-32],[-34,-44],[5,-33],[-130,17],[56,57],[-27,52],[-30,-28],[-70,-9],[-14,38],[-47,3],[-16,-61],[-31,-26],[48,-52],[-30,-4],[0,-51],[-47,24],[-19,-20],[-18,37],[-32,-3],[-87,-67],[-240,-61],[41,65],[-57,78],[-120,17],[-163,-120],[-67,-180],[-93,-77],[-20,-44],[-110,115],[-1,97],[29,12],[7,37],[-41,35],[-27,-8],[-144,-114],[-21,6],[-33,-106],[-45,-18],[-4,-45],[-263,-145],[-14,-91],[-111,-41],[-61,-52],[-22,21],[-41,-26],[7,-38],[-67,-21],[-94,33],[-98,-3],[-17,31],[12,64],[-45,44],[-77,-84],[-46,35],[-66,-19],[13,124],[79,44],[-19,43],[-30,-15],[29,16],[-78,106],[-67,35],[-27,-29],[-130,48],[-52,83],[-63,-56],[-139,153],[-99,-73],[21,-15],[-32,-11],[3,-97],[-27,-5],[46,2],[28,-109],[25,5],[-2,38],[65,-58],[42,5],[12,-100],[-97,-24],[-152,-110],[-32,-2],[-35,32],[-25,-22],[-11,-23],[23,-46],[58,-34],[40,-62],[-31,-97],[-65,-9],[-28,116],[-84,10],[-85,-60],[-3,-138],[-51,-7],[-28,15],[-4,66],[-37,43],[-50,8],[-32,-35],[-46,12],[20,96],[13,-5],[-1,-21],[24,-14],[20,6],[21,27],[-35,-31],[-24,15],[35,90],[51,-34],[-50,37],[34,112],[-37,8],[1,17],[25,-5],[-26,41],[17,7],[-41,61],[-78,21],[-76,-23],[35,-49],[-36,-25],[-19,29],[9,6],[-7,-7],[18,-26],[20,14],[-16,22],[-10,-7],[0,10],[-40,-27],[15,-6],[-3,-14],[7,-11],[23,14],[-23,-16],[-18,-7],[-11,4],[-18,-47],[-22,-3],[-24,-74],[31,-56],[-24,-23],[-40,22],[-70,-56],[-18,-35],[14,-90],[-44,-26],[-17,14],[18,140],[-38,56],[55,-9],[53,29],[-6,41],[62,164],[-13,38],[48,-2],[-13,21],[66,90],[51,8],[-190,89],[-48,-28],[-59,26],[2,146],[40,74],[18,157],[-66,30],[-76,-16],[-40,-31],[-22,-138],[-20,-6],[4,-63],[49,-61],[-219,-64],[23,-33],[158,-59],[-73,-229],[-62,-72],[-15,34],[9,-42],[-44,-52],[-96,-45],[-37,-95],[19,-29],[-15,-62],[-32,34],[-55,-23],[-19,14],[-77,-82],[62,-95],[-22,1],[8,-76],[45,2],[-55,-57],[34,18],[38,-20],[6,-35],[-51,-21],[-54,20],[-17,-39],[-33,1],[-2,-32],[-77,-51],[-39,-68],[-87,-38],[-75,8],[-79,43],[-54,-23],[-38,-73],[-50,-20],[22,19],[-13,15],[-64,-35],[-61,-115],[-60,18],[-81,-81],[-61,-12],[-19,19],[4,-32],[-60,-20],[12,-12],[163,58],[-3,-43],[-334,-186],[-44,30],[-39,-9],[31,25],[-20,18],[-12,-26],[-6,32],[-27,-19],[-62,10],[-25,-24],[-8,29],[-49,8],[-39,64],[76,51],[33,-55],[20,13],[-49,80],[-275,-159],[-32,53],[64,62],[-12,37],[130,29],[76,76],[-35,16],[-33,-40],[-18,14],[48,61],[-52,18],[-19,-18],[-17,16],[33,27],[-44,45],[-80,-54],[22,-78],[-58,-72],[9,-18],[-121,-66],[-99,48],[18,52],[145,79],[-8,18],[92,132],[-31,55],[-1,-66],[-67,-107],[-14,28],[33,217],[28,45],[-46,-16],[-27,-76],[14,-57],[-16,-104],[-189,26],[1,-102],[-221,-38],[-133,-49],[10,-119],[-99,-2],[-130,205],[-29,27],[-21,-14],[-14,47],[-25,-3],[18,37],[-84,52],[18,10],[-19,24],[14,97],[153,37],[-44,13],[4,79],[-5,-49],[-27,1],[-8,-26],[-43,7],[2,58],[27,31],[59,3],[79,-27],[1,18],[-69,20],[13,27],[74,4],[5,33],[-72,-7],[-10,56],[-52,-64],[-54,-9],[7,65],[77,17],[-88,117],[-198,144],[60,144],[-235,-8],[20,-44],[-18,-28],[77,-104],[0,-18],[-73,3],[-24,83],[-148,104],[-49,63],[-40,123],[-68,55],[-27,108],[-117,137],[-84,62],[-16,-30],[-48,-4],[45,5],[11,22],[-91,-9],[6,22],[-27,12],[-27,-69],[-259,99],[-49,-14],[10,35],[-14,-18],[-183,36],[-18,22],[31,63],[-8,48],[-70,56],[11,57],[-22,-18],[-71,12],[-60,-131],[-57,-52],[48,-46],[-15,-58],[-159,-102],[-64,-102],[-23,9],[-33,-19],[-66,-72],[10,-9],[-48,-61],[19,-48],[-56,-91],[11,-38],[17,10],[-11,-27],[67,-39],[-39,-64],[-84,49],[0,30],[-17,-47],[35,-21],[-25,-74],[-79,26],[37,-55],[31,1],[-3,-67],[-78,-70],[-33,3],[-89,-55],[-55,-83],[-266,-165],[-173,-175],[-40,3],[21,-15],[-56,-66],[-33,1],[1,-30],[-52,-25],[-1,51],[-47,-20],[11,-34],[-94,-1],[-8,-34],[43,-9],[0,-21],[-48,11],[-5,-21],[80,-21],[-11,-51],[-183,8],[-13,25],[18,68],[68,100],[-9,28],[-95,44],[-51,3],[-15,-41],[-33,22],[107,146],[-17,16],[20,51],[-11,50],[47,74],[9,62],[-15,55],[-49,25],[3,39],[-40,32],[-4,59],[18,6],[-27,6],[8,136],[56,48],[37,98],[7,154],[-24,64],[-60,44],[-79,-25],[-14,17],[145,289],[-32,262],[-58,66],[-34,1],[-23,-30],[-27,15],[-6,82],[19,7],[-46,-1],[-52,41],[-20,-36],[30,-11],[-38,-12],[-21,-57],[-49,29],[-18,48],[17,59],[-88,44],[-5,74],[-78,15],[74,55],[-22,58],[-74,47],[-18,-61],[-25,20],[15,50],[24,4],[-8,94],[-25,25],[14,10],[-49,55],[-52,-1],[-55,39],[-14,106],[67,52],[-12,99],[23,28],[9,146],[-20,38],[20,57],[105,27],[61,-35],[22,85],[78,8],[-24,-74],[17,-23],[86,-22],[71,24],[88,81],[19,100],[-68,20],[2,62],[-53,14],[43,21],[75,-28],[56,96],[78,-6],[162,188],[43,136],[-46,-3],[4,31],[72,48],[32,94],[-27,63],[-1,153],[-28,35],[21,6],[1,50],[-30,84],[-82,-7],[-92,39],[43,82],[-4,55],[40,22],[14,61],[-6,129],[-29,75],[-281,223],[-51,181],[-69,38],[-24,50],[-23,-6],[20,25],[-37,8],[4,-29],[-12,39],[-165,120],[-15,41],[-57,24],[-30,46],[43,62],[-4,29],[44,34],[124,-7],[52,88],[2,64],[-30,21],[28,97],[30,27],[-13,-28],[79,-31],[15,35],[-31,9],[-15,79],[13,12],[35,-31],[52,18],[-85,25],[15,25],[43,-4],[3,62],[30,14],[-21,13],[-50,-49],[7,32],[-26,-4],[19,64],[-13,47],[19,-6],[8,26],[-16,16],[-50,-24],[37,114],[-29,89],[13,40],[120,67],[3,58],[35,-20],[-30,69],[22,87],[30,-23],[39,27],[73,-145],[42,-10],[-10,-33],[41,1],[26,33],[42,-5],[-15,-36],[54,-26],[-11,-41],[30,15],[-15,-90],[44,-15],[50,24],[-21,37],[18,37],[45,13],[-15,28],[17,36],[70,-17],[75,57],[-3,-36],[47,-4],[43,37],[110,18],[49,49],[29,-2],[-22,20],[44,56],[92,17],[23,-35],[94,28],[53,76],[81,-14],[44,77],[36,-11],[40,37],[69,-57],[97,54],[34,-21],[38,16],[0,21],[17,-21],[0,20],[28,0],[10,-31],[33,12],[55,-44],[107,5],[-23,226],[-71,67],[-51,7],[-3,26],[-60,-4],[-67,226],[-51,-6],[-21,-43],[-119,-57],[-264,35],[-42,-18],[-101,82],[14,38],[-22,13],[-80,-40],[-79,9],[-29,34],[-53,-42],[-29,7],[-38,-45],[8,-42],[84,-50],[-26,-49],[8,-88],[-140,-21],[-98,67],[-74,7],[52,34],[-11,35],[39,70],[-18,48],[126,-5],[172,138],[9,40],[-32,96],[51,115],[28,19],[102,-1],[43,57],[-11,68],[21,45],[-31,37],[9,20],[10,-16],[19,12],[3,-41],[66,-29],[19,-40],[86,-7],[15,-33],[209,-79],[-2,-85],[28,-26],[-26,22],[-4,-40],[40,-58],[-17,-18],[186,-64],[105,6],[92,-26],[76,33],[75,-31],[49,15],[-5,22],[14,10],[-11,-20],[18,-12],[12,15],[-21,6],[30,-2],[43,47],[68,1],[79,97],[74,-49],[1,55],[31,36],[25,-18],[23,26],[24,-31],[157,-50],[139,12],[8,-29],[23,10],[87,-81],[39,-8],[50,-72],[63,40],[153,10],[24,41],[-12,44],[37,5],[-12,-108],[73,-62],[-6,-32],[54,-85],[-3,-94],[-20,6],[-12,-55],[67,-79],[18,-94],[72,3],[47,-51],[19,-70],[39,-16],[162,4],[104,42],[24,40],[5,-39],[10,21],[17,-15],[-16,32],[42,-2],[57,50],[38,0],[88,131],[15,91],[40,56],[44,-12],[-15,-42],[9,12],[10,-22],[-26,-17],[17,9],[3,-53],[21,5],[0,11],[3,0],[-1,17],[1,3],[22,6],[-22,-9],[1,-28],[2,-4],[17,24],[-8,-41],[-31,8],[44,-21],[-35,-17],[89,-110],[-4,-26],[-31,3],[-17,-68],[130,-62],[35,1],[110,130],[-56,106],[40,22],[-10,52],[27,50],[63,-74],[83,39],[98,-116],[70,-7],[5,-31],[107,39],[5,102],[24,-74],[50,-25],[37,36],[13,-15],[59,34],[18,37],[60,4],[53,-14],[-7,-65],[34,-25],[27,25],[17,-11],[31,44],[5,-34],[53,-5],[20,-74],[67,57],[44,-28],[88,15],[8,76],[77,-10],[59,68],[56,-7],[60,35],[54,101],[-11,49],[-9,-31],[-11,33],[17,9],[-13,53],[40,10],[-20,33],[37,55],[-4,37],[74,26],[9,39],[23,-8],[-1,-34],[55,12],[25,-26],[50,40],[61,-98],[45,-13],[84,11],[31,31],[37,-6],[23,38],[42,-2],[24,-35],[57,-22],[21,-56],[-6,35],[34,30],[-52,48],[-19,-22],[-37,7],[81,69],[-19,72],[83,-6],[31,-34],[-4,-40],[77,-8],[77,44],[14,17],[-17,14],[39,16],[-13,19],[23,-22],[17,90],[107,7],[42,-36],[-7,-23],[68,44],[-9,25],[-24,-7],[3,41],[-29,-23],[-40,51],[30,38],[31,2],[8,-28],[50,33],[-68,45],[18,33],[38,-10],[19,-54],[28,7],[13,54],[-35,27],[19,18],[-74,22],[-47,43],[-34,2],[-13,-52],[-136,36],[-30,29],[3,65],[-29,36],[46,71],[-8,22],[15,-17],[42,13],[49,-43],[33,-75],[74,-25],[-44,-1],[57,-34],[46,0],[7,56],[110,27],[9,57],[131,142],[5,26],[-48,72],[54,1],[21,-34],[56,13],[49,61],[0,49],[33,-23],[-11,37],[-27,-11],[-54,47],[1,38],[85,37],[90,-85],[115,91],[16,74],[60,91],[-5,42],[-26,0],[26,37],[-23,10],[-70,-34],[-28,47],[9,61],[-36,37],[-61,-38],[-25,12],[65,71],[-4,35],[-48,17],[8,24],[-22,12],[43,-3],[8,61],[28,0],[-4,84],[106,80],[53,131],[43,-80],[29,-13],[80,19],[45,-40],[36,29],[70,4],[70,-37],[112,29],[40,30],[36,123],[97,100],[5,71],[86,30],[-20,38],[56,-22],[58,55],[74,4],[78,58],[21,103],[99,40],[98,130],[-16,65],[33,72],[-73,84],[94,107],[8,41],[-45,82],[46,94],[-16,35],[45,46],[62,25],[6,25],[13,-14],[83,27],[109,-32],[9,46],[-36,28],[12,11],[119,-29],[-9,-40],[-33,7],[65,-42],[34,15],[-11,37],[22,8],[79,-20],[29,34],[38,-11],[7,16],[-51,25],[36,36],[31,-14],[33,21],[-35,20],[13,20],[-40,56],[6,-76],[-21,27],[-56,1],[-36,53],[4,-51],[-43,-45],[-43,77],[46,17],[-6,32],[37,22],[-18,45],[15,27],[-49,10],[-4,54],[78,9],[46,182],[60,69],[74,12],[49,69],[37,-43],[29,16],[42,-32],[93,35],[30,-4],[18,-36],[53,23],[3,-30],[81,-25],[25,-41],[-13,-40],[31,-6],[-48,-64],[3,-67],[-31,-27],[79,-29],[3,-58],[87,4],[-39,26],[19,43],[25,-23],[-9,24],[25,21],[-97,13],[13,96],[7,-17],[101,34],[24,-14],[6,70],[67,-49],[35,13],[23,17],[-13,42],[37,19],[49,-10],[24,86],[40,-5],[-27,53],[-30,-2],[-2,39],[-38,20],[1,74],[63,15],[6,-59],[59,-3],[2,40],[29,15],[4,-32],[34,23],[33,-19],[7,45],[40,1],[37,56]]],"transform":{"scale":[0.00007238064034161497,0.00006161696752352537],"translate":[122.933749,24.045733]},"objects":{"JPNADM1gbOpen":{"type":"GeometryCollection","geometries":[{"arcs":[[[0]],[[1]],[[2]],[[3]],[[4]],[[5]],[[6,7,8,9,10]]],"type":"MultiPolygon","properties":{"shapeName":"Osaka Prefecture","shapeISO":"JP-27","shapeID":"47310658B55038426470858","shapeGroup":"JPN","shapeType":"ADM1"}},{"arcs":[[[11]],[[12]],[[13]],[[14]],[[15,16,17,18]]],"type":"MultiPolygon","properties":{"shapeName":"Oita","shapeISO":"JP-44","shapeID":"47310658B53666900505284","shapeGroup":"JPN","shapeType":"ADM1"}},{"arcs":[[[19]],[[20]],[[21]],[[22]],[[23]],[[24]],[[25]],[[26]],[[27]],[[28]],[[29]],[[30]],[[31]],[[32]],[[33]],[[-7,34,35,36,37,38]]],"type":"MultiPolygon","properties":{"shapeName":"Hyogo Prefecture","shapeISO":"JP-28","shapeID":"47310658B99690886618857","shapeGroup":"JPN","shapeType":"ADM1"}},{"arcs":[[39,40,41,42,43]],"type":"Polygon","properties":{"shapeName":"Fukui Prefecture","shapeISO":"JP-18","shapeID":"47310658B56113460554138","shapeGroup":"JPN","shapeType":"ADM1"}},{"arcs":[[-43,44,45,46]],"type":"Polygon","properties":{"shapeName":"Shiga","shapeISO":"JP-25","shapeID":"47310658B66619598690773","shapeGroup":"JPN","shapeType":"ADM1"}},{"arcs":[[-9,47,48,49,50,51,52,53]],"type":"Polygon","properties":{"shapeName":"Nara Prefecture","shapeISO":"JP-29","shapeID":"47310658B6129583352403","shapeGroup":"JPN","shapeType":"ADM1"}},{"arcs":[[-42,54,55,56,57,58,-45]],"type":"Polygon","properties":{"shapeName":"Gifu Prefecture","shapeISO":"JP-21","shapeID":"47310658B28580642450327","shapeGroup":"JPN","shapeType":"ADM1"}},{"arcs":[[[59]],[[60]],[[61]],[[-46,-59,62,63,64,-53,65,-51,66,-49,67]]],"type":"MultiPolygon","properties":{"shapeName":"Mie Prefecture","shapeISO":"JP-24","shapeID":"47310658B36253982271084","shapeGroup":"JPN","shapeType":"ADM1"}},{"arcs":[[[68]],[[69]],[[-52,-66]],[[-10,-54,-65,70]],[[-50,-67]],[[71]]],"type":"MultiPolygon","properties":{"shapeName":"Wakayama Prefecture","shapeISO":"JP-30","shapeID":"47310658B18585040133157","shapeGroup":"JPN","shapeType":"ADM1"}},{"arcs":[[[72]],[[73]],[[74]],[[75]],[[76]],[[77]],[[78]],[[79]],[[80]],[[81]],[[82]],[[83]],[[84]],[[85]],[[86]],[[87]],[[88]],[[89]],[[90]],[[91]],[[92]],[[93]],[[94]],[[95]],[[96]],[[97]],[[98]],[[99]],[[100]],[[101]],[[102,103,104,105,106]]],"type":"MultiPolygon","properties":{"shapeName":"Tokyo","shapeISO":"JP-13","shapeID":"47310658B199342310790","shapeGroup":"JPN","shapeType":"ADM1"}},{"arcs":[[[107]],[[108]],[[109]],[[110]],[[111]],[[-19,112,113,114,115]],[[116]],[[117]],[[118]],[[119]]],"type":"MultiPolygon","properties":{"shapeName":"Fukuoka Prefecture","shapeISO":"JP-40","shapeID":"47310658B84955483384411","shapeGroup":"JPN","shapeType":"ADM1"}},{"arcs":[[[-107,120,121,122,123,124,125]],[[126]]],"type":"MultiPolygon","properties":{"shapeName":"Saitama","shapeISO":"JP-11","shapeID":"47310658B92659408322453","shapeGroup":"JPN","shapeType":"ADM1"}},{"arcs":[[127,128,129,130,131,132,133]],"type":"Polygon","properties":{"shapeName":"Fukushima","shapeISO":"JP-07","shapeID":"47310658B52822170400832","shapeGroup":"JPN","shapeType":"ADM1"}},{"arcs":[[-124,134,-132,135]],"type":"Polygon","properties":{"shapeName":"Tochigi","shapeISO":"JP-09","shapeID":"47310658B20461581662238","shapeGroup":"JPN","shapeType":"ADM1"}},{"arcs":[[136,137,138]],"type":"Polygon","properties":{"shapeName":"Aomori","shapeISO":"JP-02","shapeID":"47310658B70834199776359","shapeGroup":"JPN","shapeType":"ADM1"}},{"arcs":[[[-115,139,140,141]],[[142]],[[143]],[[144]],[[145]]],"type":"MultiPolygon","properties":{"shapeName":"Saga Prefecture","shapeISO":"JP-41","shapeID":"47310658B53717877461658","shapeGroup":"JPN","shapeType":"ADM1"}},{"arcs":[[[146]],[[147]],[[148]],[[149]],[[150]],[[151]],[[152]],[[153]],[[154]],[[155]],[[156]],[[157]],[[158]],[[159]],[[160]],[[161]],[[162]],[[163]],[[164]],[[165]],[[166]],[[167]],[[168]],[[169]],[[170]],[[171]],[[172]],[[173]],[[174]],[[175]],[[176]],[[177]],[[178]],[[179]],[[-141,180]],[[181]],[[182]],[[183]],[[184]],[[185]],[[186]],[[187]],[[188]],[[189]],[[190]],[[191]],[[192]],[[193]],[[194]],[[195]],[[196]]],"type":"MultiPolygon","properties":{"shapeName":"Nagasaki Prefecture","shapeISO":"JP-42","shapeID":"47310658B82893106270036","shapeGroup":"JPN","shapeType":"ADM1"}},{"arcs":[[[197]],[[198]],[[-17,199,200,201]]],"type":"MultiPolygon","properties":{"shapeName":"Miyazaki Prefecture","shapeISO":"JP-45","shapeID":"47310658B9011809709100","shapeGroup":"JPN","shapeType":"ADM1"}},{"arcs":[[[202]],[[203]],[[204]],[[205]],[[206]],[[207]],[[208]],[[209]],[[210]],[[211]],[[212]],[[213]],[[-18,-202,214,215,-113]]],"type":"MultiPolygon","properties":{"shapeName":"Kumamoto","shapeISO":"JP-43","shapeID":"47310658B50146545060878","shapeGroup":"JPN","shapeType":"ADM1"}},{"arcs":[[[216]],[[217]],[[218]],[[219]],[[220]],[[221]],[[222]],[[223]],[[224]],[[225]],[[226]],[[227]],[[228]],[[229]],[[230]],[[231]],[[232]],[[233]],[[234]],[[235]],[[236]],[[237]],[[238]],[[239]],[[240]],[[-201,241,-215]],[[242]],[[243]],[[244]],[[245]],[[246]],[[247]],[[248]],[[249]],[[250]]],"type":"MultiPolygon","properties":{"shapeName":"Kagoshima Prefecture","shapeISO":"JP-46","shapeID":"47310658B56795339529760","shapeGroup":"JPN","shapeType":"ADM1"}},{"arcs":[[-123,251,252,-133,-135],[-127]],"type":"Polygon","properties":{"shapeName":"Gunma","shapeISO":"JP-10","shapeID":"47310658B57998234967550","shapeGroup":"JPN","shapeType":"ADM1"}},{"arcs":[[-8,-39,253,-44,-47,-68,-48]],"type":"Polygon","properties":{"shapeName":"Kyoto Prefecture","shapeISO":"JP-26","shapeID":"47310658B94014236912993","shapeGroup":"JPN","shapeType":"ADM1"}},{"arcs":[[[-103,-126,254,255]],[[256]],[[257]]],"type":"MultiPolygon","properties":{"shapeName":"Chiba","shapeISO":"JP-12","shapeID":"47310658B1351727290704","shapeGroup":"JPN","shapeType":"ADM1"}},{"arcs":[[-125,-136,-131,258,-255]],"type":"Polygon","properties":{"shapeName":"Ibaraki","shapeISO":"JP-08","shapeID":"47310658B31759366295450","shapeGroup":"JPN","shapeType":"ADM1"}},{"arcs":[[[259]],[[-105,260,261,262]],[[263]],[[264]]],"type":"MultiPolygon","properties":{"shapeName":"Kanagawa","shapeISO":"JP-14","shapeID":"47310658B16920518838967","shapeGroup":"JPN","shapeType":"ADM1"}},{"arcs":[[[265]],[[266]],[[267]],[[268]],[[269]],[[270]],[[271]],[[272]],[[273]],[[274]],[[275]],[[276]],[[277]],[[278]],[[279]],[[280]],[[281]],[[282]],[[283]],[[284]],[[285]],[[286]],[[287]],[[288]],[[289]],[[290]],[[291]],[[292,293,294,295,296]]],"type":"MultiPolygon","properties":{"shapeName":"Hiroshima","shapeISO":"JP-34","shapeID":"47310658B84769036468911","shapeGroup":"JPN","shapeType":"ADM1"}},{"arcs":[[-37,297,-293,298,299]],"type":"Polygon","properties":{"shapeName":"Tottori Prefecture","shapeISO":"JP-31","shapeID":"47310658B78383189487115","shapeGroup":"JPN","shapeType":"ADM1"}},{"arcs":[[[-297,300,301,-299]],[[302]],[[303]],[[304]],[[305]]],"type":"MultiPolygon","properties":{"shapeName":"Shimane","shapeISO":"JP-32","shapeID":"47310658B41093195623763","shapeGroup":"JPN","shapeType":"ADM1"}},{"arcs":[[[306]],[[-134,-253,307,308,309,310]],[[311]],[[312]]],"type":"MultiPolygon","properties":{"shapeName":"Niigata","shapeISO":"JP-15","shapeID":"47310658B84734951454670","shapeGroup":"JPN","shapeType":"ADM1"}},{"arcs":[[-57,313,-308,-252,-122,314,315,316]],"type":"Polygon","properties":{"shapeName":"Nagano","shapeISO":"JP-20","shapeID":"47310658B40291932252870","shapeGroup":"JPN","shapeType":"ADM1"}},{"arcs":[[[317]],[[318]],[[319]],[[320]],[[321]],[[322]],[[323]],[[324]],[[325]],[[326]],[[-58,-317,327,328,-63]]],"type":"MultiPolygon","properties":{"shapeName":"Aichi Prefecture","shapeISO":"JP-23","shapeID":"47310658B49885151916407","shapeGroup":"JPN","shapeType":"ADM1"}},{"arcs":[[-106,-263,329,-315,-121]],"type":"Polygon","properties":{"shapeName":"Yamanashi","shapeISO":"JP-19","shapeID":"47310658B89229150671737","shapeGroup":"JPN","shapeType":"ADM1"}},{"arcs":[[[330]],[[331]],[[332]],[[333]],[[334]],[[335]],[[336]],[[-129,337,338,339,340]]],"type":"MultiPolygon","properties":{"shapeName":"Miyagi","shapeISO":"JP-04","shapeID":"47310658B93104231283628","shapeGroup":"JPN","shapeType":"ADM1"}},{"arcs":[[[-128,-311,341,342,-338]],[[343]]],"type":"MultiPolygon","properties":{"shapeName":"Yamagata","shapeISO":"JP-06","shapeID":"47310658B1770087263252","shapeGroup":"JPN","shapeType":"ADM1"}},{"arcs":[[-138,344,-339,-343,345]],"type":"Polygon","properties":{"shapeName":"Akita","shapeISO":"JP-05","shapeID":"47310658B79582216473080","shapeGroup":"JPN","shapeType":"ADM1"}},{"arcs":[[-137,346,-340,-345]],"type":"Polygon","properties":{"shapeName":"Iwate","shapeISO":"JP-03","shapeID":"47310658B25007192225139","shapeGroup":"JPN","shapeType":"ADM1"}},{"arcs":[[-56,347,348,-309,-314]],"type":"Polygon","properties":{"shapeName":"Toyama","shapeISO":"JP-16","shapeID":"47310658B23327126724630","shapeGroup":"JPN","shapeType":"ADM1"}},{"arcs":[[-262,349,-328,-316,-330]],"type":"Polygon","properties":{"shapeName":"Shizuoka","shapeISO":"JP-22","shapeID":"47310658B25198997079345","shapeGroup":"JPN","shapeType":"ADM1"}},{"arcs":[[[-41,350,-348,-55]],[[351]]],"type":"MultiPolygon","properties":{"shapeName":"Ishikawa Prefecture","shapeISO":"JP-17","shapeID":"47310658B64524405341851","shapeGroup":"JPN","shapeType":"ADM1"}},{"arcs":[[[352]],[[353]],[[354]],[[355]],[[356]],[[357]],[[358]],[[359]],[[360]],[[361]],[[362]],[[363]],[[-36,364,-294,-298]]],"type":"MultiPolygon","properties":{"shapeName":"Okayama Prefecture","shapeISO":"JP-33","shapeID":"47310658B14484689696833","shapeGroup":"JPN","shapeType":"ADM1"}},{"arcs":[[[365]],[[366]],[[367]],[[368]],[[369]],[[370,371,372,373]]],"type":"MultiPolygon","properties":{"shapeName":"Tokushima Prefecture","shapeISO":"JP-36","shapeID":"47310658B83740553463450","shapeGroup":"JPN","shapeType":"ADM1"}},{"arcs":[[[374]],[[-374,375,376]],[[377]]],"type":"MultiPolygon","properties":{"shapeName":"Kochi Prefecture","shapeISO":"JP-39","shapeID":"47310658B3517091690","shapeGroup":"JPN","shapeType":"ADM1"}},{"arcs":[[[378]],[[379]],[[380]],[[381]],[[382]],[[383]],[[384]],[[385]],[[386]],[[387]],[[388]],[[389]],[[390]],[[391]],[[392]],[[393]],[[394]],[[395]],[[396]],[[397]],[[398]],[[399]],[[400]],[[401]],[[402]],[[-371,-377,403,404]],[[405]],[[406]],[[407]],[[408]]],"type":"MultiPolygon","properties":{"shapeName":"Ehime Prefecture","shapeISO":"JP-38","shapeID":"47310658B51488753471902","shapeGroup":"JPN","shapeType":"ADM1"}},{"arcs":[[[409]],[[410]],[[411]],[[-372,-405,412]],[[413]],[[414]],[[415]],[[416]],[[417]],[[418]],[[419]],[[420]],[[421]],[[422]],[[423]],[[424]],[[425]]],"type":"MultiPolygon","properties":{"shapeName":"Kagawa Prefecture","shapeISO":"JP-37","shapeID":"47310658B61159371292051","shapeGroup":"JPN","shapeType":"ADM1"}},{"arcs":[[[426]],[[427]],[[428]],[[429]],[[430]],[[431]],[[432]],[[433]],[[434]],[[435]],[[436]],[[437]],[[438]],[[439]],[[440]],[[441]],[[442]],[[443]],[[444]],[[445]],[[446]],[[447]],[[448]],[[449]],[[450]],[[451]],[[452]],[[453]],[[454]],[[455]],[[456]],[[457]],[[458]],[[459]],[[460]],[[461]],[[462]],[[463]],[[464]],[[465]],[[466]],[[467]],[[468]],[[469]],[[470]],[[471]],[[472]],[[473]],[[474]]],"type":"MultiPolygon","properties":{"shapeName":"Okinawa Prefecture","shapeISO":"JP-47","shapeID":"47310658B31569081891025","shapeGroup":"JPN","shapeType":"ADM1"}},{"arcs":[[[475]],[[476]],[[477]],[[478]],[[479]],[[480]],[[481]],[[482]],[[483]],[[484]],[[485]]],"type":"MultiPolygon","properties":{"shapeName":"Hokkaido","shapeISO":"JP-01","shapeID":"47310658B99930143900280","shapeGroup":"JPN","shapeType":"ADM1"}},{"arcs":[[[486]],[[487]],[[488]],[[489]],[[490]],[[491]],[[492]],[[493]],[[494]],[[495]],[[496]],[[497]],[[498]],[[499]],[[500]],[[501]],[[502]],[[503]],[[504]],[[505]],[[506]],[[507]],[[-296,508,-301]]],"type":"MultiPolygon","properties":{"shapeName":"Yamaguchi","shapeISO":"JP-35","shapeID":"47310658B89542195514726","shapeGroup":"JPN","shapeType":"ADM1"}}]}}}